cycle,actual_acc,actual_valid
0,0,1
1,50,1
2,0,1
3,-50,1
4,0,1
5,16129,1
6,32513,1
7,16257,1
8,1,1
9,1,0
10,1,0
11,0,0
12,28,1
13,0,0
14,0,0
15,0,0
16,0,0
17,0,0
18,2604,1
19,6924,1
20,6924,0
21,7496,1
22,7496,0
23,7496,0
24,7496,0
25,7496,0
26,0,0
27,0,0
28,0,0
29,0,0
30,0,0
31,0,0
32,0,0
33,0,0
34,0,0
35,0,0
36,3388,1
37,3388,0
38,3388,0
39,3388,0
40,3388,0
41,3388,0
42,12108,1
43,12108,0
44,12108,0
45,14730,1
46,14730,0
47,13545,1
48,13545,0
49,13545,0
50,13545,0
51,13545,0
52,21145,1
53,21145,0
54,21145,0
55,0,0
56,0,0
57,0,0
58,0,0
59,0,0
60,0,0
61,0,0
62,0,0
63,0,0
64,0,0
65,0,0
66,0,0
67,0,0
68,0,0
69,-2597,1
70,1626,1
71,1626,0
72,1626,0
73,1626,0
74,1626,0
75,1626,0
76,0,0
77,-816,1
78,164,1
79,164,0
80,164,0
81,164,0
82,-1068,1
83,-1068,0
84,-1068,0
85,-1068,0
86,-1068,0
87,-813,1
88,-469,1
89,-469,0
90,-469,0
91,5608,1
92,-6020,1
93,-6020,0
94,-6020,0
95,-6020,0
96,-6020,0
97,0,0
98,0,0
99,0,0
100,0,0
101,0,0
102,0,0
103,0,0
104,0,0
105,0,1
106,0,0
107,0,0
108,0,0
109,0,0
110,0,0
111,0,0
112,0,0
113,0,0
114,0,0
115,0,0
116,1740,1
117,1740,0
118,1740,0
119,0,0
120,0,0
121,0,0
122,0,0
123,0,0
124,0,0
125,-1840,1
126,-1840,0
127,-1840,0
128,-2932,1
129,-2932,0
130,-2932,0
131,-2932,0
132,-2932,0
133,-2932,0
134,-2932,0
135,10976,1
136,10976,0
137,10976,0
138,-2168,1
139,-2168,0
140,-2168,0
141,-3793,1
142,-3793,0
143,-3793,0
144,-3793,0
145,-3793,0
146,163,1
147,163,0
148,5245,1
149,5245,0
150,5245,0
151,5245,0
152,5245,0
153,5245,0
154,5245,0
155,5245,0
156,5245,0
157,5245,0
158,5245,0
159,5245,0
160,5245,0
161,0,0
162,0,0
163,0,0
164,0,0
165,0,0
166,33,1
167,33,0
168,33,0
169,253,1
170,253,0
171,253,0
172,253,0
173,253,0
174,253,0
175,253,0
176,253,0
177,253,0
178,253,0
179,253,0
180,-671,1
181,-671,0
182,1837,1
183,1837,0
184,1837,0
185,1837,0
186,1837,0
187,-9491,1
188,-9491,0
189,-9491,0
190,-7827,1
191,-7827,0
192,-7827,0
193,0,0
194,0,0
195,2666,1
196,-1014,1
197,-1014,0
198,-1014,0
199,-1014,0
200,-1014,0
201,-1014,0
202,-1014,0
203,274,1
204,274,0
205,274,0
206,274,0
207,0,0
208,0,0
209,0,0
210,0,0
211,0,0
212,0,0
213,0,0
214,0,0
215,0,0
216,0,0
217,0,0
218,0,0
219,5621,1
220,5621,0
221,5621,0
222,5621,0
223,0,0
224,-12078,1
225,-12078,0
226,-12078,0
227,-12078,0
228,-12078,0
229,-12078,0
230,-12078,0
231,-22370,1
232,-22370,0
233,-22370,0
234,-22370,0
235,-19250,1
236,-19250,0
237,-19250,0
238,-19250,0
239,-17578,1
240,-17578,0
241,-17578,0
242,-11665,1
243,-11665,0
244,-11665,0
245,-11665,0
246,-11665,0
247,-11665,0
248,-11665,0
249,-11665,0
250,-11665,0
251,-9481,1
252,-8956,1
253,-8956,0
254,-8956,0
255,0,0
256,-410,1
257,-410,0
258,0,0
259,0,0
260,5035,1
261,5035,0
262,10219,1
263,10219,0
264,10219,0
265,10219,0
266,10219,0
267,10219,0
268,10219,0
269,8517,1
270,8517,0
271,12642,1
272,12642,0
273,12642,0
274,12654,1
275,12654,0
276,7782,1
277,7782,0
278,7782,0
279,15132,1
280,15132,0
281,15132,0
282,15132,0
283,15132,0
284,15132,0
285,15306,1
286,15306,0
287,15306,0
288,17406,1
289,17087,1
290,17087,0
291,24857,1
292,0,0
293,-3686,1
294,-3836,1
295,-3836,0
296,-3836,0
297,-3836,0
298,-3836,0
299,-3836,0
300,-3836,0
301,-3836,0
302,-3836,0
303,-4181,1
304,-1857,1
305,-1857,0
306,-1857,0
307,-251,1
308,7253,1
309,6965,1
310,6965,0
311,6965,0
312,7445,1
313,7445,0
314,7565,1
315,7565,0
316,7565,0
317,7565,0
318,7565,0
319,10877,1
320,10877,0
321,10877,0
322,9632,1
323,9172,1
324,9172,0
325,9172,0
326,0,0
327,0,0
328,0,0
329,0,0
330,0,0
331,0,0
332,0,0
333,0,0
334,0,0
335,-810,1
336,-810,0
337,-810,0
338,-938,1
339,-938,1
340,-6230,1
341,-6230,0
342,-6230,0
343,-7046,1
344,-1961,1
345,4639,1
346,4639,0
347,4639,0
348,4639,0
349,4639,0
350,4639,0
351,4639,0
352,4639,0
353,4639,0
354,4639,0
355,4639,0
356,5638,1
357,5638,0
358,5638,0
359,-1572,1
360,-1572,0
361,-1572,0
362,-6672,1
363,-6672,0
364,-6672,0
365,-6672,0
366,-5319,1
367,-8007,1
368,-13012,1
369,-19564,1
370,-19564,0
371,-19564,0
372,-20694,1
373,-29746,1
374,-30978,1
375,-30978,0
376,-30978,0
377,-30978,0
378,-32223,1
379,-32223,0
380,-32223,0
381,-32223,0
382,-32223,0
383,0,0
384,0,0
385,-6105,1
386,-6105,0
387,623,1
388,623,0
389,623,0
390,623,0
391,7103,1
392,7103,0
393,6564,1
394,6564,0
395,7292,1
396,7292,0
397,7292,0
398,-1483,1
399,-9936,1
400,-9936,0
401,0,0
402,0,0
403,0,0
404,0,0
405,3060,1
406,-4116,1
407,5574,1
408,0,0
409,0,0
410,0,0
411,0,0
412,0,0
413,2565,1
414,1629,1
415,14401,1
416,14401,0
417,14401,0
418,14401,0
419,14401,0
420,14401,0
421,14401,0
422,5686,1
423,6006,1
424,6228,1
425,6456,1
426,6456,0
427,6456,0
428,6456,0
429,0,0
430,-391,1
431,-391,0
432,-391,0
433,-391,0
434,-1511,1
435,-1604,1
436,-2421,1
437,-2421,0
438,-2421,0
439,4491,1
440,4491,0
441,4491,0
442,4491,0
443,-6883,1
444,-6883,0
445,0,0
446,0,0
447,510,1
448,510,0
449,510,0
450,510,0
451,2040,1
452,2040,0
453,1951,1
454,1951,0
455,1951,0
456,0,0
457,0,0
458,0,0
459,0,0
460,0,0
461,0,0
462,-3000,1
463,-3000,0
464,-3000,0
465,-3000,0
466,-2541,1
467,-2541,0
468,-2541,0
469,-2541,0
470,-2541,0
471,-2541,0
472,-2541,0
473,7224,1
474,7224,0
475,7224,0
476,7224,0
477,7224,0
478,14649,1
479,14649,0
480,14649,0
481,14649,0
482,14649,0
483,14649,0
484,14649,0
485,14649,0
486,14649,0
487,14649,0
488,14649,0
489,14649,0
490,14649,0
491,14649,0
492,14649,0
493,13881,1
494,13881,0
495,13881,0
496,13881,0
497,13881,0
498,13881,0
499,13881,0
500,13881,0
501,12801,1
502,12801,0
503,12801,0
504,12801,0
505,12801,0
506,12801,0
507,12801,0
508,0,0
509,0,0
510,0,0
511,0,0
512,0,0
513,0,0
514,0,0
515,0,0
516,0,0
517,0,0
518,0,0
519,0,0
520,0,0
521,0,0
522,0,0
523,0,0
524,0,0
525,0,0
526,54,1
527,54,0
528,54,0
529,54,0
530,54,0
531,54,0
532,-90,1
533,-90,0
534,-90,0
535,-90,0
536,-90,0
537,-90,0
538,-90,0
539,-90,0
540,-90,0
541,0,0
542,364,1
543,364,0
544,364,0
545,364,0
546,7680,1
547,-5300,1
548,-5300,0
549,-5300,0
550,-5300,0
551,-5300,0
552,-5300,0
553,-5300,0
554,-9964,1
555,-9964,0
556,-9964,0
557,-9964,0
558,-9964,0
559,3212,1
560,-2034,1
561,-2034,0
562,-2321,1
563,-2280,1
564,-2728,1
565,-2728,0
566,-2728,0
567,-4362,1
568,-6546,1
569,0,0
570,0,0
571,0,0
572,0,0
573,-2736,1
574,-2736,0
575,-2736,0
576,-2736,0
577,-2736,0
578,-2736,0
579,-2736,0
580,-5556,1
581,-5556,0
582,-5556,0
583,-9399,1
584,-9399,0
585,-9399,0
586,-9399,0
587,-9399,0
588,-9399,0
589,-9399,0
590,-9399,0
591,-9399,0
592,-9399,0
593,-9399,0
594,-4449,1
595,-4449,0
596,1841,1
597,1029,1
598,1029,0
599,1029,0
600,1029,0
601,-3226,1
602,-3226,0
603,-3148,1
604,-12866,1
605,-2266,1
606,-2266,0
607,-3223,1
608,-3223,0
609,-3223,0
610,-1993,1
611,-1993,0
612,-1993,0
613,-3223,1
614,-3223,0
615,-3223,0
616,-3197,1
617,-3197,0
618,-3197,0
619,-3197,0
620,-3197,0
621,2503,1
622,2503,0
623,2503,0
624,2503,0
625,3523,1
626,3523,0
627,3523,0
628,3523,0
629,-3446,1
630,-3446,0
631,9190,1
632,9190,0
633,9190,0
634,9190,0
635,9294,1
636,9294,0
637,11670,1
638,11670,0
639,13178,1
640,13178,0
641,13280,1
642,13280,0
643,11152,1
644,11152,0
645,11152,0
646,11152,0
647,14662,1
648,14662,0
649,14662,0
650,14662,0
651,14662,0
652,14662,0
653,14662,0
654,14662,0
655,14662,0
656,14662,0
657,14662,0
658,10233,1
659,9967,1
660,9967,0
661,9967,0
662,9967,0
663,3267,1
664,1411,1
665,1411,0
666,1411,0
667,1411,0
668,1411,0
669,1411,0
670,-5729,1
671,-5729,0
672,-5729,0
673,-6029,1
674,-7597,1
675,-20665,1
676,-20665,0
677,-20665,0
678,-20665,0
679,-20665,0
680,-19450,1
681,-19450,0
682,-19450,0
683,-19450,0
684,-29824,1
685,-29824,0
686,-29824,0
687,-29824,0
688,-31264,1
689,-31264,0
690,-31264,0
691,-31264,0
692,-31264,0
693,-31264,0
694,-18680,1
695,-18680,0
696,-18680,0
697,-18680,0
698,-18680,0
699,-18680,0
700,-18680,0
701,-18680,0
702,-17459,1
703,-17459,0
704,-17459,0
705,-17459,0
706,-17459,0
707,-17459,0
708,0,0
709,0,0
710,0,0
711,-1170,1
712,-1170,0
713,-1170,0
714,-1170,0
715,-1170,0
716,-1170,0
717,-1170,0
718,-1170,0
719,-1170,0
720,3586,1
721,2326,1
722,2326,0
723,2326,0
724,2326,0
725,2326,0
726,2326,0
727,2326,0
728,5654,1
729,5654,0
730,5654,0
731,0,0
732,0,0
733,0,0
734,0,0
735,0,0
736,4120,1
737,4120,0
738,4120,0
739,-430,1
740,0,0
741,0,0
742,0,0
743,0,0
744,0,0
745,0,0
746,0,0
747,0,0
748,0,0
749,0,0
750,0,0
751,0,0
752,0,0
753,-6201,1
754,-9666,1
755,-8836,1
756,-8836,0
757,-6535,1
758,-6535,0
759,-2127,1
760,-2127,0
761,-2127,0
762,3209,1
763,3209,0
764,3209,0
765,3209,0
766,3209,0
767,3209,0
768,3209,0
769,3209,0
770,3209,0
771,3209,0
772,3209,0
773,9129,1
774,9129,0
775,9129,0
776,9129,0
777,9129,0
778,9129,0
779,13159,1
780,13159,0
781,13159,0
782,10059,1
783,21362,1
784,20137,1
785,20137,0
786,20137,0
787,20137,0
788,18967,1
789,18967,0
790,18769,1
791,18976,1
792,22576,1
793,22576,0
794,22576,0
795,22576,0
796,22576,0
797,22576,0
798,22576,0
799,22576,0
800,22576,0
801,22576,0
802,22576,0
803,22576,0
804,18189,1
805,18189,0
806,18189,0
807,18189,0
808,18512,1
809,20132,1
810,20132,0
811,20132,0
812,20582,1
813,0,0
814,0,0
815,0,0
816,0,0
817,0,0
818,0,0
819,0,0
820,0,0
821,-3090,1
822,5410,1
823,8290,1
824,8290,0
825,8290,0
826,8290,0
827,8602,1
828,8602,0
829,8602,0
830,8602,0
831,8602,0
832,8602,0
833,8602,0
834,8602,0
835,8602,0
836,8602,0
837,8602,0
838,8602,0
839,8602,0
840,8602,0
841,10122,1
842,10122,0
843,10122,0
844,10122,0
845,10122,0
846,6372,1
847,6372,0
848,6372,0
849,6372,0
850,6372,0
851,6372,0
852,6372,0
853,0,0
854,-4620,1
855,-4620,0
856,-4620,0
857,-12450,1
858,-12450,0
859,-12450,0
860,-12450,0
861,-17114,1
862,-17114,0
863,-17114,0
864,-17114,0
865,-17114,0
866,-17114,0
867,-17114,0
868,-17114,0
869,-17114,0
870,-17114,0
871,-17114,0
872,-17114,0
873,-17114,0
874,-17114,0
875,-17114,0
876,-17114,0
877,-17114,0
878,-17114,0
879,-20810,1
880,-20810,0
881,-20810,0
882,-22760,1
883,-22760,0
884,-23721,1
885,-23833,1
886,-36887,1
887,-36887,0
888,-36887,0
889,-36887,0
890,-36887,0
891,-36887,0
892,-36887,0
893,-36887,0
894,-36887,0
895,-38827,1
896,-38827,0
897,-38827,0
898,-38827,0
899,0,0
900,0,0
901,0,0
902,0,0
903,0,0
904,0,0
905,0,0
906,0,0
907,0,0
908,0,0
909,-15128,1
910,-15128,0
911,-11698,1
912,-20446,1
913,-20446,0
914,-20550,1
915,-20550,0
916,0,0
917,0,0
918,0,0
919,0,0
920,0,0
921,0,0
922,0,0
923,0,0
924,0,1
925,0,0
926,0,0
927,-7568,1
928,-7568,0
929,-7568,0
930,-5558,1
931,-5558,0
932,-5558,0
933,-5558,0
934,-5780,1
935,-5780,0
936,-5780,0
937,-6940,1
938,-5240,1
939,-5240,0
940,-5240,0
941,-5240,0
942,-5240,0
943,3560,1
944,3560,0
945,3560,0
946,3560,0
947,3560,0
948,3560,0
949,13593,1
950,13593,0
951,13593,0
952,13593,0
953,13593,0
954,13593,0
955,13593,0
956,13161,1
957,13161,0
958,13161,0
959,9941,1
960,0,0
961,0,0
962,0,0
963,-407,1
964,-407,0
965,-407,0
966,-4167,1
967,-4167,0
968,-4167,0
969,-5167,1
970,-5167,0
971,-5167,0
972,-5167,0
973,0,0
974,0,0
975,0,0
976,-9072,1
977,-9072,1
978,-9072,0
979,-9072,0
980,-4748,1
981,-6053,1
982,-6053,0
983,-6053,0
984,-6053,0
985,-6053,0
986,-6053,0
987,-6053,1
988,-6053,0
989,-6053,0
990,-6053,0
991,-6053,0
992,-6053,0
993,-6494,1
994,-2138,1
995,-2138,0
996,-2964,1
997,-15764,1
998,-15764,0
999,-15764,0
1000,-15764,0
1001,-15764,0
1002,-17822,1
1003,-17822,0
1004,-17822,0
1005,-17822,0
1006,-17822,0
1007,-18962,1
1008,-18962,0
1009,-18962,0
1010,-18962,0
1011,-19007,1
1012,-19007,0
1013,-19007,0
1014,-19007,0
1015,-19007,0
1016,-19007,0
1017,-19007,0
1018,-19007,0
1019,-19007,0
1020,-19007,0
1021,-16781,1
1022,-16781,0
1023,-16781,0
1024,-16781,0
1025,-16781,0
1026,-16781,0
1027,-16781,0
1028,-16121,1
1029,-16121,0
1030,-15901,1
1031,-15901,0
1032,-15901,0
1033,-15901,0
1034,-15901,0
1035,-15901,0
1036,-15901,0
1037,-15901,0
1038,-20698,1
1039,-20698,0
1040,-20698,0
1041,0,0
1042,0,0
1043,0,0
1044,0,0
1045,0,0
1046,0,0
1047,0,0
1048,0,0
1049,0,0
1050,3300,1
1051,3300,0
1052,-1005,1
1053,-1151,1
1054,-1151,0
1055,-4946,1
1056,-12790,1
1057,-12790,0
1058,-12790,0
1059,-12790,0
1060,-11474,1
1061,-11474,0
1062,-11474,0
1063,-11474,0
1064,-11474,0
1065,-11474,0
1066,-12179,1
1067,-2988,1
1068,-3528,1
1069,-3528,0
1070,-10920,1
1071,-12904,1
1072,-12904,0
1073,-12904,0
1074,-12904,0
1075,-12904,0
1076,-12904,0
1077,-12904,0
1078,-18404,1
1079,-18404,0
1080,-18404,0
1081,-20044,1
1082,-20044,0
1083,-20044,0
1084,-15964,1
1085,-15964,0
1086,-15964,0
1087,-15964,0
1088,-15964,0
1089,-14344,1
1090,-17634,1
1091,-17634,0
1092,-17634,0
1093,-17634,0
1094,-24362,1
1095,-18522,1
1096,-18522,0
1097,-18522,0
1098,-18522,0
1099,-18522,0
1100,-18522,0
1101,-18522,0
1102,-18522,0
1103,-18522,0
1104,-18522,0
1105,-18522,0
1106,-16632,1
1107,-16632,0
1108,-16632,0
1109,-16632,0
1110,-16632,0
1111,-16632,0
1112,-16632,0
1113,-16632,0
1114,-16632,0
1115,-16632,0
1116,-24237,1
1117,-24237,0
1118,-24237,0
1119,-24237,0
1120,-18927,1
1121,-18927,0
1122,-18927,0
1123,-18927,0
1124,-18927,0
1125,-16883,1
1126,-19715,1
1127,-19715,0
1128,-24114,1
1129,-24114,0
1130,-24114,0
1131,-24114,0
1132,-27840,1
1133,-27840,0
1134,-27840,0
1135,-27840,0
1136,-42360,1
1137,-42360,0
1138,-42360,0
1139,-42360,0
1140,-42360,0
1141,-42360,0
1142,-44808,1
1143,-44808,0
1144,-44808,0
1145,-41528,1
1146,-41528,0
1147,-41528,0
1148,-41528,0
1149,-41528,0
1150,-41528,0
1151,-43517,1
1152,-43517,0
1153,-45449,1
1154,-49985,1
1155,-49985,0
1156,-49985,0
1157,-49985,0
1158,-49985,0
1159,-49985,0
1160,-49985,0
1161,-49985,0
1162,-49985,0
1163,-49985,0
1164,-49985,0
1165,-48685,1
1166,-48685,0
1167,-48685,0
1168,-52051,1
1169,-52051,0
1170,-52051,0
1171,-52051,0
1172,-63059,1
1173,-63059,0
1174,-63059,0
1175,-63059,0
1176,-63059,0
1177,-63059,0
1178,-62211,1
1179,-67211,1
1180,-67211,0
1181,-59093,1
1182,-51227,1
1183,-47321,1
1184,-47341,1
1185,-47341,0
1186,-47341,0
1187,-47341,0
1188,-47341,0
1189,-47341,0
1190,-47341,0
1191,-47341,0
1192,-47341,0
1193,-47341,0
1194,-47341,0
1195,-47341,0
1196,-47341,0
1197,-47341,0
1198,-47341,0
1199,-45232,1
1200,-43967,1
1201,-43967,0
1202,0,0
1203,0,0
1204,0,0
1205,0,0
1206,0,0
1207,264,1
1208,264,0
1209,264,0
1210,264,0
1211,264,0
1212,264,0
1213,264,0
1214,12264,1
1215,5086,1
1216,5086,0
1217,5086,0
1218,5086,0
1219,5558,1
1220,5558,0
1221,5558,0
1222,5558,0
1223,5558,0
1224,-6858,1
1225,-6858,0
1226,-11734,1
1227,-11734,0
1228,-11734,0
1229,-11734,0
1230,-11734,0
1231,-11734,0
1232,-13442,1
1233,-13442,0
1234,-11825,1
1235,-13268,1
1236,-13268,0
1237,-13268,0
1238,-9920,1
1239,-9920,0
1240,-9920,0
1241,0,0
1242,0,0
1243,-1748,1
1244,-1748,0
1245,-1748,0
1246,-1748,0
1247,-560,1
1248,3044,1
1249,3044,0
1250,3044,0
1251,3044,0
1252,3044,0
1253,0,0
1254,0,0
1255,0,0
1256,0,0
1257,0,0
1258,0,0
1259,0,0
1260,0,0
1261,0,0
1262,748,1
1263,7948,1
1264,7948,0
1265,7948,0
1266,7948,0
1267,8172,1
1268,8172,0
1269,8172,0
1270,8172,0
1271,8172,0
1272,8172,0
1273,8172,0
1274,0,0
1275,0,0
1276,0,0
1277,-1406,1
1278,-1406,0
1279,-1406,0
1280,-5228,1
1281,-5228,0
1282,-6978,1
1283,0,0
1284,0,0
1285,0,0
1286,0,0
1287,0,0
1288,1122,1
1289,0,0
1290,0,0
1291,0,0
1292,0,0
1293,0,0
1294,0,0
1295,0,0
1296,0,0
1297,0,0
1298,0,0
1299,0,0
1300,0,0
1301,0,0
1302,7747,1
1303,7747,0
1304,7747,0
1305,7747,0
1306,10847,1
1307,10847,0
1308,10847,0
1309,5537,1
1310,13889,1
1311,20386,1
1312,20386,0
1313,20386,0
1314,20386,0
1315,14914,1
1316,14914,0
1317,14914,0
1318,14914,0
1319,14914,0
1320,14914,0
1321,14914,0
1322,14914,0
1323,14914,0
1324,14914,0
1325,14914,0
1326,14244,1
1327,0,0
1328,0,0
1329,0,0
1330,0,0
1331,0,0
1332,0,0
1333,0,0
1334,0,0
1335,0,0
1336,0,0
1337,0,0
1338,0,0
1339,0,0
1340,0,0
1341,0,0
1342,0,0
1343,0,0
1344,-5096,1
1345,-5096,0
1346,-3016,1
1347,-3016,0
1348,-3016,0
1349,-3016,0
1350,-3016,0
1351,-3016,0
1352,-3016,0
1353,4184,1
1354,4184,0
1355,4184,0
1356,5264,1
1357,0,0
1358,0,0
1359,0,0
1360,0,0
1361,0,0
1362,3850,1
1363,3850,0
1364,3058,1
1365,3058,0
1366,3058,0
1367,3058,0
1368,4047,1
1369,4047,0
1370,4047,0
1371,4047,0
1372,4047,0
1373,4047,0
1374,7337,1
1375,7337,0
1376,7337,0
1377,12562,1
1378,12562,0
1379,15748,1
1380,15748,0
1381,15748,0
1382,15748,0
1383,15748,0
1384,15748,0
1385,0,0
1386,0,0
1387,-2368,1
1388,-2368,0
1389,-5530,1
1390,-5530,0
1391,-5530,0
1392,-8180,1
1393,-8180,0
1394,-8180,0
1395,-8180,0
1396,-8180,0
1397,-8180,0
1398,-8180,0
1399,-8180,0
1400,-6508,1
1401,0,0
1402,1620,1
1403,10156,1
1404,10156,0
1405,10156,0
1406,10156,0
1407,0,0
1408,0,0
1409,4429,1
1410,4429,0
1411,-3459,1
1412,-3459,0
1413,-3459,0
1414,-13989,1
1415,-13989,0
1416,-13989,0
1417,-13989,0
1418,-17049,1
1419,-17049,0
1420,-17049,0
1421,-15349,1
1422,-15349,0
1423,-15349,0
1424,-15349,0
1425,-6679,1
1426,-6679,0
1427,-10279,1
1428,-10279,0
1429,-10279,0
1430,-19197,1
1431,-16597,1
1432,-16597,0
1433,-16597,0
1434,-16597,0
1435,-16597,0
1436,-16597,0
1437,-16597,0
1438,-16597,0
1439,-16597,0
1440,-16597,0
1441,-16597,0
1442,-16597,0
1443,-16597,0
1444,0,0
1445,0,0
1446,1760,1
1447,1760,0
1448,-2112,1
1449,-5444,1
1450,-9272,1
1451,-9272,0
1452,-7787,1
1453,-7787,0
1454,-7787,0
1455,-7787,0
1456,-7787,0
1457,0,0
1458,0,0
1459,0,0
1460,0,0
1461,0,0
1462,-200,1
1463,-1768,1
1464,-1768,0
1465,-1768,0
1466,-9398,1
1467,-10574,1
1468,-13196,1
1469,-13196,0
1470,-13196,0
1471,-13196,0
1472,-13112,1
1473,-13112,0
1474,-5021,1
1475,-6717,1
1476,-13092,1
1477,-13092,0
1478,-11972,1
1479,-11972,0
1480,-11972,0
1481,-11972,0
1482,-11972,0
1483,-11972,0
1484,-19748,1
1485,-19748,0
1486,-19292,1
1487,-19292,0
1488,-19292,0
1489,-19292,0
1490,-19292,0
1491,-19292,0
1492,-19292,0
1493,-19292,0
1494,-17001,1
1495,-17001,0
1496,-17001,0
1497,-17001,0
1498,-17801,1
1499,-17801,0
1500,-16981,1
1501,-16981,0
1502,-17311,1
1503,-17311,0
1504,-17311,0
1505,-17752,1
1506,-17752,0
1507,-18928,1
1508,-18928,0
1509,-18928,0
1510,-18928,0
1511,-18928,0
1512,-18928,0
1513,-18928,0
1514,-18928,0
1515,-18928,0
1516,-18928,0
1517,-18928,0
1518,-18928,0
1519,-18928,0
1520,-18928,0
1521,-18928,0
1522,-18928,0
1523,-18928,0
1524,-18928,0
1525,-18928,0
1526,0,0
1527,0,0
1528,0,0
1529,0,0
1530,0,0
1531,943,1
1532,9068,1
1533,9068,0
1534,9068,0
1535,9068,0
1536,9068,0
1537,9068,0
1538,10673,1
1539,10673,0
1540,10673,0
1541,10673,0
1542,10673,0
1543,10673,0
1544,0,0
1545,2688,1
1546,1408,1
1547,1408,0
1548,1408,0
1549,1408,0
1550,1408,0
1551,1408,0
1552,1408,0
1553,1408,0
1554,1108,1
1555,1192,1
1556,1192,0
1557,1192,0
1558,1192,0
1559,1192,0
1560,-3533,1
1561,-3533,0
1562,-3533,0
1563,-3533,0
1564,2898,1
1565,2898,0
1566,2898,0
1567,-3738,1
1568,10012,1
1569,892,1
1570,892,0
1571,892,0
1572,892,0
1573,892,0
1574,892,0
1575,892,0
1576,0,0
1577,1547,1
1578,1547,0
1579,1547,0
1580,1887,1
1581,1887,0
1582,1887,0
1583,1887,0
1584,-3273,1
1585,-3273,0
1586,-3273,0
1587,-3273,0
1588,-3273,0
1589,-3273,0
1590,-3597,1
1591,-3597,0
1592,-7984,1
1593,-12408,1
1594,-12408,0
1595,-12408,0
1596,-12408,0
1597,-12408,0
1598,-12408,0
1599,-12408,0
1600,-12408,0
1601,-12408,0
1602,-9438,1
1603,2126,1
1604,2126,0
1605,2126,0
1606,2126,0
1607,2126,0
1608,1510,1
1609,3778,1
1610,3778,0
1611,3778,0
1612,0,0
1613,5073,1
1614,5073,0
1615,5073,0
1616,9217,1
1617,9217,0
1618,9217,0
1619,6272,1
1620,0,0
1621,0,0
1622,0,0
1623,6060,1
1624,6060,0
1625,11352,1
1626,11352,0
1627,11352,0
1628,-627,1
1629,-3063,1
1630,-3063,0
1631,-234,1
1632,-234,0
1633,-234,0
1634,-234,0
1635,-78,1
1636,-2685,1
1637,-2685,0
1638,-2685,0
1639,-2685,0
1640,-2685,0
1641,-2685,0
1642,-2685,0
1643,-2685,0
1644,-29,1
1645,-29,0
1646,-29,0
1647,-29,0
1648,-29,0
1649,-29,0
1650,-29,0
1651,-29,0
1652,-29,0
1653,0,0
1654,0,0
1655,-3596,1
1656,-9811,1
1657,-9811,0
1658,-9811,0
1659,-1803,1
1660,-1803,0
1661,-1803,0
1662,-1803,0
1663,2509,1
1664,2509,0
1665,2509,0
1666,2509,0
1667,2509,0
1668,2509,0
1669,2509,0
1670,2509,0
1671,2509,0
1672,7029,1
1673,10305,1
1674,10305,0
1675,10305,0
1676,10305,0
1677,10305,0
1678,10305,0
1679,-2320,1
1680,1280,1
1681,0,0
1682,0,0
1683,0,0
1684,0,0
1685,0,0
1686,0,0
1687,0,0
1688,2835,1
1689,2835,0
1690,3153,1
1691,3153,0
1692,3153,0
1693,3153,0
1694,3153,0
1695,3153,0
1696,-3516,1
1697,-9680,1
1698,-9680,0
1699,-9680,0
1700,-9680,0
1701,-9680,0
1702,-9680,0
1703,-9680,0
1704,-13443,1
1705,-18435,1
1706,-18435,0
1707,-18435,0
1708,-18435,0
1709,-26971,1
1710,-26211,1
1711,-25455,1
1712,-25455,0
1713,-23971,1
1714,-23971,0
1715,-23971,0
1716,-23971,0
1717,-23971,0
1718,-23971,0
1719,-23971,0
1720,-23971,0
1721,-24202,1
1722,-24202,0
1723,-22282,1
1724,-22282,0
1725,-22282,0
1726,-22282,0
1727,-22282,0
1728,0,0
1729,0,0
1730,1620,1
1731,1620,0
1732,-5706,1
1733,-5706,0
1734,-5706,0
1735,-5706,0
1736,-5706,0
1737,-5706,0
1738,-5706,0
1739,-5706,0
1740,-5706,0
1741,-5706,0
1742,-5706,0
1743,-5706,0
1744,-5706,0
1745,-5706,0
1746,-5706,0
1747,-5706,0
1748,-5706,0
1749,-5328,1
1750,-5328,0
1751,9309,1
1752,9309,0
1753,9309,0
1754,8277,1
1755,8277,0
1756,8277,0
1757,8277,0
1758,-1173,1
1759,0,0
1760,2814,1
1761,2814,0
1762,2814,0
1763,2814,0
1764,2814,0
1765,2814,0
1766,0,0
1767,0,0
1768,0,0
1769,0,0
1770,0,0
1771,-6014,1
1772,-6014,0
1773,-6014,0
1774,-6014,0
1775,-6014,0
1776,-6014,0
1777,-6014,0
1778,-6014,0
1779,-6014,0
1780,-6014,0
1781,-5416,1
1782,-5416,0
1783,-4744,1
1784,-2161,1
1785,-2173,1
1786,0,0
1787,0,0
1788,0,0
1789,0,0
1790,0,0
1791,0,0
1792,0,0
1793,0,0
1794,0,0
1795,0,0
1796,0,0
1797,0,0
1798,0,0
1799,0,0
1800,0,0
1801,0,0
1802,0,0
1803,0,0
1804,0,0
1805,0,0
1806,0,0
1807,0,0
1808,0,0
1809,0,0
1810,0,0
1811,0,0
1812,0,0
1813,0,0
1814,-1826,1
1815,-7962,1
1816,-17175,1
1817,-17175,0
1818,-18957,1
1819,-18517,1
1820,-18517,0
1821,-15877,1
1822,-15877,0
1823,-15877,0
1824,-16846,1
1825,-16846,0
1826,-16846,0
1827,-26071,1
1828,-26071,0
1829,-26071,0
1830,-26071,0
1831,-31726,1
1832,-31726,0
1833,-31513,1
1834,-31513,0
1835,-26178,1
1836,-29490,1
1837,-29490,0
1838,-29490,0
1839,-29490,0
1840,-29490,0
1841,-33962,1
1842,-33962,0
1843,-33962,0
1844,-33962,0
1845,-33962,0
1846,-33962,0
1847,-32398,1
1848,-32398,0
1849,-32398,0
1850,-32398,0
1851,-32398,0
1852,-32398,0
1853,-32398,0
1854,-35336,1
1855,-35336,0
1856,-35336,0
1857,-28028,1
1858,-28028,0
1859,-28028,0
1860,-28028,0
1861,-28028,0
1862,-28028,0
1863,-28028,0
1864,-28028,0
1865,-13160,1
1866,-13160,0
1867,0,0
1868,0,0
1869,0,0
1870,0,0
1871,0,0
1872,13970,1
1873,11370,1
1874,11370,0
1875,11370,0
1876,11302,1
1877,11302,0
1878,11302,0
1879,11302,0
1880,11302,0
1881,11302,0
1882,11302,0
1883,11302,0
1884,11302,0
1885,9651,1
1886,14209,1
1887,14209,0
1888,14209,0
1889,14209,0
1890,12285,1
1891,12285,0
1892,12285,0
1893,12285,0
1894,12285,0
1895,12285,0
1896,12285,0
1897,12285,0
1898,12285,0
1899,12285,0
1900,12285,0
1901,12285,0
1902,12285,0
1903,13937,1
1904,13937,0
1905,13937,0
1906,15533,1
1907,24042,1
1908,24042,0
1909,24042,0
1910,24042,0
1911,24042,0
1912,24042,0
1913,24042,0
1914,24042,0
1915,24042,0
1916,24042,0
1917,24024,1
1918,24024,0
1919,24024,1
1920,24024,0
1921,24024,0
1922,24024,0
1923,24024,0
1924,24024,0
1925,24024,0
1926,31836,1
1927,31836,0
1928,31836,0
1929,31836,0
1930,31836,0
1931,31836,0
1932,31836,0
1933,31836,0
1934,34021,1
1935,34021,0
1936,34021,0
1937,34021,0
1938,34021,0
1939,34021,0
1940,34671,1
1941,31451,1
1942,31451,0
1943,31451,0
1944,31451,0
1945,31451,0
1946,31451,0
1947,31451,0
1948,31451,0
1949,32235,1
1950,24670,1
1951,24670,0
1952,24670,0
1953,24670,0
1954,24670,0
1955,24670,0
1956,17780,1
1957,17780,0
1958,17780,0
1959,17780,0
1960,17780,0
1961,0,0
1962,0,0
1963,24,1
1964,24,0
1965,24,0
1966,24,0
1967,24,0
1968,-6339,1
1969,-6339,0
1970,-6339,0
1971,0,0
1972,880,1
1973,-272,1
1974,-272,0
1975,-3454,1
1976,-3454,0
1977,-3454,0
1978,-3454,0
1979,2132,1
1980,2132,0
1981,2132,0
1982,2132,0
1983,-6520,1
1984,-6520,0
1985,-6520,0
1986,-6520,0
1987,-6520,0
1988,-6520,0
1989,-7140,1
1990,-10640,1
1991,-19142,1
1992,-19142,0
1993,-23859,1
1994,-23859,0
1995,-32483,1
1996,-30551,1
1997,-30551,0
1998,-30551,0
1999,-35311,1
2000,-35311,0
2001,-35311,0
2002,-35311,0
2003,-35311,0
2004,-35311,0
2005,-35311,0
2006,-34735,1
2007,-34735,0
2008,-34735,0
2009,-34785,1
2010,-34785,0
2011,-34785,0
2012,-34785,0
2013,-34785,0
2014,-34785,0
2015,-34785,0
2016,-34785,0
2017,-29241,1
2018,-29241,0
2019,-25611,1
2020,-25611,0
2021,-25611,0
2022,-25611,0
2023,-25611,0
2024,-26019,1
2025,-26019,0
2026,-24271,1
2027,-28283,1
2028,-28283,0
2029,-28283,0
2030,-28283,0
2031,-26361,1
2032,-26361,0
2033,-25269,1
2034,-25131,1
2035,-25131,0
2036,0,0
2037,0,0
2038,5778,1
2039,5778,0
2040,5778,0
2041,5778,0
2042,5778,0
2043,-4656,1
2044,-4656,0
2045,-4486,1
2046,-2830,1
2047,-14330,1
2048,-14330,0
2049,-14330,0
2050,-14330,0
2051,-8534,1
2052,-8534,0
2053,-1142,1
2054,-1142,0
2055,-735,1
2056,-735,0
2057,-735,0
2058,-735,0
2059,-735,0
2060,409,1
2061,409,0
2062,409,0
2063,3443,1
2064,9563,1
2065,9563,0
2066,9563,0
2067,9563,0
2068,8018,1
2069,1622,1
2070,-8136,1
2071,-10924,1
2072,-14044,1
2073,-14044,0
2074,-18804,1
2075,-18804,0
2076,-18804,0
2077,-18804,0
2078,-18804,0
2079,-18804,0
2080,-18429,1
2081,-28808,1
2082,-29648,1
2083,-28298,1
2084,-28298,0
2085,-28298,0
2086,-28298,0
2087,-28298,0
2088,-28298,0
2089,-19926,1
2090,-19926,0
2091,-19926,0
2092,-19926,0
2093,-19926,0
2094,-19926,0
2095,-19926,0
2096,-19926,0
2097,-19926,0
2098,-19926,0
2099,-19926,0
2100,-20563,1
2101,-20563,0
2102,0,0
2103,0,0
2104,5456,1
2105,5456,0
2106,5456,0
2107,5456,0
2108,5456,0
2109,5456,0
2110,5456,0
2111,5456,0
2112,5456,0
2113,4406,1
2114,4406,0
2115,-7754,1
2116,4346,1
2117,4346,0
2118,4346,0
2119,4346,0
2120,4346,0
2121,4346,0
2122,4346,0
2123,5690,1
2124,5690,0
2125,5690,0
2126,5690,0
2127,5690,0
2128,5690,0
2129,8416,1
2130,8416,0
2131,8416,0
2132,8416,0
2133,8416,0
2134,-1972,1
2135,-1972,0
2136,-1972,0
2137,-3512,1
2138,-3512,0
2139,-3512,0
2140,-3512,0
2141,-3512,0
2142,-3512,0
2143,-3512,0
2144,-3512,0
2145,-3512,0
2146,-3512,0
2147,-3512,0
2148,-3269,1
2149,-8845,1
2150,-8845,0
2151,-8845,0
2152,-8845,0
2153,-8845,0
2154,-8845,0
2155,-8845,0
2156,-4901,1
2157,-5041,1
2158,-5041,0
2159,-5041,0
2160,-5041,0
2161,463,1
2162,463,0
2163,463,0
2164,463,0
2165,463,0
2166,10143,1
2167,10143,0
2168,10143,0
2169,10143,0
2170,10143,0
2171,0,0
2172,0,0
2173,0,0
2174,0,0
2175,0,0
2176,0,0
2177,0,0
2178,0,0
2179,0,0
2180,0,0
2181,0,0
2182,-6867,1
2183,-6867,0
2184,-6462,1
2185,-6462,0
2186,-6462,0
2187,-5681,1
2188,-5681,0
2189,-5681,0
2190,-5681,0
2191,-5681,0
2192,-5681,0
2193,-5681,0
2194,-5681,0
2195,1326,1
2196,1326,0
2197,1326,0
2198,4750,1
2199,4750,0
2200,4750,0
2201,7354,1
2202,5310,1
2203,-5290,1
2204,-11563,1
2205,-9579,1
2206,-9579,0
2207,-9579,0
2208,-9579,0
2209,-9579,0
2210,-9579,0
2211,-9579,0
2212,-16851,1
2213,-16842,1
2214,-25305,1
2215,-25305,0
2216,-25305,0
2217,-25305,0
2218,-25305,0
2219,-25305,0
2220,-25305,0
2221,-25305,0
2222,-25305,0
2223,-25305,0
2224,-25305,0
2225,-25305,0
2226,-25305,0
2227,-25305,0
2228,-25305,0
2229,-25305,0
2230,-25305,0
2231,-25305,0
2232,-25158,1
2233,-25158,0
2234,-25158,0
2235,-33594,1
2236,-33594,0
2237,-33958,1
2238,-33958,0
2239,-33958,0
2240,-33958,0
2241,-26585,1
2242,-26585,0
2243,-26585,0
2244,-26585,0
2245,0,0
2246,0,0
2247,11872,1
2248,15040,1
2249,14065,1
2250,14065,0
2251,15527,1
2252,15527,0
2253,15527,0
2254,24041,1
2255,24041,0
2256,0,0
2257,0,0
2258,1694,1
2259,1694,0
2260,1694,0
2261,1694,0
2262,396,1
2263,0,0
2264,0,0
2265,-1560,1
2266,-1560,0
2267,-1560,0
2268,0,0
2269,0,0
2270,-5778,1
2271,-3951,1
2272,-3951,0
2273,-3951,0
2274,-3951,0
2275,-3951,0
2276,-3951,0
2277,-3951,0
2278,-4335,1
2279,-4335,0
2280,-4335,0
2281,-4335,0
2282,-4335,0
2283,-695,1
2284,-695,0
2285,-695,0
2286,-695,0
2287,-1563,1
2288,-1563,0
2289,-1563,0
2290,-2625,1
2291,-2625,0
2292,-2625,0
2293,-2625,0
2294,-2625,0
2295,-2625,0
2296,-2625,0
2297,-2625,0
2298,-2625,0
2299,-6125,1
2300,-6125,0
2301,0,0
2302,-9270,1
2303,-10510,1
2304,-10510,0
2305,-10510,0
2306,-10510,0
2307,-10510,0
2308,-10510,0
2309,-10510,0
2310,-10510,0
2311,-8665,1
2312,-8665,0
2313,-8665,0
2314,-8665,0
2315,-8665,0
2316,-8665,0
2317,-9985,1
2318,-9985,0
2319,-9985,0
2320,-11539,1
2321,-11539,0
2322,-11539,0
2323,-11516,1
2324,-11516,0
2325,-11516,0
2326,-11516,0
2327,-11516,0
2328,-11516,0
2329,0,0
2330,6272,1
2331,6272,0
2332,6272,0
2333,6272,0
2334,6272,0
2335,6272,0
2336,6272,0
2337,6265,1
2338,6265,0
2339,6265,0
2340,287,1
2341,287,0
2342,287,0
2343,287,0
2344,-6445,1
2345,-6445,0
2346,-6445,0
2347,-6445,0
2348,-8156,1
2349,-8156,0
2350,-8156,0
2351,-8156,0
2352,-8156,0
2353,-5270,1
2354,-5270,0
2355,-5270,0
2356,-5422,1
2357,-5422,0
2358,-5422,0
2359,0,0
2360,0,0
2361,3390,1
2362,10356,1
2363,10356,0
2364,10356,0
2365,10356,0
2366,10356,0
2367,10356,0
2368,10356,1
2369,10356,0
2370,10356,0
2371,10356,0
2372,8340,1
2373,8340,0
2374,8340,0
2375,8340,0
2376,8340,0
2377,8340,0
2378,8340,0
2379,8340,0
2380,7020,1
2381,7020,0
2382,7020,0
2383,7020,0
2384,7020,0
2385,7020,0
2386,7020,0
2387,7020,0
2388,7020,0
2389,7020,0
2390,7020,0
2391,7020,0
2392,7020,0
2393,9572,1
2394,9572,0
2395,9572,0
2396,9572,0
2397,9572,0
2398,9572,0
2399,9572,0
2400,9572,0
2401,9572,0
2402,9572,0
2403,0,0
2404,5858,1
2405,5698,1
2406,5698,0
2407,0,0
2408,0,0
2409,0,0
2410,-1200,1
2411,-2170,1
2412,-2170,0
2413,-4023,1
2414,-4023,0
2415,-4023,0
2416,0,0
2417,0,0
2418,0,0
2419,3685,1
2420,6537,1
2421,6537,0
2422,6682,1
2423,858,1
2424,858,0
2425,858,0
2426,858,0
2427,858,0
2428,2216,1
2429,4716,1
2430,4076,1
2431,0,0
2432,3139,1
2433,3139,0
2434,-1978,1
2435,-1978,0
2436,-1378,1
2437,-1378,0
2438,13862,1
2439,13627,1
2440,13627,0
2441,9403,1
2442,0,0
2443,0,0
2444,-5520,1
2445,2280,1
2446,2280,0
2447,2280,0
2448,2280,0
2449,2280,0
2450,2280,0
2451,2280,0
2452,2280,0
2453,2280,0
2454,2280,0
2455,2280,0
2456,2280,0
2457,2280,0
2458,2280,0
2459,2280,0
2460,-5352,1
2461,-5352,0
2462,-5352,0
2463,-5352,0
2464,0,0
2465,975,1
2466,975,0
2467,0,0
2468,-252,1
2469,1608,1
2470,1356,1
2471,1356,0
2472,1356,0
2473,1356,0
2474,-5574,1
2475,-5574,0
2476,-5574,0
2477,-5574,0
2478,-8049,1
2479,-9001,1
2480,-9001,0
2481,-8649,1
2482,-8649,0
2483,-8649,0
2484,-8649,0
2485,-8649,0
2486,-8649,0
2487,-8649,0
2488,-8649,0
2489,-8649,0
2490,-8649,0
2491,-8649,0
2492,-12329,1
2493,-7593,1
2494,-11306,1
2495,-11306,0
2496,-11306,0
2497,-11306,0
2498,-11306,0
2499,-11306,0
2500,-4770,1
2501,-4770,0
2502,-4770,0
2503,-4770,0
2504,-4770,0
2505,-9918,1
2506,-9918,0
2507,-9918,0
2508,-9918,0
2509,-9918,0
2510,-9918,0
2511,-9918,0
2512,-3774,1
2513,-834,1
2514,-834,0
2515,-834,1
2516,-834,0
2517,-834,0
2518,-834,0
2519,-834,0
2520,-834,0
2521,-834,0
2522,-834,0
2523,-834,0
2524,-834,0
2525,-834,0
2526,-834,0
2527,-834,0
2528,-4299,1
2529,-5783,1
2530,-5783,0
2531,0,0
2532,0,0
2533,0,0
2534,0,0
2535,0,0
2536,0,0
2537,0,0
2538,0,0
2539,0,0
2540,0,0
2541,-3403,1
2542,-3403,0
2543,-15866,1
2544,-15866,0
2545,-15866,0
2546,-15866,0
2547,-15866,0
2548,-15733,1
2549,-10857,1
2550,-10857,0
2551,-10857,0
2552,-10857,0
2553,-10857,0
2554,-10857,0
2555,-10857,0
2556,-10857,0
2557,-10857,0
2558,-10857,0
2559,-11409,1
2560,-11409,0
2561,-11409,0
2562,-11409,0
2563,-11409,0
2564,-11409,0
2565,-11409,0
2566,-11409,0
2567,-4561,1
2568,-4561,0
2569,-4561,0
2570,-4561,0
2571,-4561,0
2572,-4561,0
2573,-4561,0
2574,-4561,0
2575,-4561,0
2576,-5137,1
2577,-5137,0
2578,-5137,0
2579,-5137,0
2580,-10237,1
2581,-6772,1
2582,-6772,0
2583,-6772,0
2584,-6772,0
2585,-6772,0
2586,-6772,0
2587,-8444,1
2588,0,0
2589,-2093,1
2590,-2093,0
2591,-2093,0
2592,-2093,0
2593,0,0
2594,0,0
2595,0,0
2596,0,0
2597,-412,1
2598,50,1
2599,50,0
2600,50,0
2601,50,0
2602,0,0
2603,0,0
2604,0,0
2605,0,0
2606,0,0
2607,-3910,1
2608,-3910,0
2609,-3910,0
2610,0,0
2611,-350,1
2612,1522,1
2613,1522,0
2614,1522,0
2615,1522,0
2616,3247,1
2617,2767,1
2618,2767,0
2619,2767,0
2620,2767,0
2621,13631,1
2622,13631,0
2623,13631,0
2624,13631,0
2625,13631,0
2626,0,0
2627,0,0
2628,0,0
2629,-5290,1
2630,-5290,0
2631,-5290,0
2632,-5290,0
2633,-5290,0
2634,-5290,0
2635,-5290,0
2636,-5290,0
2637,0,0
2638,0,0
2639,0,0
2640,0,0
2641,0,0
2642,0,0
2643,0,0
2644,0,0
2645,0,0
2646,0,0
2647,0,0
2648,0,0
2649,0,0
2650,0,0
2651,1080,1
2652,4521,1
2653,-235,1
2654,-235,0
2655,-235,0
2656,0,0
2657,0,0
2658,3683,1
2659,3683,0
2660,3683,0
2661,-317,1
2662,-317,0
2663,-317,0
2664,-317,0
2665,-317,0
2666,-317,0
2667,-317,0
2668,-317,0
2669,2483,1
2670,2483,0
2671,2483,0
2672,2483,0
2673,2483,0
2674,2483,0
2675,2483,0
2676,2483,0
2677,2483,0
2678,2483,0
2679,2483,0
2680,2483,0
2681,2483,0
2682,2747,1
2683,2747,0
2684,1949,1
2685,2237,1
2686,2237,0
2687,2237,0
2688,2237,0
2689,2362,1
2690,-2216,1
2691,-2216,0
2692,-2216,0
2693,-2216,0
2694,-2216,0
2695,-2216,0
2696,-2216,0
2697,-2216,0
2698,-2216,0
2699,-1281,1
2700,-1281,0
2701,-1281,0
2702,-1995,1
2703,1380,1
2704,495,1
2705,0,0
2706,0,0
2707,0,0
2708,-976,1
2709,-976,0
2710,1152,1
2711,1152,0
2712,1152,0
2713,1152,0
2714,1152,0
2715,1152,0
2716,1152,0
2717,1152,0
2718,-9906,1
2719,-14570,1
2720,-14570,0
2721,-14570,0
2722,-14570,0
2723,-14570,0
2724,-14570,0
2725,-9045,1
2726,-9045,0
2727,-9045,0
2728,-9045,0
2729,-9045,1
2730,-9045,0
2731,-9045,0
2732,-9045,0
2733,-9045,0
2734,-9045,0
2735,-9045,0
2736,-9045,0
2737,-9045,0
2738,-9045,0
2739,-10527,1
2740,-10527,0
2741,-10437,1
2742,-7169,1
2743,-9275,1
2744,-9275,0
2745,-9275,0
2746,-9275,0
2747,-9275,0
2748,-9275,0
2749,-10494,1
2750,-10494,0
2751,-10494,0
2752,-10494,0
2753,-6572,1
2754,-4294,1
2755,-12754,1
2756,-8794,1
2757,-8794,0
2758,-9444,1
2759,-9444,0
2760,-1212,1
2761,-1212,0
2762,-1212,0
2763,-1212,0
2764,-1212,0
2765,-1212,0
2766,-1212,0
2767,-1212,0
2768,-1212,0
2769,5029,1
2770,4129,1
2771,-11121,1
2772,-11121,0
2773,-11121,0
2774,-11621,1
2775,-11621,0
2776,0,0
2777,0,0
2778,0,0
2779,396,1
2780,396,0
2781,396,0
2782,396,0
2783,396,0
2784,396,0
2785,396,0
2786,396,0
2787,396,0
2788,-4140,1
2789,-812,1
2790,-5980,1
2791,-10660,1
2792,-7888,1
2793,-7888,0
2794,5150,1
2795,5150,0
2796,5150,0
2797,5150,0
2798,740,1
2799,740,0
2800,-5210,1
2801,-5210,0
2802,-870,1
2803,-870,0
2804,0,0
2805,0,0
2806,-10810,1
2807,-23186,1
2808,-23186,0
2809,-23186,0
2810,-23186,0
2811,0,0
2812,0,0
2813,0,0
2814,0,0
2815,-2958,1
2816,-2958,0
2817,-2958,0
2818,-4522,1
2819,-4522,0
2820,1245,1
2821,4661,1
2822,1073,1
2823,-1321,1
2824,-199,1
2825,-199,0
2826,-199,0
2827,-199,0
2828,-199,0
2829,-199,0
2830,3821,1
2831,3821,0
2832,1475,1
2833,1475,0
2834,1475,0
2835,1475,0
2836,1475,0
2837,1475,0
2838,1475,0
2839,1475,0
2840,-2520,1
2841,-2520,0
2842,-2520,0
2843,-2520,0
2844,-2520,0
2845,-2520,0
2846,-2520,0
2847,-2520,0
2848,-2520,0
2849,-2520,0
2850,-2520,0
2851,-2520,0
2852,-2520,0
2853,-2520,0
2854,-2520,0
2855,-2520,0
2856,-2520,0
2857,-2520,0
2858,-2520,0
2859,-2520,0
2860,-2520,0
2861,-2520,0
2862,-2520,0
2863,-2520,0
2864,-2520,0
2865,-2520,0
2866,-8408,1
2867,-8408,0
2868,3208,1
2869,2776,1
2870,2776,0
2871,6676,1
2872,6676,0
2873,12976,1
2874,16760,1
2875,16760,0
2876,16760,0
2877,16760,0
2878,16760,0
2879,16760,0
2880,14555,1
2881,14555,0
2882,14555,0
2883,14555,0
2884,14555,0
2885,15765,1
2886,24498,1
2887,24498,0
2888,24498,0
2889,24498,0
2890,33054,1
2891,32452,1
2892,32452,0
2893,36448,1
2894,36448,0
2895,36448,0
2896,36448,0
2897,36448,0
2898,36448,0
2899,36448,0
2900,36448,0
2901,0,0
2902,-645,1
2903,-5370,1
2904,-4979,1
2905,-4979,0
2906,-1454,1
2907,-1454,0
2908,-1454,0
2909,-1454,0
2910,-1454,0
2911,-1454,0
2912,-1454,0
2913,-1454,0
2914,-2874,1
2915,-2874,0
2916,-2874,0
2917,-2874,0
2918,-2874,0
2919,-2874,0
2920,-2874,0
2921,-2874,0
2922,-2874,0
2923,-3738,1
2924,-3738,0
2925,-822,1
2926,-822,0
2927,0,0
2928,0,0
2929,3136,1
2930,3136,0
2931,3136,0
2932,3136,0
2933,3136,0
2934,3136,0
2935,5376,1
2936,5376,0
2937,5376,0
2938,5376,0
2939,5376,0
2940,5658,1
2941,5658,0
2942,5658,0
2943,5658,0
2944,5658,0
2945,5658,0
2946,5658,0
2947,5658,0
2948,5658,0
2949,5658,0
2950,5658,0
2951,0,0
2952,1904,1
2953,2027,1
2954,2027,0
2955,2027,0
2956,-8518,1
2957,-8518,0
2958,-8518,0
2959,-8518,0
2960,-18123,1
2961,-18123,0
2962,-18123,0
2963,-18123,0
2964,-18123,0
2965,-22023,1
2966,-22175,1
2967,-22175,0
2968,-22175,0
2969,-22175,0
2970,-22175,0
2971,-22175,0
2972,-14741,1
2973,0,0
2974,0,0
2975,0,0
2976,0,0
2977,0,0
2978,0,0
2979,0,0
2980,0,0
2981,0,0
2982,-12078,1
2983,-12078,0
2984,-12078,0
2985,-12078,0
2986,-12078,0
2987,-12078,0
2988,-12078,0
2989,-10258,1
2990,-10258,0
2991,-10258,0
2992,-6724,1
2993,-6754,1
2994,-6754,0
2995,-6754,0
2996,-6754,0
2997,0,0
2998,0,0
2999,0,0
3000,0,0
3001,-775,1
3002,-775,0
3003,0,0
3004,0,0
3005,0,0
3006,0,0
3007,0,0
3008,0,0
3009,0,0
3010,0,0
3011,0,0
3012,0,0
3013,0,0
3014,0,0
3015,0,0
3016,0,0
3017,0,0
3018,0,0
3019,0,0
3020,0,0
3021,4140,1
3022,-2182,1
3023,-9044,1
3024,-9520,1
3025,-9520,0
3026,-9520,0
3027,-9520,0
3028,-9520,0
3029,-12064,1
3030,-12064,0
3031,-13664,1
3032,0,0
3033,0,0
3034,0,0
3035,-10032,1
3036,-10032,0
3037,-10032,0
3038,-10032,0
3039,-10032,0
3040,-10032,0
3041,-10032,0
3042,-10032,0
3043,-10032,0
3044,-10032,0
3045,-12265,1
3046,-12265,0
3047,-12265,0
3048,-12265,0
3049,-12265,0
3050,-12265,0
3051,-12265,0
3052,-12265,0
3053,-12265,0
3054,-169,1
3055,-169,0
3056,-975,1
3057,-975,0
3058,-975,0
3059,-975,0
3060,3143,1
3061,3143,0
3062,3143,0
3063,3143,0
3064,3143,0
3065,2868,1
3066,2868,0
3067,2868,0
3068,2868,0
3069,2868,0
3070,2868,0
3071,2868,0
3072,2868,0
3073,2868,0
3074,2868,0
3075,2868,0
3076,12658,1
3077,12658,0
3078,12658,0
3079,13711,1
3080,13711,0
3081,13711,0
3082,13711,0
3083,13711,0
3084,13711,0
3085,13711,0
3086,13711,0
3087,13074,1
3088,13074,0
3089,13074,0
3090,13074,0
3091,13074,0
3092,13074,0
3093,13074,0
3094,13074,0
3095,13074,0
3096,13074,0
3097,13074,0
3098,13074,0
3099,13074,0
3100,13074,0
3101,13074,0
3102,8250,1
3103,4554,1
3104,4554,0
3105,4554,0
3106,4554,0
3107,4554,0
3108,4554,0
3109,4554,0
3110,4554,0
3111,4554,0
3112,4554,0
3113,4554,0
3114,4554,0
3115,4554,0
3116,13329,1
3117,13329,0
3118,13329,0
3119,13329,0
3120,13329,0
3121,15489,1
3122,14985,1
3123,11709,1
3124,11709,0
3125,11709,0
3126,11709,0
3127,11709,0
3128,0,0
3129,0,0
3130,0,0
3131,0,0
3132,7304,1
3133,0,0
3134,0,0
3135,0,0
3136,0,0
3137,0,0
3138,0,0
3139,0,0
3140,-12210,1
3141,-12210,0
3142,-12210,0
3143,-13746,1
3144,-13746,0
3145,-13746,0
3146,-13746,0
3147,-13746,0
3148,0,0
3149,0,0
3150,0,0
3151,0,0
3152,0,0
3153,0,0
3154,0,0
3155,0,0
3156,0,0
3157,-1271,1
3158,-1271,0
3159,-1271,0
3160,-1271,0
3161,-1271,0
3162,-620,1
3163,-620,0
3164,-620,0
3165,-620,0
3166,-620,0
3167,7080,1
3168,7080,0
3169,7080,0
3170,13878,1
3171,13878,0
3172,13878,0
3173,13878,0
3174,13878,0
3175,14080,1
3176,14080,0
3177,14080,0
3178,14080,0
3179,14080,0
3180,15391,1
3181,16759,1
3182,16759,0
3183,19151,1
3184,19151,0
3185,19151,0
3186,19151,0
3187,5744,1
3188,5744,0
3189,5744,0
3190,5744,0
3191,5744,0
3192,3544,1
3193,3544,0
3194,-2630,1
3195,-2630,0
3196,0,0
3197,0,0
3198,0,0
3199,-81,1
3200,-81,0
3201,0,0
3202,0,0
3203,0,1
3204,0,0
3205,0,0
3206,-1054,1
3207,-1054,0
3208,-1054,0
3209,-1054,0
3210,0,0
3211,-924,1
3212,-924,0
3213,-924,0
3214,-924,0
3215,-924,0
3216,-924,0
3217,-924,0
3218,8004,1
3219,8004,0
3220,3774,1
3221,3774,0
3222,3774,0
3223,3774,0
3224,3774,0
3225,4799,1
3226,2629,1
3227,7201,1
3228,7201,0
3229,7201,0
3230,7201,0
3231,8735,1
3232,8735,0
3233,8735,0
3234,8735,0
3235,8735,0
3236,8735,0
3237,8735,0
3238,8735,0
3239,8735,0
3240,9023,1
3241,9023,0
3242,9023,0
3243,9023,0
3244,5453,1
3245,5453,0
3246,5453,0
3247,5453,0
3248,5453,0
3249,5453,0
3250,5453,0
3251,5453,0
3252,5453,0
3253,5453,0
3254,5453,0
3255,5453,0
3256,5453,0
3257,5453,0
3258,5453,0
3259,5453,0
3260,5453,0
3261,5453,0
3262,5453,0
3263,10829,1
3264,10829,0
3265,10829,0
3266,11885,1
3267,11885,0
3268,6685,1
3269,6685,0
3270,14485,1
3271,14485,0
3272,14485,0
3273,14485,0
3274,14485,0
3275,14485,0
3276,18885,1
3277,21277,1
3278,24709,1
3279,31794,1
3280,31794,0
3281,31794,0
3282,31794,0
3283,31794,0
3284,31794,0
3285,31794,0
3286,31794,0
3287,31794,0
3288,31794,0
3289,31794,0
3290,31794,0
3291,40944,1
3292,40944,0
3293,40944,0
3294,40944,0
3295,46248,1
3296,46248,0
3297,47748,1
3298,47748,0
3299,47748,0
3300,47748,0
3301,59373,1
3302,59373,0
3303,59373,0
3304,59373,0
3305,51350,1
3306,51350,0
3307,46209,1
3308,46209,0
3309,46209,0
3310,46209,0
3311,46209,0
3312,49631,1
3313,49631,0
3314,49631,0
3315,49631,0
3316,49631,0
3317,49631,0
3318,49631,0
3319,49631,0
3320,49631,0
3321,49631,0
3322,49631,0
3323,49141,1
3324,46601,1
3325,46601,0
3326,46601,0
3327,47801,1
3328,47801,0
3329,48237,1
3330,48237,0
3331,53067,1
3332,52137,1
3333,52137,0
3334,52137,0
3335,0,0
3336,0,0
3337,0,0
3338,0,0
3339,0,0
3340,3388,1
3341,3388,0
3342,5602,1
3343,5602,0
3344,0,0
3345,-1992,1
3346,-1992,0
3347,-1992,0
3348,1792,1
3349,1792,0
3350,1792,0
3351,-1400,1
3352,-1400,0
3353,-1400,0
3354,420,1
3355,420,0
3356,420,0
3357,420,0
3358,420,0
3359,420,0
3360,420,0
3361,420,0
3362,420,0
3363,0,0
3364,0,0
3365,0,0
3366,0,0
3367,-2747,1
3368,-2747,0
3369,-2747,0
3370,-2027,1
3371,-2027,0
3372,-2027,0
3373,-4327,1
3374,-4187,1
3375,-4031,1
3376,-4031,0
3377,-4031,0
3378,-4031,0
3379,-4031,0
3380,-4031,0
3381,-3302,1
3382,-3302,0
3383,-3302,0
3384,-3302,0
3385,0,0
3386,0,0
3387,9150,1
3388,10228,1
3389,13364,1
3390,14594,1
3391,14594,0
3392,14594,0
3393,14594,0
3394,27594,1
3395,42707,1
3396,42707,0
3397,43422,1
3398,43422,0
3399,43422,0
3400,43422,0
3401,0,0
3402,0,0
3403,0,0
3404,0,0
3405,9775,1
3406,9775,0
3407,9775,0
3408,6697,1
3409,0,0
3410,0,0
3411,0,0
3412,0,0
3413,-775,1
3414,-775,0
3415,6031,1
3416,6031,0
3417,6031,0
3418,6031,0
3419,6031,0
3420,6031,0
3421,6031,0
3422,4981,1
3423,4981,0
3424,-787,1
3425,-787,0
3426,-787,0
3427,-787,0
3428,-787,0
3429,-787,0
3430,-787,0
3431,-262,1
3432,-262,0
3433,4320,1
3434,5820,1
3435,5820,0
3436,5820,0
3437,5820,0
3438,5820,0
3439,5820,0
3440,5820,0
3441,5820,0
3442,2768,1
3443,2768,0
3444,2768,0
3445,2768,0
3446,2768,0
3447,2193,1
3448,2193,0
3449,2193,0
3450,1545,1
3451,1545,0
3452,-7605,1
3453,4691,1
3454,0,0
3455,4410,1
3456,4410,0
3457,4410,0
3458,2210,1
3459,2210,0
3460,2210,0
3461,2210,0
3462,2210,0
3463,2210,0
3464,2210,0
3465,2210,0
3466,2822,1
3467,2822,0
3468,-2715,1
3469,-2715,0
3470,-2715,0
3471,-2715,0
3472,-2715,0
3473,-2715,0
3474,-2715,0
3475,-10738,1
3476,-10738,0
3477,-10738,0
3478,-10738,0
3479,-10738,0
3480,-10738,0
3481,-9352,1
3482,-9352,0
3483,-9352,0
3484,-9352,0
3485,-9352,0
3486,-13492,1
3487,-10258,1
3488,-10258,0
3489,-10258,0
3490,-10258,0
3491,-10258,0
3492,-10258,0
3493,-10258,0
3494,-10258,0
3495,-10258,0
3496,-10258,0
3497,-18406,1
3498,0,0
3499,-5400,1
3500,-5400,0
3501,-5400,0
3502,-5400,0
3503,0,0
3504,0,0
3505,0,0
3506,0,0
3507,0,0
3508,0,0
3509,0,0
3510,4560,1
3511,4560,0
3512,4560,0
3513,0,0
3514,-1020,1
3515,-30,1
3516,-30,0
3517,-30,0
3518,-30,0
3519,-30,0
3520,-30,0
3521,-30,0
3522,-30,0
3523,-30,0
3524,-30,0
3525,-30,0
3526,-30,0
3527,-30,0
3528,-30,0
3529,-30,0
3530,-30,0
3531,100,1
3532,100,0
3533,100,0
3534,100,0
3535,100,0
3536,100,0
3537,11908,1
3538,11908,0
3539,11908,0
3540,11908,0
3541,11908,0
3542,6028,1
3543,6028,0
3544,1056,1
3545,1056,0
3546,792,1
3547,792,0
3548,792,0
3549,792,0
3550,792,0
3551,792,0
3552,4752,1
3553,4752,0
3554,4752,0
3555,4752,0
3556,4752,0
3557,4752,0
3558,4752,0
3559,4752,0
3560,12125,1
3561,12125,0
3562,12125,0
3563,13147,1
3564,13147,0
3565,13147,0
3566,13147,0
3567,13147,0
3568,13147,0
3569,22543,1
3570,22543,0
3571,22543,0
3572,17207,1
3573,17207,0
3574,17207,0
3575,15307,1
3576,24323,1
3577,24323,0
3578,24323,0
3579,24323,0
3580,26603,1
3581,26603,0
3582,26603,0
3583,32968,1
3584,32968,0
3585,32968,0
3586,32968,0
3587,32968,0
3588,38663,1
3589,38663,0
3590,38663,0
3591,39349,1
3592,39349,0
3593,39349,0
3594,51005,1
3595,51005,0
3596,51005,0
3597,51005,0
3598,51005,0
3599,51869,1
3600,51869,0
3601,51869,0
3602,51869,0
3603,54039,1
3604,54039,0
3605,58395,1
3606,58395,0
3607,58395,0
3608,58395,0
3609,58493,1
3610,58493,0
3611,58493,0
3612,58493,0
3613,58493,0
3614,58493,0
3615,58493,0
3616,58493,0
3617,58493,0
3618,63433,1
3619,63433,0
3620,63433,0
3621,63433,0
3622,65875,1
3623,65875,0
3624,65875,0
3625,67604,1
3626,67604,0
3627,67604,0
3628,67604,0
3629,65804,1
3630,59259,1
3631,59259,0
3632,52714,1
3633,0,0
3634,0,0
3635,0,0
3636,0,0
3637,5040,1
3638,5040,0
3639,5040,0
3640,5040,0
3641,5040,0
3642,5040,0
3643,5040,0
3644,5040,0
3645,5040,0
3646,5040,0
3647,0,0
3648,0,0
3649,0,0
3650,0,0
3651,6806,1
3652,0,0
3653,0,0
3654,667,1
3655,667,0
3656,667,0
3657,0,0
3658,-1242,1
3659,-1242,0
3660,-1242,0
3661,-1219,1
3662,-1219,0
3663,-1219,0
3664,-5681,1
3665,-5681,0
3666,-12583,1
3667,-12487,1
3668,-3874,1
3669,-3874,0
3670,-3874,0
3671,-3874,0
3672,-3874,0
3673,-3874,0
3674,-12344,1
3675,-12344,0
3676,-12344,0
3677,-12344,0
3678,-12344,0
3679,-12344,0
3680,-12344,0
3681,-14684,1
3682,-21110,1
3683,-21110,0
3684,-14620,1
3685,-14620,0
3686,-14620,0
3687,-14620,0
3688,-14620,0
3689,-14620,0
3690,-14620,0
3691,-14620,0
3692,-14620,0
3693,-14620,0
3694,-14620,0
3695,-14620,0
3696,-14620,0
3697,-14620,0
3698,-14620,0
3699,-14620,0
3700,-18122,1
3701,-18122,0
3702,-18122,0
3703,-16986,1
3704,-16986,0
3705,-16986,0
3706,-13584,1
3707,-13584,0
3708,-13584,0
3709,-13584,0
3710,-19854,1
3711,-19854,0
3712,-19854,0
3713,0,0
3714,0,0
3715,215,1
3716,10259,1
3717,10259,0
3718,10259,0
3719,6499,1
3720,6499,0
3721,6499,0
3722,6499,0
3723,6499,0
3724,6499,0
3725,6499,0
3726,6499,0
3727,6499,0
3728,3801,1
3729,3801,0
3730,3801,0
3731,3801,0
3732,3801,0
3733,1128,1
3734,1128,0
3735,1128,0
3736,1128,0
3737,1128,0
3738,2168,1
3739,2168,0
3740,2168,0
3741,8274,1
3742,8274,0
3743,8274,0
3744,677,1
3745,677,0
3746,677,0
3747,677,0
3748,677,0
3749,0,0
3750,10824,1
3751,8824,1
3752,8824,0
3753,8824,0
3754,11272,1
3755,11272,0
3756,11272,0
3757,11272,0
3758,11272,0
3759,11272,0
3760,11524,1
3761,11524,0
3762,18724,1
3763,15026,1
3764,16560,1
3765,16560,0
3766,16560,0
3767,16560,0
3768,16560,0
3769,16560,0
3770,16560,0
3771,8682,1
3772,8682,0
3773,8682,0
3774,8682,0
3775,8682,0
3776,7194,1
3777,7194,0
3778,7194,0
3779,7194,0
3780,7194,0
3781,7194,0
3782,7194,0
3783,7194,0
3784,7194,0
3785,7194,0
3786,7194,0
3787,14187,1
3788,14187,0
3789,14187,0
3790,14187,0
3791,12793,1
3792,15673,1
3793,15673,0
3794,15673,0
3795,15673,0
3796,19379,1
3797,33421,1
3798,33421,0
3799,33421,0
3800,33421,0
3801,33421,0
3802,41621,1
3803,41621,0
3804,41621,0
3805,41621,0
3806,41621,0
3807,41621,0
3808,41621,0
3809,41621,0
3810,38371,1
3811,0,0
3812,-12120,1
3813,-12120,0
3814,-18820,1
3815,-18820,0
3816,-18820,0
3817,0,0
3818,0,0
3819,0,0
3820,0,0
3821,3712,1
3822,3712,0
3823,3712,0
3824,3712,0
3825,3712,0
3826,3712,0
3827,3712,0
3828,3712,0
3829,3712,0
3830,3712,0
3831,3712,0
3832,3712,0
3833,3712,0
3834,3712,0
3835,3712,0
3836,-1418,1
3837,-854,1
3838,-854,0
3839,-3689,1
3840,-3689,0
3841,-3689,0
3842,-15506,1
3843,-13534,1
3844,-10986,1
3845,-10986,0
3846,-10986,0
3847,-10986,0
3848,-10986,0
3849,-10986,0
3850,-10986,0
3851,-3386,1
3852,-3386,0
3853,-3386,0
3854,-3386,0
3855,-2954,1
3856,-2954,0
3857,-575,1
3858,-575,0
3859,-575,0
3860,-575,0
3861,3075,1
3862,1425,1
3863,1425,0
3864,4977,1
3865,4977,0
3866,4977,0
3867,4977,0
3868,4977,0
3869,4977,0
3870,4977,0
3871,16908,1
3872,16908,0
3873,16908,0
3874,16908,0
3875,0,0
3876,0,0
3877,0,0
3878,-5852,1
3879,-5852,0
3880,-7022,1
3881,-7022,0
3882,-6666,1
3883,-6666,0
3884,-6666,0
3885,-6666,0
3886,-6666,0
3887,-17682,1
3888,-17682,0
3889,-17682,0
3890,-17682,0
3891,-16923,1
3892,-16923,0
3893,-20628,1
3894,-20628,0
3895,-19154,1
3896,-19154,0
3897,-19154,0
3898,-19154,0
3899,-19154,0
3900,-19154,0
3901,-19154,0
3902,-15046,1
3903,-15046,0
3904,-15046,0
3905,-15046,0
3906,-15046,0
3907,-15046,0
3908,-16810,1
3909,-16810,0
3910,-20074,1
3911,-12482,1
3912,-12482,0
3913,-4482,1
3914,-4482,0
3915,-4222,1
3916,5762,1
3917,5762,0
3918,5762,0
3919,5762,0
3920,5762,0
3921,5762,0
3922,5762,0
3923,5762,0
3924,5762,0
3925,5762,0
3926,5762,0
3927,5762,0
3928,5762,0
3929,5762,0
3930,5762,0
3931,0,0
3932,0,0
3933,0,0
3934,969,1
3935,7129,1
3936,7129,0
3937,-2531,1
3938,-2477,1
3939,-1685,1
3940,-1685,0
3941,-1685,0
3942,-1685,0
3943,-1685,0
3944,-1685,0
3945,-1685,0
3946,-1685,0
3947,-1685,0
3948,-1685,0
3949,-1685,0
3950,-2585,1
3951,-2505,1
3952,-2505,0
3953,-2505,0
3954,-2505,0
3955,-2505,0
3956,-2505,0
3957,-2505,0
3958,-2505,0
3959,-2505,0
3960,-7103,1
3961,-7103,0
3962,-7103,0
3963,-7103,0
3964,-14004,1
3965,-14004,0
3966,-20179,1
3967,-20179,0
3968,-20179,0
3969,-20179,0
3970,-19403,1
3971,-19403,0
3972,-19403,0
3973,-19403,0
3974,-19403,0
3975,-19403,0
3976,-20313,1
3977,-20313,0
3978,-20313,0
3979,-20313,0
3980,-20313,0
3981,-20313,0
3982,-20313,0
3983,-19497,1
3984,-19497,0
3985,-19497,0
3986,-19497,0
3987,-19497,0
3988,-16617,1
3989,-17477,1
3990,-17477,0
3991,-17477,0
3992,-17841,1
3993,-12176,1
3994,-12176,0
3995,-12456,1
3996,-7946,1
3997,-7946,0
3998,-7946,0
3999,-7946,0
4000,-7946,0
4001,-7946,0
4002,-7946,0
4003,-2917,1
4004,-2917,0
4005,7027,1
4006,7027,0
4007,7027,0
4008,7027,0
4009,7027,0
4010,7027,0
4011,-1784,1
4012,-2270,1
4013,-2270,0
4014,3505,1
4015,9931,1
4016,9931,0
4017,9931,0
4018,0,0
4019,0,0
4020,0,0
4021,0,0
4022,0,0
4023,-4140,1
4024,-4140,0
4025,-4140,0
4026,-4140,0
4027,-4140,0
4028,-4140,0
4029,-4140,0
4030,-4140,0
4031,-11436,1
4032,-11436,0
4033,-11436,0
4034,-11436,0
4035,-11436,0
4036,-11402,1
4037,-11402,0
4038,-11402,0
4039,0,0
4040,174,1
4041,174,0
4042,0,0
4043,0,0
4044,0,0
4045,0,0
4046,0,0
4047,0,0
4048,-8610,1
4049,-8610,0
4050,-8610,0
4051,2562,1
4052,2562,0
4053,2562,0
4054,2562,0
4055,2562,0
4056,2562,0
4057,9816,1
4058,9816,0
4059,9816,0
4060,2760,1
4061,2760,0
4062,2760,0
4063,2760,0
4064,2760,0
4065,2760,0
4066,2760,0
4067,2760,0
4068,2760,0
4069,-9105,1
4070,-9105,0
4071,-9105,0
4072,-9105,0
4073,-9105,0
4074,-9105,0
4075,-9105,0
4076,-9105,0
4077,-9105,0
4078,-9105,0
4079,-16905,1
4080,-16905,0
4081,-17649,1
4082,-21369,1
4083,-21369,0
4084,-26369,1
4085,-25632,1
4086,-24436,1
4087,-24436,0
4088,-24436,0
4089,-24436,0
4090,-24436,0
4091,-24436,0
4092,-24436,0
4093,-24436,0
4094,-21396,1
4095,-21396,0
4096,-21396,0
4097,-21396,0
4098,-17868,1
4099,-17868,0
4100,-17868,0
4101,-17868,0
4102,-22764,1
4103,0,0
4104,0,0
4105,-6474,1
4106,-6474,0
4107,-6474,0
4108,-6474,0
4109,-6474,0
4110,-6474,0
4111,-6474,0
4112,-8778,1
4113,-10135,1
4114,-10135,0
4115,-10135,0
4116,-10135,0
4117,-9787,1
4118,-9787,0
4119,-9787,0
4120,-9787,0
4121,-8987,1
4122,-10499,1
4123,-22598,1
4124,-22598,0
4125,-22598,0
4126,-18230,1
4127,-17138,1
4128,0,0
4129,0,0
4130,0,0
4131,0,0
4132,0,0
4133,-64,1
4134,-64,0
4135,-64,0
4136,-64,0
4137,-64,0
4138,-64,0
4139,-64,0
4140,-64,0
4141,-64,0
4142,-64,0
4143,-64,0
4144,-64,0
4145,-4296,1
4146,-4296,0
4147,-4296,0
4148,-7221,1
4149,-15435,1
4150,-15435,0
4151,-14580,1
4152,0,0
4153,-749,1
4154,-749,0
4155,-749,0
4156,-749,0
4157,-5402,1
4158,-5402,0
4159,-5402,0
4160,-5402,0
4161,-5402,0
4162,-3842,1
4163,-3842,0
4164,-3842,0
4165,-3842,0
4166,1527,1
4167,1527,0
4168,1527,0
4169,1527,0
4170,4686,1
4171,4686,0
4172,4686,0
4173,-258,1
4174,-258,0
4175,-258,0
4176,-769,1
4177,-769,0
4178,-769,0
4179,5426,1
4180,2682,1
4181,2682,0
4182,2682,0
4183,2682,0
4184,5118,1
4185,2904,1
4186,2904,0
4187,2904,0
4188,2904,0
4189,2904,0
4190,2904,0
4191,2904,0
4192,4232,1
4193,4881,1
4194,4881,0
4195,4881,0
4196,7626,1
4197,7626,0
4198,5078,1
4199,5078,0
4200,5078,0
4201,5170,1
4202,5170,0
4203,5170,0
4204,5075,1
4205,5075,0
4206,15107,1
4207,16419,1
4208,16419,0
4209,28035,1
4210,28035,0
4211,28035,0
4212,28035,0
4213,28035,0
4214,26268,1
4215,26268,0
4216,24668,1
4217,24668,0
4218,37966,1
4219,37966,0
4220,37966,0
4221,37966,0
4222,37966,0
4223,37865,1
4224,37865,0
4225,37865,0
4226,37865,0
4227,37865,0
4228,37865,0
4229,37865,0
4230,37865,0
4231,37865,0
4232,37865,0
4233,37865,0
4234,37865,0
4235,37865,0
4236,37865,0
4237,37865,0
4238,37865,0
4239,37865,0
4240,37865,0
4241,35657,1
4242,35657,0
4243,32612,1
4244,32612,0
4245,29452,1
4246,30778,1
4247,30778,0
4248,30778,0
4249,30778,0
4250,30778,0
4251,30778,0
4252,30778,0
4253,30778,0
4254,30778,0
4255,30778,0
4256,30778,0
4257,30778,0
4258,30778,0
4259,40618,1
4260,40618,0
4261,40618,0
4262,40618,0
4263,40618,0
4264,40618,0
4265,40618,0
4266,40618,0
4267,40618,0
4268,40618,0
4269,0,0
4270,0,0
4271,8190,1
4272,8190,0
4273,8190,0
4274,8190,0
4275,7908,1
4276,7908,0
4277,7908,0
4278,7908,0
4279,2958,1
4280,2958,0
4281,2958,0
4282,2958,0
4283,0,0
4284,0,0
4285,0,0
4286,0,0
4287,0,0
4288,-9215,1
4289,-9215,0
4290,-9215,0
4291,-9215,0
4292,-9215,0
4293,-9215,0
4294,-9215,0
4295,-9215,0
4296,-9215,0
4297,-9215,0
4298,-9215,0
4299,-9215,0
4300,1081,1
4301,1081,0
4302,1081,0
4303,1081,0
4304,0,0
4305,0,0
4306,0,0
4307,-19,1
4308,-19,0
4309,3653,1
4310,3653,0
4311,12163,1
4312,12163,0
4313,12163,0
4314,12163,0
4315,12163,0
4316,12163,0
4317,12163,0
4318,12163,0
4319,12163,0
4320,12163,0
4321,3451,1
4322,3451,0
4323,3451,0
4324,-1690,1
4325,2300,1
4326,4156,1
4327,4156,0
4328,4156,0
4329,4156,0
4330,1608,1
4331,1608,0
4332,1608,0
4333,1608,0
4334,1608,0
4335,1608,0
4336,0,0
4337,-12348,1
4338,-12348,0
4339,-12348,0
4340,-11116,1
4341,-11116,0
4342,-11347,1
4343,-11347,0
4344,-11347,0
4345,-11347,0
4346,-11347,0
4347,-11347,0
4348,-11347,0
4349,-11347,0
4350,-11347,0
4351,-11347,0
4352,-15343,1
4353,-12355,1
4354,-12355,0
4355,-12355,0
4356,-12355,0
4357,-12355,0
4358,-7757,1
4359,-7757,0
4360,-7757,0
4361,-7757,0
4362,-7757,0
4363,-568,1
4364,-568,0
4365,-568,0
4366,-568,0
4367,3345,1
4368,3345,0
4369,3345,0
4370,3345,0
4371,3345,0
4372,1041,1
4373,11821,1
4374,0,0
4375,0,0
4376,0,0
4377,0,0
4378,0,0
4379,0,0
4380,0,0
4381,0,0
4382,0,0
4383,8715,1
4384,8715,0
4385,8412,1
4386,8412,0
4387,8412,0
4388,8313,1
4389,8313,0
4390,8313,0
4391,8313,0
4392,12912,1
4393,12912,0
4394,12912,0
4395,18639,1
4396,18639,0
4397,18639,0
4398,18639,0
4399,18639,0
4400,18639,0
4401,18639,0
4402,0,0
4403,0,0
4404,0,0
4405,0,0
4406,0,0
4407,0,0
4408,-2698,1
4409,-1617,1
4410,-1617,0
4411,-1617,0
4412,-1617,0
4413,-1617,0
4414,-1617,0
4415,-1617,0
4416,-1617,0
4417,-1617,0
4418,-1617,0
4419,-1617,0
4420,-1617,0
4421,-1617,0
4422,-1617,0
4423,0,0
4424,0,0
4425,2046,1
4426,2046,0
4427,2046,0
4428,2046,0
4429,2046,0
4430,4041,1
4431,5256,1
4432,5256,0
4433,5256,0
4434,5256,0
4435,5304,1
4436,5304,0
4437,5304,0
4438,5304,0
4439,12264,1
4440,13864,1
4441,6115,1
4442,6115,0
4443,6115,0
4444,14123,1
4445,14123,0
4446,14123,0
4447,14123,0
4448,14123,0
4449,14123,0
4450,20731,1
4451,20731,0
4452,20731,0
4453,20731,0
4454,20731,0
4455,20731,0
4456,20731,1
4457,20731,0
4458,20731,0
4459,20731,0
4460,23251,1
4461,18155,1
4462,18155,0
4463,18155,0
4464,13276,1
4465,13276,0
4466,13276,0
4467,13276,0
4468,13276,0
4469,13276,0
4470,13276,0
4471,13276,0
4472,13276,0
4473,6577,1
4474,8137,1
4475,8137,0
4476,8137,0
4477,0,0
4478,0,0
4479,0,0
4480,0,0
4481,-2160,1
4482,-2160,0
4483,-2160,0
4484,-2160,0
4485,-2160,0
4486,-5820,1
4487,-1062,1
4488,-1062,0
4489,-1062,0
4490,-1062,0
4491,-1062,0
4492,4034,1
4493,4034,0
4494,8990,1
4495,8990,0
4496,0,0
4497,0,0
4498,0,0
4499,0,0
4500,12954,1
4501,12954,0
4502,12954,0
4503,22169,1
4504,22169,0
4505,22169,0
4506,22169,0
4507,22169,0
4508,22169,0
4509,22169,0
4510,27597,1
4511,27597,0
4512,27597,0
4513,27597,0
4514,34573,1
4515,34573,0
4516,34573,0
4517,0,0
4518,0,0
4519,0,0
4520,-10528,1
4521,0,0
4522,0,0
4523,0,0
4524,0,0
4525,832,1
4526,832,0
4527,832,0
4528,832,0
4529,832,0
4530,832,0
4531,4957,1
4532,1401,1
4533,1401,0
4534,1401,0
4535,0,0
4536,0,0
4537,0,0
4538,1215,1
4539,1215,0
4540,1215,0
4541,-8595,1
4542,-20279,1
4543,-16108,1
4544,-16108,0
4545,-16108,0
4546,-16108,0
4547,-16108,0
4548,-16108,0
4549,-16108,0
4550,-16108,0
4551,-13548,1
4552,-13548,0
4553,-13548,0
4554,-13548,0
4555,-13548,0
4556,-13548,0
4557,-13548,0
4558,-13548,0
4559,-11388,1
4560,-11388,0
4561,-11388,0
4562,-9085,1
4563,-9085,0
4564,-4315,1
4565,-4315,0
4566,-4315,0
4567,-4315,0
4568,-4315,0
4569,-4315,0
4570,1648,1
4571,1648,0
4572,1648,0
4573,1648,0
4574,1648,0
4575,1648,0
4576,1648,0
4577,-4592,1
4578,-2432,1
4579,-2432,0
4580,-2432,0
4581,-2432,0
4582,-2432,0
4583,1000,1
4584,1000,0
4585,1000,0
4586,1000,0
4587,1000,0
4588,1000,0
4589,1000,0
4590,1000,0
4591,1000,0
4592,1000,0
4593,1000,0
4594,1000,0
4595,1000,0
4596,2972,1
4597,2972,0
4598,2972,0
4599,6716,1
4600,6716,0
4601,6716,0
4602,6716,0
4603,6716,0
4604,12122,1
4605,12122,0
4606,16064,1
4607,16064,0
4608,15629,1
4609,15629,0
4610,15629,0
4611,15629,0
4612,15629,0
4613,15629,0
4614,15629,0
4615,11687,1
4616,19919,1
4617,19919,0
4618,19919,0
4619,19919,0
4620,19919,0
4621,12989,1
4622,12557,1
4623,12557,0
4624,12557,0
4625,6316,1
4626,8939,1
4627,2699,1
4628,2699,0
4629,-122,1
4630,-122,0
4631,-122,0
4632,-122,0
4633,-122,0
4634,-122,0
4635,-122,0
4636,-122,0
4637,-122,0
4638,-122,0
4639,-122,0
4640,-122,0
4641,-122,0
4642,-122,0
4643,-122,0
4644,-3882,1
4645,-3882,0
4646,-2202,1
4647,558,1
4648,-6192,1
4649,-6192,0
4650,-6192,0
4651,-7272,1
4652,-7272,0
4653,-7272,0
4654,-7272,0
4655,0,0
4656,0,0
4657,0,0
4658,7600,1
4659,7600,0
4660,7600,0
4661,6832,1
4662,6832,0
4663,6832,0
4664,6832,0
4665,-2184,1
4666,-2184,0
4667,-2184,0
4668,-2184,0
4669,2718,1
4670,2718,0
4671,2718,0
4672,12702,1
4673,12702,0
4674,12702,0
4675,12702,0
4676,12702,0
4677,12702,0
4678,6622,1
4679,6622,0
4680,6622,0
4681,3010,1
4682,3010,0
4683,3010,0
4684,3010,0
4685,3010,0
4686,10381,1
4687,11789,1
4688,11789,0
4689,11789,0
4690,12867,1
4691,10419,1
4692,10419,0
4693,10419,0
4694,13522,1
4695,13490,1
4696,13490,0
4697,13237,1
4698,13237,0
4699,13237,0
4700,13237,0
4701,13237,0
4702,13237,0
4703,13237,0
4704,8273,1
4705,8273,0
4706,8273,0
4707,8273,0
4708,8273,0
4709,2098,1
4710,2098,0
4711,2098,0
4712,2098,0
4713,2394,1
4714,410,1
4715,-2120,1
4716,-2120,0
4717,-2120,0
4718,-2120,0
4719,-2120,0
4720,-2120,0
4721,-2120,0
4722,-2120,0
4723,-2120,0
4724,-2120,0
4725,-2120,0
4726,-2120,0
4727,-2120,0
4728,-2120,0
4729,-2120,0
4730,-2120,0
4731,-2120,0
4732,-2120,0
4733,-2250,1
4734,-2250,0
4735,-2250,0
4736,-2250,0
4737,-2250,0
4738,-2250,0
4739,-4302,1
4740,-4302,0
4741,-4302,0
4742,-4302,0
4743,-987,1
4744,-987,0
4745,-987,0
4746,-987,0
4747,-987,0
4748,-987,0
4749,-987,0
4750,-987,0
4751,168,1
4752,168,0
4753,168,0
4754,168,0
4755,168,0
4756,2618,1
4757,44,1
4758,44,0
4759,-928,1
4760,-6346,1
4761,-6346,0
4762,-6346,0
4763,-5695,1
4764,-4003,1
4765,-4003,0
4766,-4345,1
4767,-4345,0
4768,-4345,0
4769,-9480,1
4770,-9480,0
4771,-9480,0
4772,-9480,0
4773,-9480,0
4774,-9480,0
4775,-9480,0
4776,-9480,0
4777,-9480,0
4778,-5062,1
4779,-5062,0
4780,-5647,1
4781,-10899,1
4782,-12509,1
4783,-12509,0
4784,-12509,0
4785,-19409,1
4786,-20419,1
4787,-20419,0
4788,-20419,0
4789,-15859,1
4790,-15859,0
4791,-15859,0
4792,-13633,1
4793,-13633,0
4794,-13633,0
4795,-13633,0
4796,-13633,0
4797,-13633,1
4798,-13633,0
4799,-13738,1
4800,-13738,0
4801,-13738,0
4802,-22058,1
4803,-22058,0
4804,-30194,1
4805,-30194,0
4806,-30194,0
4807,-30219,1
4808,-30219,0
4809,-30219,0
4810,-24439,1
4811,-24439,0
4812,-24439,0
4813,-24439,0
4814,-22360,1
4815,-22360,0
4816,-22360,0
4817,-22360,0
4818,-22360,0
4819,-22360,0
4820,-22360,0
4821,-22360,0
4822,-22360,0
4823,-22360,0
4824,-22360,0
4825,-19696,1
4826,-19696,0
4827,-19696,0
4828,-19696,0
4829,-19696,0
4830,0,0
4831,-1584,1
4832,-1584,0
4833,-1584,0
4834,-1584,0
4835,-5068,1
4836,-5799,1
4837,-5799,0
4838,0,0
4839,-808,1
4840,-808,1
4841,-1193,1
4842,-1193,0
4843,-11957,1
4844,-11957,0
4845,-11957,0
4846,-11957,0
4847,-11957,0
4848,0,0
4849,0,0
4850,0,0
4851,234,1
4852,234,0
4853,234,0
4854,234,0
4855,234,0
4856,172,1
4857,172,0
4858,-5303,1
4859,-5303,0
4860,-17703,1
4861,-17703,0
4862,-17703,0
4863,-17703,0
4864,-21213,1
4865,-21213,0
4866,-13653,1
4867,-13653,0
4868,-13653,0
4869,-13653,0
4870,-13653,0
4871,-13653,0
4872,-13653,0
4873,-13653,0
4874,-13653,0
4875,-8116,1
4876,-8116,1
4877,-4060,1
4878,-4060,0
4879,-4060,0
4880,-4060,0
4881,-4808,1
4882,-4808,0
4883,-4808,0
4884,-7508,1
4885,-7508,0
4886,-7508,0
4887,-7508,0
4888,-7508,0
4889,-7508,0
4890,-2724,1
4891,-2724,0
4892,-2724,0
4893,-5924,1
4894,-5924,0
4895,-5924,0
4896,-5924,0
4897,-5924,0
4898,-5924,0
4899,-5924,0
4900,2175,1
4901,2175,0
4902,2175,0
4903,2175,0
4904,1262,1
4905,1345,1
4906,-14280,1
4907,-14280,0
4908,0,0
4909,0,0
4910,114,1
4911,114,0
4912,114,0
4913,114,0
4914,114,0
4915,-5100,1
4916,-5100,0
4917,-5100,0
4918,-18660,1
4919,-18660,0
4920,-18660,0
4921,-18660,0
4922,-18660,0
4923,-18660,0
4924,-18660,0
4925,-18660,0
4926,-18660,0
4927,-18660,0
4928,-18660,0
4929,-17064,1
4930,-17944,1
4931,-25856,1
4932,-25856,0
4933,-25856,0
4934,-25856,0
4935,-25856,0
4936,-25856,0
4937,-37731,1
4938,-37731,0
4939,-22606,1
4940,-22606,0
4941,-22606,0
4942,-22606,0
4943,-26519,1
4944,-34023,1
4945,-34023,0
4946,-34023,0
4947,-36095,1
4948,-36095,0
4949,-36095,0
4950,-36722,1
4951,-36722,0
4952,-36722,0
4953,0,0
4954,0,0
4955,-1617,1
4956,-1617,0
4957,-1617,0
4958,-1617,0
4959,-1617,0
4960,-1617,0
4961,-1617,0
4962,-2577,1
4963,-2577,0
4964,-2577,0
4965,-7541,1
4966,-7541,0
4967,-6371,1
4968,-6371,0
4969,-6371,0
4970,-6371,0
4971,-6371,0
4972,-2339,1
4973,-12959,1
4974,-12959,0
4975,-12959,0
4976,-12959,0
4977,-13715,1
4978,-13715,0
4979,-13715,0
4980,-13715,0
4981,-13715,0
4982,-13715,0
4983,-13715,0
4984,-13391,1
4985,0,0
4986,0,0
4987,0,0
4988,0,0
4989,-144,1
4990,-144,0
4991,-144,0
4992,-144,0
4993,-144,0
4994,-144,0
4995,7608,1
4996,4530,1
4997,4530,0
4998,4530,0
4999,4530,0
5000,4530,0
5001,4530,0
5002,4530,0
5003,12282,1
5004,12282,0
5005,20718,1
5006,20718,0
5007,20718,0
5008,20718,0
5009,20718,0
5010,14562,1
5011,0,0
5012,0,0
5013,0,0
5014,560,1
5015,938,1
5016,938,0
5017,254,1
5018,254,0
5019,254,0
5020,1958,1
5021,6350,1
5022,6350,0
5023,6350,0
5024,4470,1
5025,4861,1
5026,0,0
5027,0,0
5028,-5568,1
5029,-5568,0
5030,-12353,1
5031,-12353,0
5032,-12181,1
5033,-12789,1
5034,-12789,0
5035,-12789,0
5036,-12789,0
5037,-12789,0
5038,-12789,0
5039,-12789,0
5040,-12789,0
5041,-12789,0
5042,-12789,0
5043,-12789,0
5044,-9669,1
5045,1755,1
5046,1755,0
5047,1755,0
5048,1755,0
5049,1755,0
5050,1755,0
5051,1755,0
5052,1755,0
5053,1755,0
5054,-2067,1
5055,-2067,0
5056,117,1
5057,117,0
5058,117,0
5059,117,0
5060,117,0
5061,562,1
5062,562,0
5063,0,0
5064,1242,1
5065,1242,0
5066,1242,0
5067,1242,0
5068,1655,1
5069,1590,1
5070,1100,1
5071,0,0
5072,0,0
5073,0,0
5074,6580,1
5075,6580,0
5076,6580,0
5077,6580,0
5078,6580,0
5079,6580,0
5080,6580,0
5081,6580,0
5082,6580,0
5083,6256,1
5084,6256,0
5085,6256,0
5086,6256,0
5087,6256,0
5088,6256,0
5089,6256,0
5090,6256,0
5091,6256,0
5092,6256,0
5093,6256,0
5094,6256,0
5095,6256,0
5096,-5044,1
5097,5241,1
5098,5241,0
5099,5241,0
5100,5241,0
5101,5241,0
5102,600,1
5103,600,0
5104,600,0
5105,600,0
5106,701,1
5107,5847,1
5108,5415,1
5109,5415,0
5110,3687,1
5111,3687,0
5112,3687,0
5113,3687,0
5114,3687,0
5115,3687,0
5116,12996,1
5117,21466,1
5118,21640,1
5119,21640,0
5120,28236,1
5121,28236,0
5122,26136,1
5123,26136,0
5124,26136,0
5125,26136,0
5126,26136,0
5127,26136,0
5128,26136,0
5129,30972,1
5130,30972,0
5131,30972,0
5132,30972,0
5133,30972,0
5134,0,0
5135,0,0
5136,0,0
5137,7968,1
5138,5284,1
5139,5284,0
5140,5284,0
5141,5284,0
5142,5284,0
5143,4024,1
5144,0,0
5145,0,0
5146,0,0
5147,0,0
5148,0,0
5149,-1716,1
5150,-1716,0
5151,-1716,0
5152,-3784,1
5153,-3784,0
5154,-3784,0
5155,-3784,0
5156,1316,1
5157,1316,0
5158,884,1
5159,884,0
5160,-3118,1
5161,-3118,0
5162,-3658,1
5163,-3658,0
5164,942,1
5165,942,0
5166,942,0
5167,942,0
5168,942,0
5169,942,0
5170,942,0
5171,-1508,1
5172,8491,1
5173,8491,0
5174,8491,0
5175,8491,0
5176,8491,0
5177,8491,0
5178,2221,1
5179,2221,0
5180,2221,0
5181,-2279,1
5182,-2279,0
5183,-2279,0
5184,-2279,0
5185,-2279,0
5186,-12373,1
5187,-12373,0
5188,-12373,0
5189,-12373,0
5190,-12373,0
5191,-23443,1
5192,-24775,1
5193,-24775,0
5194,-24775,0
5195,-24775,0
5196,-24775,0
5197,-24775,0
5198,-26555,1
5199,-25502,1
5200,-25502,0
5201,-25502,0
5202,-25502,0
5203,-25502,0
5204,-27185,1
5205,-27185,0
5206,-27185,0
5207,-27185,0
5208,-27185,0
5209,-27185,0
5210,-36195,1
5211,-31335,1
5212,-31335,0
5213,-31335,0
5214,0,0
5215,0,0
5216,0,0
5217,0,0
5218,0,0
5219,0,0
5220,0,0
5221,0,0
5222,0,0
5223,0,0
5224,0,0
5225,0,0
5226,0,0
5227,-5332,1
5228,-5332,0
5229,-5332,0
5230,-5332,0
5231,-5332,0
5232,-12727,1
5233,-12727,0
5234,-12727,0
5235,-12727,0
5236,-12727,0
5237,-12727,0
5238,-12727,0
5239,-12727,0
5240,-22101,1
5241,-22101,0
5242,-22101,0
5243,-17877,1
5244,-17877,0
5245,-18129,1
5246,-19389,1
5247,-19389,0
5248,-19389,0
5249,-23322,1
5250,-23322,0
5251,-23322,0
5252,-23322,0
5253,-23322,0
5254,-23322,0
5255,-23322,0
5256,-23322,0
5257,-23322,0
5258,-23322,0
5259,-23322,0
5260,-19500,1
5261,-19500,0
5262,-19500,0
5263,-19500,0
5264,-19500,0
5265,-22312,1
5266,-11857,1
5267,-11857,0
5268,-11857,0
5269,-11857,0
5270,-11857,0
5271,-11857,0
5272,-11857,0
5273,-11857,0
5274,-7807,1
5275,-7807,0
5276,-7807,0
5277,-7807,0
5278,-7807,0
5279,-2887,1
5280,-2887,0
5281,-2887,0
5282,-2887,0
5283,-2887,0
5284,-2887,0
5285,-2887,0
5286,-8017,1
5287,-8017,0
5288,-8017,0
5289,-8017,0
5290,-8017,0
5291,-8017,0
5292,-8017,0
5293,-8017,0
5294,-8017,0
5295,-8017,0
5296,-3472,1
5297,-3472,0
5298,-3472,0
5299,4088,1
5300,4088,0
5301,4088,0
5302,0,0
5303,0,0
5304,0,0
5305,0,0
5306,-15120,1
5307,-15120,0
5308,-1314,1
5309,-1314,0
5310,-1314,0
5311,-13389,1
5312,-13389,0
5313,-13389,0
5314,-13389,0
5315,-13389,0
5316,-13389,0
5317,-13389,0
5318,-19374,1
5319,-19374,0
5320,-19374,0
5321,-15414,1
5322,-15414,0
5323,-10124,1
5324,-11773,1
5325,-11773,0
5326,-6193,1
5327,-6193,0
5328,-6193,0
5329,-6193,0
5330,-8093,1
5331,0,0
5332,0,0
5333,0,0
5334,-2178,1
5335,-2178,0
5336,-2178,0
5337,-2178,0
5338,-2178,0
5339,-2178,0
5340,-2178,0
5341,-2178,0
5342,-2178,0
5343,-6948,1
5344,-6948,0
5345,-6948,0
5346,-6948,0
5347,-6948,0
5348,-6948,0
5349,-6816,1
5350,-6816,0
5351,-6816,0
5352,-6816,0
5353,-6816,0
5354,-6816,0
5355,-6816,0
5356,-6816,0
5357,-6816,0
5358,-6816,0
5359,-6816,0
5360,-12231,1
5361,-12231,0
5362,-12231,0
5363,-11606,1
5364,-11606,0
5365,-11606,0
5366,0,0
5367,5814,1
5368,5650,1
5369,5650,0
5370,5650,0
5371,5650,0
5372,5650,0
5373,8840,1
5374,8840,0
5375,8318,1
5376,8318,0
5377,7758,1
5378,-62,1
5379,-62,0
5380,-62,0
5381,-62,0
5382,-62,0
5383,706,1
5384,706,0
5385,706,0
5386,706,0
5387,-789,1
5388,7822,1
5389,7822,0
5390,7822,0
5391,7822,0
5392,7822,0
5393,7822,0
5394,7822,0
5395,7822,0
5396,7822,0
5397,7822,0
5398,7822,0
5399,10891,1
5400,5226,1
5401,5226,0
5402,5226,0
5403,5226,0
5404,5226,0
5405,5226,0
5406,5226,0
5407,5226,0
5408,11652,1
5409,11652,0
5410,11652,0
5411,11652,0
5412,11652,0
5413,15957,1
5414,15957,0
5415,15789,1
5416,15789,0
5417,15789,0
5418,15789,0
5419,15789,0
5420,15789,0
5421,15789,0
5422,15789,0
5423,15789,0
5424,10389,1
5425,10389,0
5426,10389,0
5427,10389,0
5428,10389,0
5429,10389,0
5430,10389,0
5431,10869,1
5432,10869,0
5433,10869,0
5434,10869,0
5435,10869,0
5436,10869,0
5437,9579,1
5438,8760,1
5439,5025,1
5440,5025,0
5441,5025,0
5442,5025,0
5443,5025,0
5444,5025,0
5445,-6935,1
5446,-6935,0
5447,-5311,1
5448,-5311,0
5449,-5311,0
5450,-5311,0
5451,-5311,0
5452,-5311,0
5453,-5311,0
5454,-5311,0
5455,0,0
5456,0,0
5457,0,0
5458,0,0
5459,0,0
5460,0,0
5461,0,0
5462,0,0
5463,-10494,1
5464,-10494,0
5465,-8536,1
5466,-8536,0
5467,-8536,0
5468,-8536,0
5469,-1705,1
5470,-2771,1
5471,-16424,1
5472,-8292,1
5473,-8292,0
5474,-8292,0
5475,-7266,1
5476,-7266,0
5477,4542,1
5478,4542,0
5479,10678,1
5480,10678,0
5481,10678,0
5482,11868,1
5483,20708,1
5484,20708,0
5485,20708,0
5486,20708,0
5487,20708,0
5488,20814,1
5489,20814,0
5490,20814,0
5491,25000,1
5492,27898,1
5493,30034,1
5494,30034,0
5495,30034,0
5496,30388,1
5497,30388,0
5498,30388,0
5499,30388,0
5500,30388,0
5501,30388,0
5502,30388,0
5503,30388,0
5504,30388,0
5505,30388,0
5506,30388,0
5507,30388,0
5508,30388,0
5509,30388,0
5510,30388,0
5511,33385,1
5512,33385,0
5513,33385,0
5514,33385,0
5515,33385,0
5516,33385,0
5517,33385,0
5518,33385,0
5519,33385,0
5520,33385,0
5521,32680,1
5522,32680,0
5523,32680,0
5524,32680,0
5525,28685,1
5526,28105,1
5527,28105,0
5528,27875,1
5529,27875,0
5530,27875,0
5531,28491,1
5532,33783,1
5533,21063,1
5534,21063,0
5535,30423,1
5536,27900,1
5537,27900,0
5538,27900,0
5539,33400,1
5540,33400,0
5541,33400,0
5542,33400,0
5543,33400,0
5544,33400,0
5545,33400,0
5546,33400,0
5547,42086,1
5548,42086,0
5549,42086,0
5550,42086,0
5551,42086,0
5552,42086,0
5553,42035,1
5554,38960,1
5555,38960,0
5556,38960,0
5557,38960,0
5558,39074,1
5559,39074,0
5560,39074,0
5561,39074,0
5562,39074,0
5563,39074,0
5564,36214,1
5565,36214,0
5566,36214,0
5567,31958,1
5568,31958,0
5569,31958,1
5570,31958,0
5571,31958,0
5572,34583,1
5573,34583,0
5574,30073,1
5575,30073,0
5576,29385,1
5577,23102,1
5578,23102,0
5579,21892,1
5580,20866,1
5581,20866,0
5582,20866,0
5583,20866,0
5584,20866,0
5585,16642,1
5586,16642,0
5587,16642,1
5588,26242,1
5589,26242,0
5590,26242,0
5591,0,0
5592,0,0
5593,0,0
5594,0,0
5595,0,0
5596,0,0
5597,0,0
5598,0,0
5599,-715,1
5600,-715,0
5601,-715,0
5602,-1735,1
5603,-1735,0
5604,-1735,0
5605,776,1
5606,776,0
5607,776,0
5608,13520,1
5609,13520,0
5610,13520,0
5611,13520,0
5612,13520,0
5613,16913,1
5614,16913,0
5615,16913,0
5616,16913,0
5617,16913,0
5618,12797,1
5619,12797,0
5620,13259,1
5621,13259,0
5622,13259,0
5623,13259,0
5624,13259,0
5625,13259,0
5626,13259,0
5627,8959,1
5628,8959,0
5629,10301,1
5630,5081,1
5631,13397,1
5632,17213,1
5633,17213,0
5634,28559,1
5635,23009,1
5636,20561,1
5637,20561,0
5638,20561,0
5639,20561,0
5640,20561,0
5641,20561,0
5642,20561,0
5643,20995,1
5644,20995,0
5645,20995,0
5646,20995,0
5647,20995,0
5648,20485,1
5649,21199,1
5650,18285,1
5651,18285,0
5652,19975,1
5653,19975,0
5654,19975,0
5655,19975,0
5656,23271,1
5657,23271,0
5658,22138,1
5659,20266,1
5660,18406,1
5661,18406,0
5662,18406,0
5663,18406,0
5664,18406,0
5665,18406,0
5666,18406,0
5667,18406,0
5668,18406,0
5669,18406,0
5670,18406,0
5671,18406,0
5672,18406,0
5673,10306,1
5674,10306,0
5675,10306,0
5676,10306,0
5677,10306,0
5678,3770,1
5679,3770,0
5680,3770,0
5681,3770,0
5682,5295,1
5683,9975,1
5684,9975,0
5685,9975,0
5686,9975,0
5687,9975,0
5688,9975,0
5689,9975,0
5690,9975,0
5691,13460,1
5692,13460,0
5693,13460,0
5694,13236,1
5695,13236,0
5696,13236,0
5697,13236,0
5698,13236,0
5699,13236,0
5700,17108,1
5701,17108,0
5702,17108,0
5703,17108,0
5704,17108,0
5705,17108,0
5706,17108,0
5707,17108,0
5708,10052,1
5709,10052,0
5710,10052,0
5711,10052,0
5712,10052,0
5713,10052,0
5714,1887,1
5715,11391,1
5716,11391,0
5717,14196,1
5718,14196,0
5719,14196,0
5720,7872,1
5721,7872,0
5722,7872,0
5723,7872,0
5724,7872,0
5725,4824,1
5726,4824,0
5727,4824,0
5728,4824,0
5729,4824,0
5730,4824,0
5731,4824,0
5732,15054,1
5733,3026,1
5734,3026,0
5735,15122,1
5736,15122,0
5737,15122,0
5738,15122,0
5739,14060,1
5740,14060,0
5741,0,0
5742,0,0
5743,0,0
5744,0,0
5745,0,0
5746,0,0
5747,0,0
5748,0,0
5749,0,0
5750,420,1
5751,420,0
5752,420,0
5753,-1581,1
5754,-1581,0
5755,-1581,0
5756,-5823,1
5757,-4178,1
5758,-4178,0
5759,358,1
5760,371,1
5761,371,0
5762,371,0
5763,371,0
5764,371,0
5765,371,0
5766,371,0
5767,371,0
5768,371,0
5769,371,0
5770,371,0
5771,-3437,1
5772,-3437,0
5773,-3437,0
5774,-3437,0
5775,-3437,0
5776,-305,1
5777,-11718,1
5778,-11718,0
5779,-11718,0
5780,-11718,0
5781,-11718,0
5782,-11718,0
5783,-11254,1
5784,-13142,1
5785,-13142,0
5786,-13142,0
5787,0,0
5788,0,0
5789,0,0
5790,-3770,1
5791,-3770,0
5792,0,0
5793,0,0
5794,0,0
5795,0,0
5796,-1302,1
5797,-1302,0
5798,-1302,0
5799,-1302,0
5800,0,0
5801,4888,1
5802,4888,0
5803,19520,1
5804,19520,0
5805,19520,0
5806,19520,0
5807,19520,0
5808,19520,0
5809,19520,0
5810,19520,0
5811,0,0
5812,0,0
5813,-920,1
5814,5576,1
5815,5576,0
5816,5576,0
5817,6312,1
5818,6312,0
5819,6312,0
5820,6312,0
5821,6312,0
5822,6312,0
5823,6312,0
5824,6312,0
5825,3414,1
5826,-10866,1
5827,-10866,0
5828,-10866,0
5829,-6404,1
5830,-6404,0
5831,-6404,0
5832,-6404,0
5833,-6404,0
5834,-6404,0
5835,-6404,0
5836,-6404,0
5837,-6404,0
5838,0,0
5839,0,0
5840,0,0
5841,0,0
5842,0,0
5843,0,0
5844,0,0
5845,0,0
5846,0,0
5847,0,0
5848,0,0
5849,0,0
5850,0,0
5851,0,0
5852,0,0
5853,0,0
5854,11340,1
5855,11340,0
5856,7276,1
5857,7276,0
5858,18546,1
5859,28274,1
5860,17819,1
5861,17819,0
5862,17819,0
5863,17819,0
5864,17819,0
5865,17375,1
5866,17375,0
5867,10181,1
5868,10181,0
5869,10181,0
5870,10181,0
5871,10181,0
5872,10181,0
5873,10181,0
5874,10181,0
5875,10181,0
5876,10181,0
5877,10181,0
5878,10181,0
5879,10181,0
5880,10709,1
5881,9279,1
5882,14363,1
5883,14363,0
5884,14363,0
5885,14363,0
5886,16871,1
5887,23405,1
5888,19461,1
5889,23717,1
5890,23717,0
5891,23717,0
5892,23717,0
5893,23717,0
5894,23717,0
5895,25733,1
5896,25733,0
5897,32763,1
5898,32763,0
5899,32763,0
5900,32763,0
5901,32763,0
5902,31454,1
5903,31454,0
5904,31454,0
5905,34718,1
5906,34718,0
5907,32236,1
5908,32236,0
5909,32236,0
5910,32236,0
5911,40048,1
5912,35696,1
5913,35696,0
5914,35696,0
5915,35696,0
5916,37432,1
5917,35855,1
5918,35855,0
5919,35855,0
5920,35855,0
5921,35337,1
5922,35337,0
5923,35337,0
5924,35337,0
5925,35337,0
5926,35337,0
5927,35337,0
5928,25866,1
5929,25866,0
5930,25866,0
5931,25866,0
5932,25866,0
5933,34524,1
5934,34524,0
5935,34524,0
5936,34524,0
5937,34524,0
5938,34524,0
5939,34524,0
5940,34524,0
5941,0,0
5942,-9844,1
5943,-9844,0
5944,-9844,0
5945,-9884,1
5946,-9884,0
5947,-9884,0
5948,-9884,0
5949,-9884,0
5950,-16946,1
5951,-16946,0
5952,-16946,0
5953,-16946,0
5954,-16946,0
5955,-16946,0
5956,-16946,0
5957,-16946,0
5958,0,0
5959,0,0
5960,400,1
5961,400,0
5962,400,0
5963,400,0
5964,400,0
5965,400,0
5966,2296,1
5967,-954,1
5968,-954,0
5969,-954,0
5970,38,1
5971,-6202,1
5972,-6202,0
5973,-6202,0
5974,-6517,1
5975,-6517,0
5976,-6517,0
5977,-6517,0
5978,6659,1
5979,6659,0
5980,6659,0
5981,6659,0
5982,-4966,1
5983,-4966,0
5984,-4966,0
5985,-4966,0
5986,-10503,1
5987,-10503,0
5988,-15183,1
5989,-15183,0
5990,-15183,0
5991,-15183,0
5992,-15183,0
5993,-15183,0
5994,0,0
5995,0,0
5996,2580,1
5997,2580,0
5998,2580,0
5999,2580,0
6000,1513,1
6001,1513,0
6002,-4709,1
6003,-2084,1
6004,-2084,0
6005,-10520,1
6006,-10520,0
6007,-7895,1
6008,-7895,0
6009,-7895,0
6010,0,0
6011,0,0
6012,0,0
6013,0,0
6014,-2850,1
6015,0,0
6016,0,0
6017,0,0
6018,0,0
6019,0,0
6020,0,0
6021,0,0
6022,0,0
6023,0,0
6024,0,0
6025,0,0
6026,0,0
6027,0,0
6028,0,0
6029,0,0
6030,0,0
6031,4988,1
6032,4988,0
6033,4988,0
6034,4988,0
6035,4988,0
6036,0,0
6037,0,0
6038,0,0
6039,0,0
6040,-3600,1
6041,-3600,0
6042,-3600,0
6043,-3600,0
6044,-3600,0
6045,0,0
6046,0,0
6047,0,0
6048,6426,1
6049,6426,0
6050,6759,1
6051,6759,0
6052,6759,0
6053,6759,0
6054,11457,1
6055,11457,0
6056,11457,0
6057,11457,0
6058,11457,0
6059,11457,0
6060,21957,1
6061,21957,0
6062,21957,0
6063,21957,0
6064,21957,0
6065,21957,0
6066,21957,0
6067,21957,0
6068,21957,0
6069,21957,0
6070,23973,1
6071,23973,0
6072,23973,0
6073,23973,0
6074,23973,0
6075,23973,0
6076,23973,0
6077,23973,0
6078,23973,0
6079,23973,0
6080,23973,0
6081,18275,1
6082,19017,1
6083,26271,1
6084,26271,0
6085,26271,0
6086,26271,0
6087,26271,0
6088,26271,0
6089,26271,0
6090,26271,0
6091,26271,0
6092,26271,0
6093,26271,0
6094,26271,0
6095,26271,0
6096,26271,0
6097,26271,0
6098,26271,0
6099,26271,0
6100,26271,0
6101,26271,0
6102,26271,0
6103,26271,0
6104,33637,1
6105,33637,0
6106,33637,0
6107,27397,1
6108,28069,1
6109,23463,1
6110,23463,0
6111,23463,0
6112,23463,0
6113,23463,0
6114,29863,1
6115,29863,0
6116,29863,0
6117,29863,0
6118,29863,0
6119,29863,0
6120,29863,0
6121,29863,0
6122,28699,1
6123,0,0
6124,0,0
6125,0,0
6126,0,0
6127,0,0
6128,0,0
6129,0,0
6130,0,0
6131,-5859,1
6132,-774,1
6133,-15165,1
6134,0,0
6135,10944,1
6136,10944,0
6137,11525,1
6138,11525,0
6139,11525,0
6140,11525,0
6141,11525,0
6142,19559,1
6143,19559,0
6144,19338,1
6145,19338,0
6146,19338,0
6147,17718,1
6148,17718,0
6149,17718,1
6150,17718,0
6151,17718,0
6152,17718,0
6153,17718,0
6154,17718,0
6155,7386,1
6156,7386,0
6157,7386,0
6158,7386,0
6159,7386,0
6160,9186,1
6161,9186,0
6162,11864,1
6163,11864,0
6164,11864,0
6165,11864,0
6166,11864,0
6167,10954,1
6168,3154,1
6169,3154,0
6170,1083,1
6171,10092,1
6172,10092,0
6173,10092,0
6174,10092,0
6175,10092,0
6176,10092,0
6177,7512,1
6178,7512,0
6179,7512,0
6180,3648,1
6181,3648,0
6182,3648,0
6183,3648,0
6184,3648,0
6185,3648,0
6186,3648,0
6187,3648,0
6188,3648,0
6189,3648,0
6190,3648,0
6191,3648,0
6192,19269,1
6193,19269,0
6194,19269,0
6195,22277,1
6196,22277,0
6197,22277,0
6198,11228,1
6199,11228,0
6200,11228,0
6201,12728,1
6202,12728,0
6203,12728,0
6204,12728,0
6205,958,1
6206,958,0
6207,958,0
6208,0,0
6209,0,0
6210,0,0
6211,0,0
6212,0,0
6213,6528,1
6214,6528,0
6215,6528,0
6216,6528,0
6217,6528,0
6218,5093,1
6219,5093,0
6220,5093,0
6221,5093,0
6222,5093,0
6223,5093,0
6224,5093,0
6225,5093,0
6226,5093,0
6227,5093,0
6228,5093,0
6229,5093,0
6230,5093,0
6231,-1406,1
6232,-5054,1
6233,-5054,0
6234,-5054,0
6235,-5054,0
6236,-5054,0
6237,-5054,0
6238,-7847,1
6239,-7847,0
6240,-7847,0
6241,-7847,0
6242,-13093,1
6243,-14269,1
6244,-14269,0
6245,-14269,0
6246,-14269,0
6247,-14269,0
6248,-14269,0
6249,0,0
6250,0,0
6251,0,0
6252,0,0
6253,0,0
6254,0,0
6255,0,0
6256,0,0
6257,0,0
6258,0,0
6259,0,0
6260,0,0
6261,0,0
6262,0,0
6263,0,0
6264,0,0
6265,0,0
6266,0,0
6267,0,0
6268,0,0
6269,0,0
6270,-6486,1
6271,-6486,0
6272,-6486,0
6273,-6486,0
6274,-4686,1
6275,-3790,1
6276,-3790,0
6277,-3790,0
6278,-3790,0
6279,-3790,0
6280,-5701,1
6281,-5701,0
6282,-5701,0
6283,-13017,1
6284,-13017,0
6285,-20997,1
6286,-20997,0
6287,-20997,0
6288,-23550,1
6289,-23550,0
6290,-23550,0
6291,-23550,0
6292,-23550,0
6293,-23550,0
6294,-19203,1
6295,-13223,1
6296,-13223,0
6297,-13223,0
6298,0,0
6299,-14161,1
6300,-14161,0
6301,-14161,0
6302,-14161,0
6303,-14161,0
6304,-14161,0
6305,-14161,0
6306,-14161,0
6307,-14161,0
6308,-14161,0
6309,-14161,0
6310,-14161,0
6311,-12114,1
6312,-10450,1
6313,-10450,0
6314,-10450,0
6315,-9713,1
6316,-9713,0
6317,-9713,0
6318,-9713,0
6319,-19625,1
6320,-19625,0
6321,-23325,1
6322,-23325,0
6323,-24339,1
6324,-24339,0
6325,-24456,1
6326,-24456,1
6327,-24456,0
6328,-30096,1
6329,-30096,0
6330,-30096,0
6331,-30096,0
6332,-29810,1
6333,-29810,0
6334,-33658,1
6335,-33658,0
6336,-32554,1
6337,-32554,0
6338,-30328,1
6339,-30328,0
6340,-30328,0
6341,-30328,0
6342,-30328,0
6343,-30328,0
6344,-30328,0
6345,-31168,1
6346,-31168,0
6347,-24498,1
6348,-24498,0
6349,-24498,0
6350,-24498,0
6351,-24498,0
6352,-24498,0
6353,-24498,0
6354,-24498,0
6355,-34531,1
6356,-25886,1
6357,-23771,1
6358,-23771,0
6359,-28106,1
6360,-28106,0
6361,-28106,0
6362,-21617,1
6363,-21617,0
6364,-21617,0
6365,0,0
6366,0,0
6367,-703,1
6368,-703,0
6369,-703,0
6370,-703,0
6371,-703,0
6372,-703,0
6373,-703,0
6374,-703,0
6375,7565,1
6376,7565,0
6377,7565,0
6378,7943,1
6379,7943,0
6380,7943,0
6381,7943,0
6382,7943,0
6383,7943,0
6384,-985,1
6385,-985,0
6386,-985,0
6387,-1681,1
6388,-1681,0
6389,-1681,0
6390,-1681,0
6391,-1681,0
6392,-1681,0
6393,-6829,1
6394,-6829,0
6395,-13356,1
6396,-13356,0
6397,-13356,0
6398,-13188,1
6399,-13188,0
6400,-13188,0
6401,-13188,0
6402,-13188,0
6403,-13188,0
6404,-13188,0
6405,-13188,0
6406,-10056,1
6407,-10056,0
6408,-10056,0
6409,-10056,0
6410,-10056,0
6411,-10056,0
6412,-10056,0
6413,-10056,0
6414,-10056,0
6415,-8400,1
6416,-14313,1
6417,-14313,0
6418,-14313,0
6419,-16322,1
6420,-16322,0
6421,-16322,0
6422,-8314,1
6423,-8314,0
6424,-8314,0
6425,-8314,0
6426,-8314,0
6427,-8314,0
6428,-8314,0
6429,-4474,1
6430,-6007,1
6431,-6007,0
6432,-6007,0
6433,-6007,0
6434,-6007,0
6435,-6007,0
6436,-6007,0
6437,-6007,0
6438,-6007,0
6439,-3032,1
6440,-2915,1
6441,-2915,0
6442,7335,1
6443,7335,0
6444,7335,0
6445,7335,0
6446,7335,0
6447,5431,1
6448,5431,0
6449,5431,0
6450,5431,0
6451,4261,1
6452,4261,0
6453,4261,0
6454,4261,0
6455,4261,0
6456,4261,0
6457,-779,1
6458,-779,0
6459,-779,0
6460,-779,0
6461,-779,0
6462,-363,1
6463,-363,0
6464,-363,0
6465,-363,0
6466,-363,0
6467,547,1
6468,547,0
6469,547,0
6470,547,0
6471,547,0
6472,547,0
6473,547,0
6474,547,0
6475,547,0
6476,10921,1
6477,1721,1
6478,1721,0
6479,1721,0
6480,1871,1
6481,4401,1
6482,4401,0
6483,4401,0
6484,4401,0
6485,4401,0
6486,4401,0
6487,4401,0
6488,4401,0
6489,4401,0
6490,4401,0
6491,5841,1
6492,5841,0
6493,5274,1
6494,5274,0
6495,5274,0
6496,2286,1
6497,2286,0
6498,2286,0
6499,2286,0
6500,2286,0
6501,2286,0
6502,2286,0
6503,2286,0
6504,2286,0
6505,3084,1
6506,4020,1
6507,5385,1
6508,5385,0
6509,5385,0
6510,5385,0
6511,5385,0
6512,5385,0
6513,5385,0
6514,3785,1
6515,3455,1
6516,0,0
6517,0,0
6518,-11500,1
6519,-11500,0
6520,-11500,0
6521,-11500,0
6522,-21260,1
6523,-21260,0
6524,-21260,0
6525,-21260,0
6526,-21260,0
6527,-21260,0
6528,-21260,0
6529,-21260,0
6530,-21260,0
6531,-13416,1
6532,-13416,0
6533,-2088,1
6534,-2088,0
6535,-2088,0
6536,-11646,1
6537,-11646,0
6538,-11646,0
6539,-9912,1
6540,-9912,0
6541,-9848,1
6542,-9848,0
6543,-9848,0
6544,-9848,0
6545,-14203,1
6546,-13408,1
6547,-13408,0
6548,-13408,0
6549,-13408,0
6550,-13653,1
6551,-13653,0
6552,-9777,1
6553,-9777,0
6554,0,0
6555,0,0
6556,2875,1
6557,8791,1
6558,8791,0
6559,8791,0
6560,8791,0
6561,8791,0
6562,8791,0
6563,8791,0
6564,8791,0
6565,-3074,1
6566,0,0
6567,0,0
6568,0,0
6569,0,0
6570,10625,1
6571,16325,1
6572,16325,0
6573,18384,1
6574,18384,0
6575,20130,1
6576,20130,0
6577,20130,0
6578,20130,0
6579,19008,1
6580,15552,1
6581,15552,0
6582,15552,0
6583,14396,1
6584,14396,0
6585,14396,0
6586,14396,0
6587,14396,0
6588,5786,1
6589,9930,1
6590,10879,1
6591,11557,1
6592,11557,0
6593,11557,0
6594,11557,0
6595,11557,0
6596,11557,0
6597,11005,1
6598,11005,0
6599,11005,0
6600,2710,1
6601,2710,0
6602,2710,0
6603,2710,0
6604,-3175,1
6605,-3175,0
6606,-3175,0
6607,-3175,0
6608,-3175,0
6609,-3175,0
6610,-3175,0
6611,-3175,0
6612,-5159,1
6613,-5159,0
6614,-4734,1
6615,-4734,0
6616,-4734,0
6617,4938,1
6618,4938,0
6619,4938,0
6620,10410,1
6621,10410,0
6622,10410,0
6623,10410,0
6624,10410,0
6625,10410,0
6626,10410,0
6627,10410,0
6628,8111,1
6629,8111,0
6630,8713,1
6631,6826,1
6632,3050,1
6633,3050,0
6634,3050,0
6635,3050,0
6636,3050,0
6637,3050,0
6638,3050,0
6639,-4570,1
6640,-4570,0
6641,-4570,0
6642,-4570,0
6643,-4570,0
6644,-6014,1
6645,-10082,1
6646,-7082,1
6647,-7082,0
6648,-8252,1
6649,-7756,1
6650,-7756,0
6651,-7756,0
6652,-7756,0
6653,-7756,0
6654,-7756,0
6655,-7448,1
6656,-7448,0
6657,-7448,0
6658,-7448,0
6659,-7448,0
6660,-2837,1
6661,-2837,0
6662,-2837,0
6663,1158,1
6664,1158,0
6665,1158,0
6666,9257,1
6667,7957,1
6668,7957,0
6669,14082,1
6670,14082,0
6671,14082,0
6672,14082,0
6673,14082,0
6674,20406,1
6675,20406,0
6676,18936,1
6677,18936,0
6678,21027,1
6679,0,0
6680,0,0
6681,0,0
6682,0,0
6683,0,0
6684,0,0
6685,0,0
6686,0,0
6687,0,0
6688,0,1
6689,4420,1
6690,4420,0
6691,5102,1
6692,5102,0
6693,4652,1
6694,4652,0
6695,4281,1
6696,4281,0
6697,3609,1
6698,3609,0
6699,3609,0
6700,3609,0
6701,3609,0
6702,3609,0
6703,5789,1
6704,5789,0
6705,5789,0
6706,-2311,1
6707,-11,1
6708,-11,0
6709,-11,0
6710,-9786,1
6711,1899,1
6712,1899,0
6713,1899,0
6714,1899,0
6715,1899,0
6716,1899,0
6717,1899,0
6718,1899,0
6719,1899,0
6720,1899,0
6721,1899,0
6722,-451,1
6723,-451,0
6724,82,1
6725,82,0
6726,0,0
6727,0,0
6728,4284,1
6729,4284,0
6730,4284,0
6731,4284,0
6732,4284,0
6733,4284,0
6734,4284,0
6735,-3237,1
6736,-3237,0
6737,-2175,1
6738,-2175,0
6739,-2175,0
6740,-2175,0
6741,-2175,0
6742,-2175,0
6743,-2175,0
6744,-2175,0
6745,-2175,0
6746,-2175,0
6747,0,0
6748,4930,1
6749,3670,1
6750,3670,0
6751,-2316,1
6752,-2316,0
6753,-15441,1
6754,-15441,0
6755,-21209,1
6756,-21209,0
6757,-21209,0
6758,-21209,0
6759,-21209,0
6760,-24800,1
6761,-20228,1
6762,-20228,0
6763,-34268,1
6764,-34268,0
6765,-31408,1
6766,-31408,0
6767,-31408,0
6768,-31408,0
6769,-31408,0
6770,-31408,0
6771,-16783,1
6772,-16783,0
6773,-16783,0
6774,-16783,0
6775,-21319,1
6776,-21319,0
6777,-21319,0
6778,-21319,0
6779,-21319,0
6780,-21319,0
6781,0,0
6782,-6975,1
6783,-15151,1
6784,-14223,1
6785,-14223,0
6786,-14223,0
6787,-14223,0
6788,-14223,0
6789,-14223,0
6790,-18143,1
6791,0,0
6792,0,0
6793,0,0
6794,0,0
6795,0,0
6796,0,0
6797,0,0
6798,0,0
6799,0,0
6800,0,0
6801,0,0
6802,-1037,1
6803,-1037,0
6804,-1037,0
6805,-1037,0
6806,-2153,1
6807,-2153,0
6808,-2153,0
6809,-2153,0
6810,-2153,0
6811,0,0
6812,920,1
6813,920,0
6814,920,0
6815,920,0
6816,920,0
6817,920,0
6818,920,0
6819,3580,1
6820,3580,0
6821,3580,0
6822,3580,0
6823,3580,0
6824,-4932,1
6825,-4932,0
6826,2706,1
6827,2706,0
6828,2706,0
6829,2706,0
6830,2706,0
6831,2706,0
6832,5282,1
6833,5282,0
6834,3095,1
6835,695,1
6836,11197,1
6837,11197,0
6838,11197,0
6839,11197,0
6840,11197,1
6841,11197,0
6842,3571,1
6843,3571,0
6844,667,1
6845,667,0
6846,667,0
6847,667,0
6848,-9874,1
6849,0,0
6850,0,0
6851,0,0
6852,0,0
6853,0,0
6854,0,0
6855,0,0
6856,0,0
6857,0,0
6858,-7659,1
6859,-8309,1
6860,-17759,1
6861,-17759,0
6862,-17759,0
6863,-17759,0
6864,-17759,0
6865,-27160,1
6866,-27160,0
6867,-27160,0
6868,-27160,0
6869,-27160,0
6870,-27160,0
6871,-27160,0
6872,-27160,0
6873,-27160,0
6874,-21160,1
6875,-21160,0
6876,-21160,0
6877,-21160,0
6878,-21160,0
6879,-21160,0
6880,-25208,1
6881,-25208,0
6882,-25208,0
6883,-25208,0
6884,-22530,1
6885,-22530,0
6886,-22530,0
6887,-22530,0
6888,-22530,0
6889,-18066,1
6890,-18066,0
6891,-18066,0
6892,-18066,0
6893,-20895,1
6894,-20895,0
6895,-20895,0
6896,-12927,1
6897,-12339,1
6898,-12339,0
6899,-12339,0
6900,-12339,0
6901,-12339,0
6902,-12339,0
6903,-12339,0
6904,-12339,0
6905,-12339,0
6906,-12339,0
6907,-12339,0
6908,-12339,0
6909,-12339,0
6910,-21113,1
6911,-21113,0
6912,-16793,1
6913,-16793,0
6914,-16793,0
6915,-16793,0
6916,-16793,0
6917,-16793,0
6918,-16793,0
6919,-10725,1
6920,-7253,1
6921,3997,1
6922,3997,0
6923,3997,0
6924,3997,0
6925,3997,0
6926,3997,0
6927,3997,0
6928,3997,0
6929,3997,0
6930,3997,0
6931,3997,0
6932,3997,0
6933,3997,0
6934,-603,1
6935,-603,0
6936,0,0
6937,0,0
6938,0,0
6939,0,0
6940,0,0
6941,0,0
6942,-810,1
6943,-810,0
6944,-810,0
6945,-810,0
6946,-810,0
6947,-810,0
6948,-810,0
6949,-1274,1
6950,-1274,0
6951,-1274,0
6952,-1106,1
6953,-1106,0
6954,-1106,0
6955,-1106,0
6956,-860,1
6957,-860,0
6958,-860,0
6959,-2751,1
6960,-2751,0
6961,-5637,1
6962,-5637,0
6963,-5637,0
6964,-5637,0
6965,-5637,0
6966,-5637,0
6967,-5637,0
6968,-5637,0
6969,-1125,1
6970,-1125,0
6971,-1125,0
6972,3915,1
6973,3915,0
6974,531,1
6975,531,0
6976,531,0
6977,531,0
6978,531,0
6979,531,0
6980,531,0
6981,531,0
6982,531,0
6983,531,0
6984,5958,1
6985,5958,0
6986,5958,0
6987,5958,0
6988,5958,0
6989,5958,0
6990,5958,0
6991,-4811,1
6992,-4847,1
6993,-8095,1
6994,-8095,0
6995,-8095,0
6996,-8095,0
6997,-8095,0
6998,-8095,0
6999,-8095,0
7000,0,0
7001,4956,1
7002,0,0
7003,0,0
7004,0,0
7005,0,0
7006,0,0
7007,0,0
7008,0,0
7009,0,0
7010,-5478,1
7011,-5478,0
7012,-9430,1
7013,-9430,0
7014,-9430,0
7015,-11124,1
7016,-11124,0
7017,-11124,0
7018,-24654,1
7019,-24654,0
7020,-20370,1
7021,-20370,0
7022,-20370,0
7023,-20370,0
7024,-20370,0
7025,-20370,0
7026,-20370,0
7027,-20370,0
7028,-20370,0
7029,-20370,0
7030,-20370,0
7031,-20370,0
7032,-20370,0
7033,-20370,0
7034,0,0
7035,7000,1
7036,0,0
7037,0,0
7038,0,0
7039,-8208,1
7040,-8208,0
7041,-4730,1
7042,-4730,0
7043,3630,1
7044,3630,0
7045,3630,0
7046,3630,0
7047,3630,0
7048,-9708,1
7049,-9708,0
7050,-3209,1
7051,-3209,0
7052,-3209,0
7053,-3209,0
7054,-3209,0
7055,-3209,0
7056,-2723,1
7057,-2723,0
7058,-2723,0
7059,-2258,1
7060,-2258,0
7061,-2258,0
7062,-2258,0
7063,7570,1
7064,7570,0
7065,7570,0
7066,7570,0
7067,0,0
7068,0,0
7069,0,0
7070,-3872,1
7071,-3872,0
7072,-3872,0
7073,-5471,1
7074,1969,1
7075,0,0
7076,-12222,1
7077,-12816,1
7078,-12816,0
7079,-12816,0
7080,-11254,1
7081,-11254,0
7082,-11254,0
7083,-11254,0
7084,-11254,0
7085,-11254,0
7086,-11254,0
7087,-16358,1
7088,-16358,0
7089,-16358,0
7090,-16358,0
7091,-14048,1
7092,-14048,0
7093,-10921,1
7094,-10921,0
7095,-6661,1
7096,-6661,0
7097,-6661,0
7098,0,0
7099,-1400,1
7100,-1400,0
7101,-1400,0
7102,-1400,0
7103,-1400,0
7104,-1400,0
7105,-1400,0
7106,-1400,0
7107,-1400,0
7108,-1400,0
7109,-1400,0
7110,-1400,0
7111,-1400,0
7112,-1400,0
7113,-1400,0
7114,-2328,1
7115,-1198,1
7116,-1270,1
7117,-1270,0
7118,-1270,0
7119,-1270,0
7120,-1270,0
7121,-1270,0
7122,-1270,0
7123,-6286,1
7124,152,1
7125,152,0
7126,152,0
7127,152,0
7128,152,0
7129,152,0
7130,152,0
7131,152,0
7132,152,0
7133,152,0
7134,152,0
7135,152,0
7136,-2890,1
7137,0,0
7138,0,0
7139,0,0
7140,0,0
7141,0,0
7142,0,0
7143,0,0
7144,0,0
7145,0,0
7146,0,0
7147,0,0
7148,0,0
7149,0,0
7150,0,0
7151,0,0
7152,0,0
7153,0,0
7154,0,0
7155,0,0
7156,0,0
7157,0,0
7158,0,0
7159,0,0
7160,0,0
7161,0,0
7162,0,0
7163,0,0
7164,0,0
7165,0,0
7166,8001,1
7167,8001,0
7168,8001,0
7169,8001,0
7170,8001,0
7171,8001,0
7172,8001,0
7173,8001,0
7174,10163,1
7175,10163,0
7176,10163,0
7177,16878,1
7178,16878,0
7179,16878,0
7180,16878,0
7181,16878,0
7182,16878,0
7183,17010,1
7184,17010,0
7185,17010,0
7186,24888,1
7187,24888,0
7188,29521,1
7189,21244,1
7190,21244,0
7191,21244,0
7192,21244,0
7193,21244,0
7194,21244,0
7195,21244,0
7196,21244,0
7197,21244,0
7198,21244,0
7199,21244,0
7200,21244,0
7201,21244,0
7202,21244,0
7203,21244,0
7204,28312,1
7205,27376,1
7206,27376,0
7207,27376,0
7208,27376,0
7209,27376,0
7210,27376,0
7211,24516,1
7212,24516,0
7213,24516,0
7214,21045,1
7215,21045,0
7216,21045,0
7217,21045,0
7218,0,0
7219,0,0
7220,0,0
7221,0,0
7222,-2304,1
7223,-2304,0
7224,-2304,0
7225,-2304,0
7226,-2304,0
7227,0,0
7228,0,0
7229,0,0
7230,0,0
7231,-3782,1
7232,0,0
7233,0,0
7234,0,0
7235,0,0
7236,0,0
7237,0,0
7238,0,0
7239,0,0
7240,0,0
7241,0,0
7242,-559,1
7243,-559,0
7244,-559,0
7245,-559,0
7246,-1502,1
7247,-1502,0
7248,-1502,0
7249,-1502,0
7250,-1502,0
7251,-1502,0
7252,-1502,0
7253,-1502,0
7254,664,1
7255,664,0
7256,664,0
7257,664,0
7258,664,0
7259,664,0
7260,664,0
7261,664,0
7262,664,0
7263,0,0
7264,0,0
7265,0,0
7266,0,0
7267,-10304,1
7268,-10304,0
7269,-13244,1
7270,-13244,0
7271,-13244,0
7272,-6204,1
7273,-6156,1
7274,-6528,1
7275,-6528,0
7276,-13299,1
7277,-13299,0
7278,-13299,0
7279,-13299,0
7280,-13299,0
7281,-13299,0
7282,-19285,1
7283,-19285,0
7284,-19285,0
7285,-19285,0
7286,-19285,0
7287,-19285,0
7288,-19285,0
7289,-19285,0
7290,-19285,0
7291,-19285,0
7292,-18385,1
7293,0,0
7294,-1221,1
7295,1631,1
7296,1631,0
7297,1631,0
7298,1631,0
7299,1631,0
7300,1631,0
7301,1631,0
7302,1631,0
7303,1631,0
7304,1631,0
7305,2351,1
7306,2351,0
7307,2351,0
7308,2351,0
7309,2351,0
7310,0,0
7311,0,0
7312,0,0
7313,-1746,1
7314,-1746,0
7315,-1746,0
7316,0,0
7317,0,0
7318,3534,1
7319,3534,0
7320,3534,0
7321,3534,0
7322,3534,0
7323,3534,0
7324,3534,0
7325,3534,0
7326,3534,0
7327,3534,0
7328,3534,0
7329,3534,0
7330,3534,0
7331,3534,0
7332,3534,0
7333,3534,0
7334,3534,0
7335,3534,0
7336,-7874,1
7337,-7874,0
7338,-10790,1
7339,-10790,0
7340,-9615,1
7341,-9741,1
7342,-9741,0
7343,-9741,0
7344,-11941,1
7345,-14251,1
7346,-14251,0
7347,-14251,0
7348,-14251,0
7349,-14251,0
7350,-14251,0
7351,-14251,0
7352,-14251,0
7353,-14251,0
7354,-14251,0
7355,-13756,1
7356,-11631,1
7357,-11631,0
7358,-11631,0
7359,-11631,0
7360,-11631,0
7361,-11631,0
7362,-13731,1
7363,-13731,0
7364,-23507,1
7365,-23507,0
7366,-23507,0
7367,-23507,0
7368,-23507,0
7369,-23507,0
7370,-18769,1
7371,-12177,1
7372,-12177,0
7373,-12177,0
7374,-10797,1
7375,-10797,0
7376,-10797,0
7377,-10797,0
7378,-10797,0
7379,-10797,0
7380,-9677,1
7381,-1224,1
7382,-1224,0
7383,-1224,0
7384,-72,1
7385,-72,0
7386,-72,0
7387,-72,0
7388,-72,0
7389,-72,0
7390,-72,0
7391,-6057,1
7392,-6057,0
7393,-6057,0
7394,-6057,0
7395,-6057,0
7396,-4315,1
7397,-4315,0
7398,-4315,0
7399,-4364,1
7400,-4364,0
7401,-6860,1
7402,-392,1
7403,-392,0
7404,133,1
7405,-10032,1
7406,-10032,0
7407,-25157,1
7408,-25157,0
7409,-25157,0
7410,-25157,0
7411,-25157,0
7412,-32175,1
7413,-32175,0
7414,-32175,0
7415,-32175,0
7416,-32175,0
7417,-32175,0
7418,-32175,0
7419,-26685,1
7420,-26685,0
7421,-26685,0
7422,-26685,0
7423,-26685,0
7424,-26685,0
7425,-34335,1
7426,-34335,0
7427,-34335,0
7428,-34335,0
7429,-34335,0
7430,-34335,0
7431,-34335,0
7432,-34351,1
7433,-34351,0
7434,-37755,1
7435,-33219,1
7436,-33219,0
7437,-33219,0
7438,-33219,0
7439,-33219,0
7440,-33219,0
7441,-33219,0
7442,-33219,0
7443,-33219,0
7444,-33219,0
7445,-33219,0
7446,-33219,0
7447,-33219,0
7448,-33219,0
7449,-33219,0
7450,-33219,0
7451,-36932,1
7452,-36932,0
7453,-36932,0
7454,-45005,1
7455,-45005,0
7456,-45005,0
7457,-45005,0
7458,-45005,0
7459,-45005,0
7460,-45005,0
7461,-39590,1
7462,-39590,0
7463,-41930,1
7464,-34555,1
7465,-34555,0
7466,-34555,0
7467,-34555,0
7468,-34555,0
7469,-34555,0
7470,-34555,0
7471,-35815,1
7472,-35815,0
7473,-35815,0
7474,-35815,0
7475,-35815,0
7476,-35815,0
7477,-37265,1
7478,-37265,0
7479,-37265,1
7480,-37265,0
7481,-37265,0
7482,-32941,1
7483,-32941,0
7484,-32941,0
7485,-27496,1
7486,-28676,1
7487,-28676,0
7488,-18292,1
7489,-18292,0
7490,-18292,0
7491,-18292,0
7492,-18292,0
7493,-18292,0
7494,-15595,1
7495,-15595,0
7496,-19969,1
7497,-19969,0
7498,-19969,0
7499,-19609,1
7500,-19609,0
7501,-4111,1
7502,-4111,0
7503,-4111,0
7504,-4111,0
7505,-4111,0
7506,-4111,0
7507,-4111,0
7508,-4111,0
7509,-11311,1
7510,-11311,0
7511,-19016,1
7512,-17906,1
7513,-17906,0
7514,-17906,0
7515,-17906,0
7516,-17906,0
7517,-17906,0
7518,-17906,0
7519,-21578,1
7520,-21578,0
7521,-21578,0
7522,-21578,0
7523,-21578,0
7524,-21578,0
7525,-33874,1
7526,-33874,0
7527,-33874,0
7528,-33874,0
7529,-33874,0
7530,-34292,1
7531,-32758,1
7532,-35486,1
7533,-35486,0
7534,-35486,0
7535,-33700,1
7536,0,0
7537,0,0
7538,0,0
7539,0,0
7540,0,0
7541,12321,1
7542,12097,1
7543,12097,0
7544,12097,0
7545,12097,0
7546,12097,0
7547,12097,0
7548,12097,0
7549,12097,0
7550,12097,0
7551,12097,0
7552,12193,1
7553,12193,0
7554,12193,0
7555,12193,0
7556,11363,1
7557,11363,0
7558,5039,1
7559,5039,0
7560,4295,1
7561,-4538,1
7562,-4538,0
7563,-4538,0
7564,-4538,0
7565,-4538,0
7566,-4538,0
7567,-4538,0
7568,-4538,0
7569,-5297,1
7570,0,0
7571,0,0
7572,0,0
7573,5976,1
7574,0,0
7575,0,0
7576,0,0
7577,0,0
7578,0,0
7579,0,0
7580,0,0
7581,0,0
7582,1302,1
7583,1302,0
7584,1302,0
7585,4127,1
7586,4127,0
7587,4127,0
7588,4127,0
7589,4127,0
7590,4127,0
7591,4127,0
7592,4127,0
7593,4127,0
7594,4127,0
7595,14072,1
7596,12066,1
7597,4410,1
7598,4410,0
7599,4410,0
7600,4410,0
7601,4410,0
7602,4410,0
7603,4410,0
7604,4410,0
7605,4410,0
7606,4410,0
7607,4410,0
7608,4410,0
7609,7182,1
7610,7182,0
7611,7182,0
7612,489,1
7613,489,0
7614,489,0
7615,489,0
7616,7158,1
7617,2478,1
7618,2634,1
7619,2634,0
7620,2634,0
7621,2634,0
7622,0,0
7623,4752,1
7624,4752,0
7625,4752,0
7626,4752,0
7627,4752,0
7628,4752,0
7629,4752,0
7630,4752,0
7631,4752,0
7632,4752,0
7633,-4482,1
7634,-4482,0
7635,-4482,0
7636,-9,1
7637,-9,0
7638,-9,0
7639,-9,0
7640,-9,0
7641,-9,0
7642,-9,0
7643,-9,0
7644,-9,0
7645,-9,0
7646,0,0
7647,1260,1
7648,1260,0
7649,1260,0
7650,1260,0
7651,1260,0
7652,2556,1
7653,-2108,1
7654,-2108,0
7655,-2108,0
7656,-56,1
7657,-56,0
7658,-56,0
7659,-56,0
7660,-56,0
7661,-56,0
7662,-56,0
7663,-56,0
7664,-56,0
7665,-56,0
7666,-56,0
7667,-56,0
7668,-56,0
7669,-56,0
7670,-56,0
7671,-56,0
7672,0,0
7673,0,0
7674,-437,1
7675,-437,0
7676,-437,0
7677,-437,0
7678,-437,0
7679,-437,0
7680,-3685,1
7681,-3685,0
7682,-3685,0
7683,-3685,0
7684,-3685,0
7685,-3685,0
7686,-3685,0
7687,-3685,0
7688,-3685,0
7689,-10171,1
7690,-10171,0
7691,-5414,1
7692,-5414,0
7693,-5414,0
7694,-5713,1
7695,-6601,1
7696,-6601,0
7697,-6601,0
7698,-6601,0
7699,-6601,0
7700,-6601,0
7701,-4207,1
7702,-4207,0
7703,-4207,0
7704,-4207,0
7705,-4207,0
7706,-4207,0
7707,-4207,0
7708,-4207,0
7709,-4207,0
7710,-4207,0
7711,-1177,1
7712,-1177,0
7713,-1177,0
7714,-1177,0
7715,-1177,0
7716,-1177,0
7717,-1177,0
7718,-2725,1
7719,-2725,0
7720,0,0
7721,0,0
7722,0,0
7723,2394,1
7724,10330,1
7725,10330,0
7726,10330,0
7727,10330,0
7728,10330,0
7729,10330,0
7730,7096,1
7731,10216,1
7732,10216,0
7733,10216,0
7734,10216,0
7735,9596,1
7736,9596,0
7737,9596,0
7738,9596,0
7739,-4440,1
7740,-4440,0
7741,-18690,1
7742,-18690,0
7743,-18690,0
7744,-18690,0
7745,-18690,0
7746,-17927,1
7747,-17927,0
7748,-17927,0
7749,-17927,0
7750,-17927,0
7751,-17927,0
7752,-17927,0
7753,-27140,1
7754,-27140,0
7755,-27140,0
7756,-27140,0
7757,-27140,0
7758,-27140,0
7759,-27140,0
7760,-27140,0
7761,-27140,0
7762,-27140,0
7763,0,0
7764,0,0
7765,-13340,1
7766,-20724,1
7767,-20724,0
7768,-20724,0
7769,-20724,0
7770,-20724,0
7771,-20724,0
7772,-20820,1
7773,-20820,0
7774,-20820,0
7775,-20820,0
7776,-20820,0
7777,-20820,0
7778,-20820,0
7779,-20820,0
7780,-20820,0
7781,-20820,0
7782,-20820,0
7783,-20820,0
7784,-20820,0
7785,-24356,1
7786,-24356,0
7787,-24356,0
7788,-17306,1
7789,-16046,1
7790,-16046,0
7791,-16046,0
7792,-16046,0
7793,-16970,1
7794,-16970,0
7795,-16970,0
7796,-18440,1
7797,-18440,0
7798,-18440,0
7799,-18440,0
7800,-16988,1
7801,-16988,0
7802,-16988,0
7803,-18812,1
7804,-18812,0
7805,-18812,0
7806,-18812,0
7807,-18812,0
7808,-10357,1
7809,-10357,0
7810,-10357,0
7811,-10357,0
7812,-13238,1
7813,-13238,0
7814,-14048,1
7815,-13313,1
7816,-13313,0
7817,-13313,0
7818,-13313,0
7819,-13313,0
7820,-13313,0
7821,-13313,0
7822,-13313,0
7823,-13268,1
7824,-13268,0
7825,-12554,1
7826,0,0
7827,0,0
7828,0,0
7829,0,0
7830,0,0
7831,0,0
7832,0,0
7833,432,1
7834,432,0
7835,432,0
7836,432,0
7837,432,0
7838,-2571,1
7839,-2571,0
7840,-2571,0
7841,-2571,0
7842,345,1
7843,0,0
7844,-1035,1
7845,-1035,0
7846,-1035,0
7847,-1035,0
7848,-1035,0
7849,-1035,0
7850,-907,1
7851,0,0
7852,0,0
7853,0,0
7854,0,0
7855,0,0
7856,0,0
7857,-1500,1
7858,-1415,1
7859,-1415,0
7860,8585,1
7861,8585,0
7862,8585,0
7863,8585,0
7864,8585,0
7865,4253,1
7866,4253,0
7867,4253,0
7868,4253,0
7869,4253,0
7870,4253,0
7871,4253,0
7872,4253,0
7873,4253,0
7874,4253,0
7875,4995,1
7876,4995,0
7877,4995,0
7878,4995,0
7879,4995,0
7880,4995,0
7881,4995,0
7882,4995,0
7883,11862,1
7884,13490,1
7885,13490,0
7886,13490,0
7887,13490,0
7888,13490,0
7889,13490,0
7890,13490,0
7891,13490,0
7892,13490,0
7893,14092,1
7894,0,0
7895,-4140,1
7896,-4140,0
7897,-4140,0
7898,-4140,0
7899,-10092,1
7900,-10092,0
7901,-10092,0
7902,-4424,1
7903,-4424,0
7904,-4424,0
7905,-4424,0
7906,-4424,0
7907,-4424,0
7908,-4424,0
7909,-4424,0
7910,-4424,0
7911,-4424,0
7912,1142,1
7913,1142,0
7914,1520,1
7915,1520,0
7916,1520,0
7917,1520,0
7918,1520,0
7919,1520,0
7920,1520,0
7921,1520,0
7922,1520,0
7923,1520,0
7924,1520,0
7925,1520,0
7926,1520,0
7927,1520,0
7928,1520,0
7929,1520,0
7930,1520,0
7931,-4742,1
7932,-3302,1
7933,-3302,0
7934,-3302,0
7935,-3302,0
7936,-3302,0
7937,-3302,0
7938,-3302,0
7939,-3302,0
7940,-3302,0
7941,0,0
7942,0,0
7943,6305,1
7944,6305,0
7945,6305,0
7946,6305,0
7947,19835,1
7948,19835,0
7949,19835,0
7950,19835,0
7951,19835,0
7952,19835,0
7953,25645,1
7954,25645,0
7955,25645,0
7956,33929,1
7957,33929,0
7958,33929,0
7959,33929,0
7960,33929,0
7961,33929,0
7962,32849,1
7963,32849,0
7964,32849,0
7965,32849,0
7966,32849,0
7967,32849,0
7968,32849,0
7969,46545,1
7970,46545,0
7971,46545,0
7972,42541,1
7973,42541,0
7974,42541,0
7975,42541,0
7976,42541,0
7977,42541,0
7978,49345,1
7979,49345,0
7980,49345,0
7981,41433,1
7982,41433,0
7983,41433,0
7984,41433,0
7985,41433,0
7986,41433,0
7987,41433,0
7988,41433,0
7989,42008,1
7990,42008,0
7991,42008,0
7992,42008,0
7993,42008,0
7994,42008,0
7995,42008,0
7996,42008,0
7997,42008,0
7998,42008,0
7999,40792,1
8000,40792,0
8001,40792,1
8002,36760,1
8003,36760,0
8004,0,0
8005,0,0
8006,0,0
8007,1184,1
8008,1184,0
8009,1184,0
8010,1184,0
8011,1184,0
8012,1184,0
8013,1184,0
8014,7509,1
8015,7509,0
8016,7509,0
8017,7509,0
8018,14117,1
8019,14117,0
8020,14117,0
8021,14900,1
8022,14900,0
8023,14900,0
8024,14900,0
8025,14900,0
8026,15089,1
8027,15089,0
8028,15089,0
8029,15089,0
8030,15089,0
8031,15089,0
8032,9428,1
8033,9428,0
8034,9428,0
8035,9428,0
8036,0,0
8037,0,0
8038,1001,1
8039,1001,0
8040,1001,0
8041,1001,0
8042,0,0
8043,3564,1
8044,3564,0
8045,3564,0
8046,3734,1
8047,3110,1
8048,3223,1
8049,4872,1
8050,4872,0
8051,4872,0
8052,4872,0
8053,4872,0
8054,4872,0
8055,1946,1
8056,1946,0
8057,1946,0
8058,1946,0
8059,1946,0
8060,1946,0
8061,0,0
8062,0,0
8063,0,0
8064,0,0
8065,0,0
8066,0,0
8067,0,0
8068,0,0
8069,-8,1
8070,-8,0
8071,-8,0
8072,-8,0
8073,-8,0
8074,-8,0
8075,-8,0
8076,0,0
8077,0,0
8078,0,0
8079,-6930,1
8080,-6930,0
8081,-6930,0
8082,-6930,0
8083,-6514,1
8084,-6514,0
8085,-6514,0
8086,-6514,0
8087,-6514,0
8088,-6514,0
8089,-6514,0
8090,-6514,0
8091,-6514,0
8092,-8864,1
8093,-8864,0
8094,-8864,0
8095,-9436,1
8096,-9436,0
8097,-9436,0
8098,-9436,0
8099,-9436,0
8100,-9436,0
8101,-9436,0
8102,-15186,1
8103,-15186,0
8104,-15186,0
8105,-21909,1
8106,-21909,0
8107,-21909,0
8108,-21580,1
8109,-19060,1
8110,-19060,0
8111,-19060,0
8112,-19060,0
8113,-19060,0
8114,-19060,0
8115,-19060,0
8116,-19060,0
8117,-19060,0
8118,-17800,1
8119,-17800,0
8120,-18850,1
8121,-15544,1
8122,-15544,0
8123,-15544,0
8124,-15544,0
8125,-25064,1
8126,-25064,0
8127,-20694,1
8128,-20694,0
8129,-20694,0
8130,-20694,0
8131,-20694,0
8132,-20694,0
8133,-20694,0
8134,-20694,0
8135,-20694,0
8136,-20694,0
8137,-11952,1
8138,-11952,0
8139,-11952,0
8140,-11952,0
8141,-11952,0
8142,-11952,0
8143,-16032,1
8144,-16032,0
8145,-16032,0
8146,-16032,0
8147,-16032,0
8148,-16032,0
8149,-16032,0
8150,-16032,0
8151,-16032,0
8152,-16032,0
8153,-16032,0
8154,-13982,1
8155,-18252,1
8156,-18918,1
8157,-18918,0
8158,-18918,0
8159,-18918,0
8160,-14108,1
8161,-14108,0
8162,-2642,1
8163,-2642,0
8164,-8855,1
8165,-8855,0
8166,-8855,0
8167,-8855,0
8168,-8855,0
8169,-7217,1
8170,-2033,1
8171,-2033,0
8172,-2033,0
8173,-2033,0
8174,-2033,0
8175,-7584,1
8176,-7584,0
8177,-7584,0
8178,0,0
8179,4485,1
8180,4485,0
8181,13599,1
8182,18555,1
8183,0,0
8184,0,0
8185,0,0
8186,-5900,1
8187,-5900,0
8188,-5900,0
8189,-5900,0
8190,-5900,0
8191,-5900,0
8192,-5900,0
8193,0,0
8194,0,0
8195,2064,1
8196,2064,0
8197,2064,0
8198,2064,0
8199,2064,0
8200,-1346,1
8201,-1346,0
8202,-1346,0
8203,-1346,0
8204,-1346,0
8205,-1346,0
8206,-1346,0
8207,-1346,0
8208,-1346,0
8209,6627,1
8210,7719,1
8211,7719,0
8212,7719,0
8213,9552,1
8214,9156,1
8215,9156,0
8216,9156,0
8217,9156,0
8218,0,0
8219,0,0
8220,0,0
8221,-6960,1
8222,2056,1
8223,2056,0
8224,2056,0
8225,2056,0
8226,2056,0
8227,2056,0
8228,2056,0
8229,2056,0
8230,2420,1
8231,-2676,1
8232,-2676,0
8233,923,1
8234,4124,1
8235,4124,0
8236,4124,0
8237,4124,0
8238,4124,0
8239,4124,0
8240,4124,0
8241,4124,0
8242,3488,1
8243,3488,0
8244,3488,0
8245,3488,0
8246,3488,0
8247,3488,0
8248,3488,0
8249,-10042,1
8250,-10042,0
8251,-13942,1
8252,-13368,1
8253,-17004,1
8254,-18135,1
8255,-18135,0
8256,-18135,0
8257,-18135,0
8258,-18135,0
8259,-14775,1
8260,-7782,1
8261,-7782,0
8262,-7782,0
8263,-7782,0
8264,-5232,1
8265,-5232,0
8266,-5232,0
8267,-12360,1
8268,-12360,0
8269,-12360,0
8270,-12360,0
8271,-9837,1
8272,-9837,0
8273,-9837,0
8274,-9837,0
8275,-9837,0
8276,-9837,0
8277,-9837,0
8278,-9837,0
8279,-9837,0
8280,-9837,0
8281,-9837,0
8282,-14842,1
8283,-16610,1
8284,-16610,0
8285,-16610,0
8286,-16610,0
8287,-16610,0
8288,-16610,0
8289,-16610,0
8290,-16610,0
8291,-16610,0
8292,-16334,1
8293,-16544,1
8294,-16544,0
8295,-16544,0
8296,-16544,0
8297,-16544,0
8298,-23348,1
8299,-18518,1
8300,-18518,0
8301,-18518,0
8302,-18518,0
8303,-18518,0
8304,-15620,1
8305,-15620,0
8306,-15620,0
8307,0,0
8308,0,0
8309,-2065,1
8310,-2065,0
8311,-2065,0
8312,-2065,0
8313,-2065,0
8314,-2065,0
8315,-2065,0
8316,-2065,0
8317,-3859,1
8318,-3859,0
8319,-3859,0
8320,-3859,0
8321,0,0
8322,364,1
8323,364,0
8324,364,0
8325,-428,1
8326,-6052,1
8327,-6432,1
8328,-6432,0
8329,-6432,0
8330,-6432,0
8331,-6432,0
8332,-8406,1
8333,-8406,0
8334,-8406,0
8335,-8406,0
8336,-8406,0
8337,0,0
8338,0,0
8339,0,0
8340,-5300,1
8341,-5300,0
8342,-5300,0
8343,-5300,0
8344,-5300,0
8345,-5300,0
8346,-5300,0
8347,2193,1
8348,2193,0
8349,2193,0
8350,2193,0
8351,2193,0
8352,2193,0
8353,2193,0
8354,2193,0
8355,2193,0
8356,2193,0
8357,-719,1
8358,-719,0
8359,-719,0
8360,-719,0
8361,-719,0
8362,-719,0
8363,-719,0
8364,-719,0
8365,-719,0
8366,-719,0
8367,-719,0
8368,-719,0
8369,-719,0
8370,-719,0
8371,-719,0
8372,-719,0
8373,-719,0
8374,-719,0
8375,-719,0
8376,-719,0
8377,1390,1
8378,1390,0
8379,1390,0
8380,1390,0
8381,1390,0
8382,1400,1
8383,1400,0
8384,2765,1
8385,2765,0
8386,6607,1
8387,6794,1
8388,6794,0
8389,6794,0
8390,6794,0
8391,0,0
8392,0,0
8393,0,0
8394,0,0
8395,0,0
8396,0,0
8397,0,0
8398,0,0
8399,0,0
8400,0,0
8401,0,0
8402,0,0
8403,0,0
8404,0,0
8405,0,0
8406,0,0
8407,0,0
8408,0,0
8409,0,0
8410,5885,1
8411,5885,0
8412,5885,0
8413,0,0
8414,0,0
8415,0,0
8416,0,0
8417,0,0
8418,0,0
8419,0,0
8420,0,0
8421,0,0
8422,0,0
8423,0,0
8424,-13986,1
8425,-13986,0
8426,-13986,0
8427,-13986,0
8428,-13328,1
8429,-13328,0
8430,-6224,1
8431,-6224,0
8432,-1386,1
8433,-1386,0
8434,-1386,0
8435,-1386,0
8436,-1386,0
8437,2607,1
8438,2607,0
8439,2607,0
8440,2607,0
8441,2607,0
8442,-927,1
8443,-927,0
8444,-927,0
8445,-927,0
8446,-927,0
8447,-927,0
8448,-927,0
8449,-5139,1
8450,-5139,0
8451,-5139,0
8452,-5139,0
8453,-4819,1
8454,-8491,1
8455,-8341,1
8456,-1172,1
8457,-1172,0
8458,2832,1
8459,2832,0
8460,-5125,1
8461,-5125,0
8462,-5125,0
8463,-17875,1
8464,-17875,0
8465,-17875,0
8466,-17523,1
8467,-17523,0
8468,-17523,0
8469,-23135,1
8470,-23135,0
8471,-29255,1
8472,-30823,1
8473,-30823,0
8474,-30823,0
8475,-30823,0
8476,-30823,0
8477,0,0
8478,165,1
8479,165,0
8480,165,0
8481,165,0
8482,165,0
8483,165,0
8484,-4049,1
8485,-4049,0
8486,0,0
8487,0,0
8488,0,0
8489,0,0
8490,280,1
8491,280,0
8492,280,0
8493,280,0
8494,280,0
8495,280,0
8496,280,0
8497,280,0
8498,280,0
8499,280,0
8500,-6509,1
8501,-8226,1
8502,-8226,0
8503,-8154,1
8504,-17078,1
8505,-17078,0
8506,-17078,0
8507,-17078,0
8508,-17078,0
8509,-17078,0
8510,-17078,0
8511,-17078,0
8512,-18518,1
8513,0,0
8514,0,0
8515,0,0
8516,0,0
8517,-5518,1
8518,-5518,0
8519,-5518,0
8520,-5518,0
8521,-6310,1
8522,0,0
8523,0,0
8524,-7424,1
8525,-7424,0
8526,-16444,1
8527,-15612,1
8528,-1134,1
8529,-1134,0
8530,1006,1
8531,1006,0
8532,1006,0
8533,1006,0
8534,1006,0
8535,1006,0
8536,1006,0
8537,1006,0
8538,-8695,1
8539,-8695,0
8540,-8695,0
8541,1597,1
8542,1677,1
8543,-5363,1
8544,-5363,0
8545,-5363,0
8546,-5363,0
8547,4141,1
8548,4141,0
8549,4141,0
8550,4141,0
8551,4141,0
8552,-1379,1
8553,-1379,0
8554,-1379,0
8555,-1379,0
8556,-1379,0
8557,-1379,0
8558,-1379,0
8559,-1379,0
8560,-1379,0
8561,-1379,0
8562,-1379,0
8563,-1379,0
8564,-1379,0
8565,-1379,0
8566,-1379,0
8567,-5795,1
8568,-5795,0
8569,-5795,0
8570,-5795,0
8571,-5795,0
8572,-5795,0
8573,-5795,0
8574,-5795,0
8575,-5795,0
8576,-5795,0
8577,-5795,0
8578,-9413,1
8579,0,0
8580,874,1
8581,874,0
8582,874,0
8583,874,0
8584,874,0
8585,874,0
8586,874,0
8587,874,0
8588,874,0
8589,874,0
8590,874,0
8591,874,0
8592,-5348,1
8593,-6934,1
8594,-6934,0
8595,-6934,0
8596,-6934,0
8597,-7058,1
8598,-7058,0
8599,-6617,1
8600,-6762,1
8601,-6762,0
8602,-6762,0
8603,-6762,0
8604,-7972,1
8605,-7972,0
8606,-7972,0
8607,-7972,0
8608,-9442,1
8609,-9442,0
8610,-9442,0
8611,-9442,0
8612,-9442,0
8613,-9442,0
8614,-9442,0
8615,-9442,0
8616,-9442,0
8617,-9442,0
8618,-9442,0
8619,-9442,0
8620,-9442,0
8621,-9442,0
8622,-9442,0
8623,-10006,1
8624,-10006,0
8625,-12256,1
8626,0,0
8627,0,0
8628,0,0
8629,0,0
8630,0,0
8631,0,0
8632,-2257,1
8633,-2257,0
8634,-2257,0
8635,-5297,1
8636,-5297,0
8637,-5297,0
8638,-5237,1
8639,-5237,0
8640,-5237,0
8641,-5237,0
8642,-5237,0
8643,-5237,0
8644,-5237,0
8645,-5237,0
8646,-5237,0
8647,-14701,1
8648,-14701,0
8649,-14701,0
8650,-14701,0
8651,-14701,0
8652,-14701,0
8653,-14701,0
8654,-14179,1
8655,-14179,0
8656,-14179,0
8657,-14179,0
8658,-14179,0
8659,-14179,0
8660,-14179,0
8661,-14587,1
8662,-14587,0
8663,-14587,0
8664,-14587,0
8665,-14587,0
8666,-14587,0
8667,-14797,1
8668,-18103,1
8669,-18103,0
8670,-14653,1
8671,-14653,0
8672,-17303,1
8673,-17303,0
8674,-17303,0
8675,-17303,0
8676,-17303,0
8677,-17303,0
8678,-18408,1
8679,-18408,0
8680,-14719,1
8681,-16072,1
8682,-16072,0
8683,-16072,0
8684,-16072,0
8685,-16072,0
8686,-16072,0
8687,-25830,1
8688,-25830,0
8689,-25830,0
8690,-25830,0
8691,-25830,0
8692,-25830,0
8693,-25830,0
8694,-25830,0
8695,-25830,0
8696,-25830,0
8697,-11434,1
8698,-11434,0
8699,-11434,0
8700,-11434,0
8701,-11434,0
8702,-15984,1
8703,-16354,1
8704,-15894,1
8705,-15894,0
8706,-15894,0
8707,-15894,0
8708,-15894,0
8709,-15894,0
8710,-15894,0
8711,-16219,1
8712,-16219,0
8713,-16219,0
8714,-16219,0
8715,-16219,0
8716,-16219,0
8717,-16219,0
8718,-22893,1
8719,-22893,0
8720,-22893,0
8721,-22893,0
8722,-22893,0
8723,-23043,1
8724,0,0
8725,0,0
8726,282,1
8727,282,0
8728,282,0
8729,282,0
8730,282,0
8731,282,0
8732,282,0
8733,282,0
8734,282,0
8735,282,0
8736,-3934,1
8737,0,0
8738,0,0
8739,0,0
8740,0,0
8741,0,0
8742,432,1
8743,432,0
8744,432,0
8745,3680,1
8746,3680,0
8747,3680,0
8748,3680,0
8749,3680,0
8750,3680,0
8751,3680,0
8752,3680,0
8753,6780,1
8754,13890,1
8755,13890,0
8756,13890,0
8757,13890,0
8758,13890,0
8759,10173,1
8760,10173,0
8761,10173,0
8762,10173,0
8763,10173,0
8764,10173,0
8765,10173,0
8766,10173,0
8767,16861,1
8768,16861,0
8769,16861,0
8770,16861,0
8771,16861,0
8772,16861,0
8773,16861,0
8774,0,0
8775,0,0
8776,0,0
8777,4268,1
8778,4268,0
8779,4268,0
8780,4268,0
8781,4268,0
8782,1772,1
8783,1772,0
8784,1772,0
8785,1772,0
8786,3542,1
8787,3542,0
8788,3542,0
8789,3542,0
8790,-7807,1
8791,-7807,0
8792,-4837,1
8793,-4837,0
8794,-4837,0
8795,-4837,0
8796,-4837,0
8797,-4837,0
8798,-7157,1
8799,-7157,0
8800,-7157,0
8801,-7157,0
8802,-7157,0
8803,-7157,0
8804,-7157,0
8805,-7157,0
8806,-7157,0
8807,-7157,0
8808,-7157,0
8809,-7157,0
8810,-7157,0
8811,-7157,0
8812,-7157,0
8813,-7157,0
8814,-7157,0
8815,-9221,1
8816,-9221,0
8817,-9221,0
8818,0,0
8819,0,0
8820,0,0
8821,-5550,1
8822,-5550,0
8823,-18606,1
8824,-18606,0
8825,-18606,0
8826,-18606,0
8827,-20456,1
8828,-20456,0
8829,-20456,0
8830,-20359,1
8831,-19512,1
8832,-19512,0
8833,-19512,0
8834,-19512,0
8835,-19336,1
8836,-19336,0
8837,-19336,0
8838,-19336,0
8839,-11379,1
8840,-11379,0
8841,-11379,0
8842,-11379,0
8843,-11379,0
8844,-16690,1
8845,-16690,0
8846,-16690,0
8847,-16690,0
8848,-16690,0
8849,-16690,0
8850,-6834,1
8851,-6834,0
8852,-6834,0
8853,-2570,1
8854,-2570,0
8855,-2570,0
8856,-2570,0
8857,-2570,0
8858,-2570,1
8859,-2570,0
8860,-2570,0
8861,-2570,0
8862,-2570,0
8863,-2570,0
8864,7576,1
8865,7576,0
8866,7576,0
8867,6190,1
8868,6190,0
8869,6190,0
8870,3902,1
8871,3902,0
8872,3902,0
8873,3902,0
8874,3902,0
8875,3902,0
8876,-4582,1
8877,-4582,0
8878,-4582,0
8879,0,0
8880,0,0
8881,0,0
8882,0,0
8883,1860,1
8884,1860,0
8885,1860,0
8886,1860,0
8887,1815,1
8888,1815,0
8889,1815,0
8890,1066,1
8891,1066,0
8892,1066,0
8893,1066,0
8894,1066,0
8895,1066,0
8896,571,1
8897,-3909,1
8898,-3909,0
8899,-3909,0
8900,-3909,0
8901,-3909,0
8902,-3909,0
8903,-3909,0
8904,-3909,0
8905,-5724,1
8906,-4356,1
8907,-4356,0
8908,-4356,0
8909,-2036,1
8910,-2036,0
8911,-2036,0
8912,-3440,1
8913,-3440,0
8914,-3440,0
8915,-3440,0
8916,-4889,1
8917,-4889,0
8918,-4889,0
8919,0,0
8920,0,0
8921,0,0
8922,1221,1
8923,1221,0
8924,1221,0
8925,1221,0
8926,1221,0
8927,1221,0
8928,949,1
8929,949,0
8930,949,0
8931,949,0
8932,949,0
8933,949,0
8934,4516,1
8935,4516,0
8936,4516,0
8937,4516,0
8938,3704,1
8939,3704,0
8940,1004,1
8941,1004,0
8942,1004,0
8943,329,1
8944,0,0
8945,0,0
8946,0,0
8947,0,0
8948,0,0
8949,0,0
8950,0,0
8951,0,0
8952,0,0
8953,0,0
8954,0,0
8955,424,1
8956,424,0
8957,424,0
8958,424,0
8959,424,0
8960,424,0
8961,424,0
8962,-1898,1
8963,-1898,0
8964,-1898,0
8965,-1898,0
8966,-1898,0
8967,-1898,0
8968,-1898,0
8969,-1898,0
8970,-1898,0
8971,-1898,0
8972,8926,1
8973,8926,0
8974,8926,0
8975,8926,0
8976,8926,0
8977,8926,0
8978,8926,0
8979,8926,0
8980,8926,0
8981,8926,0
8982,8926,0
8983,8926,0
8984,8926,0
8985,8926,0
8986,8446,1
8987,11467,1
8988,0,0
8989,0,0
8990,-92,1
8991,-92,0
8992,-92,0
8993,0,0
8994,-155,1
8995,-2279,1
8996,-2279,0
8997,-2279,0
8998,-2279,0
8999,-9839,1
9000,-9839,0
9001,-9839,0
9002,-16259,1
9003,-16259,0
9004,-16259,0
9005,-16259,0
9006,-16259,0
9007,-16259,0
9008,-16259,0
9009,-16240,1
9010,-16240,0
9011,-16240,0
9012,-16240,0
9013,-16240,0
9014,-18508,1
9015,0,0
9016,0,0
9017,0,0
9018,0,0
9019,0,0
9020,0,0
9021,0,0
9022,0,0
9023,0,0
9024,0,0
9025,0,0
9026,0,0
9027,0,0
9028,0,0
9029,0,0
9030,-1258,1
9031,-1258,0
9032,-1258,0
9033,-1258,0
9034,-1258,0
9035,2702,1
9036,2702,0
9037,0,0
9038,0,0
9039,0,0
9040,0,0
9041,6962,1
9042,-462,1
9043,-462,0
9044,-462,0
9045,-462,0
9046,-462,0
9047,-462,0
9048,-462,0
9049,-462,0
9050,-462,0
9051,-462,0
9052,6425,1
9053,6425,0
9054,6425,0
9055,6425,0
9056,8621,1
9057,8621,0
9058,9157,1
9059,11694,1
9060,11694,0
9061,11694,0
9062,21571,1
9063,21571,0
9064,21571,0
9065,21571,0
9066,21571,0
9067,21571,0
9068,21571,0
9069,21571,0
9070,21571,0
9071,21571,0
9072,21571,0
9073,22652,1
9074,25991,1
9075,25991,0
9076,25991,0
9077,33803,1
9078,33803,0
9079,33803,0
9080,33803,0
9081,33803,0
9082,33803,0
9083,34583,1
9084,34583,0
9085,34583,0
9086,34583,0
9087,34583,0
9088,29319,1
9089,29319,0
9090,29319,0
9091,29319,0
9092,29991,1
9093,29991,0
9094,29991,0
9095,29991,0
9096,29991,0
9097,29991,0
9098,29419,1
9099,29419,0
9100,29419,0
9101,29419,0
9102,29419,0
9103,29419,0
9104,29419,0
9105,29419,0
9106,21467,1
9107,21467,0
9108,21467,0
9109,21467,0
9110,21467,0
9111,21467,0
9112,21467,0
9113,21467,0
9114,17067,1
9115,19404,1
9116,19404,0
9117,19404,0
9118,19404,0
9119,19404,0
9120,7099,1
9121,7099,0
9122,7099,0
9123,7099,0
9124,7099,0
9125,7099,0
9126,7099,0
9127,7099,0
9128,7099,0
9129,7099,0
9130,8573,1
9131,8573,0
9132,8573,0
9133,8573,0
9134,9061,1
9135,9061,0
9136,9061,0
9137,0,0
9138,0,0
9139,1748,1
9140,1748,0
9141,3191,1
9142,3191,0
9143,3191,0
9144,3191,0
9145,-7043,1
9146,0,0
9147,663,1
9148,663,0
9149,663,0
9150,663,0
9151,663,0
9152,663,0
9153,663,0
9154,-2228,1
9155,-2228,0
9156,1798,1
9157,-6392,1
9158,-6392,0
9159,-6392,0
9160,-6392,0
9161,0,0
9162,0,0
9163,0,0
9164,0,0
9165,0,0
9166,0,0
9167,0,0
9168,1521,1
9169,321,1
9170,321,0
9171,321,0
9172,-2247,1
9173,-2247,0
9174,-2247,0
9175,-2247,0
9176,-2352,1
9177,-2352,0
9178,-2352,0
9179,2094,1
9180,2094,0
9181,2094,0
9182,2094,0
9183,2094,0
9184,2094,0
9185,2094,0
9186,2094,0
9187,2094,0
9188,2094,0
9189,2094,0
9190,2094,0
9191,2094,0
9192,2094,0
9193,2094,0
9194,3450,1
9195,3450,0
9196,3450,0
9197,3450,0
9198,3450,0
9199,0,0
9200,0,0
9201,0,0
9202,0,0
9203,-413,1
9204,-413,0
9205,-413,0
9206,-413,0
9207,2206,1
9208,2206,0
9209,3822,1
9210,3822,0
9211,3822,0
9212,3822,0
9213,4924,1
9214,4924,0
9215,4924,0
9216,4924,0
9217,4924,0
9218,4924,0
9219,3290,1
9220,3290,0
9221,3290,0
9222,3290,0
9223,3290,0
9224,-6902,1
9225,-6902,0
9226,-6902,0
9227,-11302,1
9228,-20608,1
9229,-32151,1
9230,-32151,0
9231,-33399,1
9232,-33399,0
9233,-33399,0
9234,-36439,1
9235,-29124,1
9236,-29124,0
9237,-29124,0
9238,0,0
9239,0,0
9240,0,0
9241,0,0
9242,1975,1
9243,1975,0
9244,1975,0
9245,1975,0
9246,-4685,1
9247,-4685,0
9248,-4685,0
9249,-4685,0
9250,-4685,0
9251,-4685,0
9252,-5015,1
9253,-7016,1
9254,-1832,1
9255,-1832,0
9256,7965,1
9257,10196,1
9258,10196,0
9259,10196,0
9260,10624,1
9261,10624,0
9262,10624,0
9263,10624,0
9264,10624,0
9265,10624,0
9266,10624,0
9267,9652,1
9268,9652,0
9269,9652,0
9270,9652,0
9271,9652,0
9272,9652,0
9273,9652,0
9274,9652,0
9275,9652,0
9276,9652,0
9277,9652,0
9278,9652,0
9279,9652,0
9280,7664,1
9281,7928,1
9282,7928,0
9283,7928,0
9284,7928,0
9285,18968,1
9286,18968,0
9287,18968,0
9288,0,0
9289,0,0
9290,0,0
9291,0,0
9292,0,0
9293,0,0
9294,0,0
9295,0,0
9296,0,0
9297,0,0
9298,-11036,1
9299,-11036,0
9300,-11036,0
9301,-11036,0
9302,-11036,0
9303,-11036,0
9304,-11036,0
9305,-11036,0
9306,-11036,0
9307,-11036,0
9308,-15068,1
9309,-14210,1
9310,-14210,0
9311,-14210,0
9312,-14210,0
9313,-14210,0
9314,-14210,0
9315,-14210,0
9316,-14210,0
9317,-14210,0
9318,-14210,0
9319,-15080,1
9320,-15080,0
9321,-15065,1
9322,-15065,0
9323,-18629,1
9324,-22031,1
9325,-22031,0
9326,-22031,0
9327,-22031,0
9328,-22031,0
9329,-22031,0
9330,-22031,0
9331,-22031,0
9332,-22031,0
9333,-22031,0
9334,-22031,0
9335,-22031,0
9336,-22031,0
9337,-20399,1
9338,0,0
9339,0,0
9340,0,0
9341,0,0
9342,0,0
9343,0,0
9344,0,0
9345,0,1
9346,0,0
9347,0,0
9348,0,0
9349,0,0
9350,0,0
9351,-2303,1
9352,-2303,0
9353,-2303,0
9354,-2303,0
9355,-2303,0
9356,1281,1
9357,1281,0
9358,-279,1
9359,-279,0
9360,-279,0
9361,-279,0
9362,0,0
9363,0,0
9364,0,0
9365,1725,1
9366,1725,0
9367,1725,0
9368,1725,0
9369,1725,0
9370,1725,0
9371,9165,1
9372,9165,0
9373,9165,0
9374,9165,0
9375,9165,0
9376,11265,1
9377,11265,0
9378,11265,0
9379,9517,1
9380,15892,1
9381,15892,0
9382,15892,0
9383,15892,0
9384,15892,0
9385,15892,0
9386,15892,0
9387,9976,1
9388,9976,0
9389,9976,0
9390,5302,1
9391,5302,0
9392,5302,0
9393,5302,0
9394,5302,0
9395,5302,0
9396,5302,0
9397,5302,0
9398,0,0
9399,0,0
9400,-4134,1
9401,-4134,0
9402,-4134,0
9403,-4134,0
9404,-4134,0
9405,-4134,0
9406,-4134,0
9407,-4134,0
9408,-4134,0
9409,0,0
9410,0,0
9411,2928,1
9412,2928,0
9413,9935,1
9414,8630,1
9415,8630,0
9416,2424,1
9417,2424,0
9418,212,1
9419,212,0
9420,212,0
9421,212,0
9422,212,0
9423,762,1
9424,762,0
9425,-3648,1
9426,-3648,0
9427,-3648,0
9428,-3648,0
9429,-3648,0
9430,-5643,1
9431,-4563,1
9432,-2835,1
9433,-2835,0
9434,-2835,0
9435,-2835,0
9436,-2835,0
9437,-2835,0
9438,-4551,1
9439,-4551,0
9440,-4551,0
9441,-4551,0
9442,-4551,0
9443,-4551,0
9444,-4551,0
9445,-4551,0
9446,-4551,0
9447,-66,1
9448,-66,0
9449,-66,0
9450,-66,0
9451,-66,0
9452,-66,0
9453,-66,0
9454,-66,0
9455,-2612,1
9456,-2612,0
9457,6136,1
9458,5526,1
9459,5526,0
9460,6646,1
9461,6646,0
9462,6646,0
9463,0,0
9464,0,0
9465,0,0
9466,0,0
9467,0,0
9468,0,0
9469,0,0
9470,0,0
9471,0,0
9472,2223,1
9473,2223,0
9474,2223,0
9475,8897,1
9476,8897,0
9477,15197,1
9478,15197,0
9479,15402,1
9480,15402,0
9481,17958,1
9482,17958,0
9483,17958,0
9484,33078,1
9485,33078,0
9486,30908,1
9487,27100,1
9488,23180,1
9489,25790,1
9490,12452,1
9491,11668,1
9492,11668,0
9493,11668,0
9494,11668,0
9495,11668,0
9496,11668,0
9497,11668,0
9498,11668,0
9499,11668,0
9500,11668,0
9501,11668,0
9502,11668,0
9503,11668,0
9504,14872,1
9505,14872,0
9506,14872,0
9507,0,0
9508,0,0
9509,0,0
9510,0,0
9511,0,0
9512,0,0
9513,0,0
9514,0,0
9515,0,0
9516,-2048,1
9517,-2048,0
9518,-2048,0
9519,-2048,0
9520,-2048,0
9521,-5210,1
9522,-5210,0
9523,-2427,1
9524,-2257,1
9525,-2032,1
9526,-2032,0
9527,-2032,0
9528,-2032,0
9529,-2032,0
9530,-2032,0
9531,-2032,0
9532,-2032,0
9533,-2032,0
9534,-2032,0
9535,8668,1
9536,8668,0
9537,8668,0
9538,8668,0
9539,8668,0
9540,8668,0
9541,-190,1
9542,-190,0
9543,-5236,1
9544,-5236,0
9545,-5236,0
9546,-13790,1
9547,-17906,1
9548,-18186,1
9549,-21782,1
9550,-27762,1
9551,-25490,1
9552,-27370,1
9553,0,0
9554,0,0
9555,7533,1
9556,6925,1
9557,6925,0
9558,6925,0
9559,6925,0
9560,6925,0
9561,6925,0
9562,6925,0
9563,6925,0
9564,6925,0
9565,6925,0
9566,6925,0
9567,18025,1
9568,18025,0
9569,0,0
9570,0,0
9571,0,0
9572,0,0
9573,0,0
9574,-4048,1
9575,-4048,0
9576,-4048,0
9577,132,1
9578,-1449,1
9579,2151,1
9580,801,1
9581,801,0
9582,801,0
9583,801,0
9584,801,0
9585,801,0
9586,903,1
9587,903,0
9588,903,0
9589,903,0
9590,903,0
9591,903,0
9592,-7512,1
9593,-7512,0
9594,-8065,1
9595,-8065,0
9596,-8065,0
9597,-8065,0
9598,-8065,0
9599,-8065,0
9600,-8065,0
9601,-7665,1
9602,-7665,0
9603,-7665,0
9604,-7665,0
9605,-9225,1
9606,-9225,0
9607,-9225,0
9608,-9225,0
9609,0,0
9610,0,0
9611,0,0
9612,0,0
9613,-648,1
9614,-648,0
9615,6697,1
9616,6697,0
9617,6697,0
9618,6697,0
9619,6697,0
9620,6697,0
9621,6697,0
9622,6697,0
9623,6697,0
9624,6697,0
9625,2417,1
9626,8617,1
9627,8617,0
9628,8617,0
9629,8617,0
9630,8617,0
9631,8617,0
9632,0,0
9633,-462,1
9634,227,1
9635,227,0
9636,227,0
9637,-2248,1
9638,-2248,0
9639,-2248,0
9640,-2248,0
9641,-8023,1
9642,-8023,0
9643,-8023,0
9644,-8923,1
9645,-8923,0
9646,-8923,0
9647,-8923,0
9648,-5727,1
9649,-5727,0
9650,-3807,1
9651,-3645,1
9652,-3645,0
9653,-6713,1
9654,-6713,0
9655,-14239,1
9656,-14239,0
9657,-19221,1
9658,0,0
9659,0,0
9660,4617,1
9661,4617,0
9662,4617,0
9663,4617,0
9664,4825,1
9665,4825,0
9666,4825,0
9667,4825,0
9668,4825,0
9669,4825,0
9670,4825,0
9671,7232,1
9672,7232,0
9673,4032,1
9674,-2808,1
9675,-2507,1
9676,-2507,0
9677,-2507,0
9678,-2507,0
9679,-2507,0
9680,-2507,0
9681,-2507,0
9682,0,0
9683,-6468,1
9684,-6468,0
9685,1814,1
9686,1814,0
9687,1814,0
9688,1814,0
9689,0,0
9690,0,0
9691,0,0
9692,0,0
9693,0,0
9694,0,0
9695,0,0
9696,0,0
9697,1927,1
9698,1927,0
9699,1927,0
9700,1927,0
9701,1927,0
9702,1927,0
9703,1927,0
9704,1927,0
9705,1927,0
9706,1927,0
9707,1927,0
9708,1927,0
9709,1927,0
9710,1927,0
9711,1927,0
9712,1927,0
9713,-977,1
9714,-977,0
9715,-977,0
9716,-977,0
9717,-977,0
9718,-977,0
9719,9616,1
9720,9616,0
9721,9616,0
9722,9616,0
9723,9616,0
9724,9616,0
9725,9616,0
9726,10806,1
9727,10806,0
9728,20770,1
9729,20770,0
9730,20770,0
9731,20770,0
9732,9577,1
9733,0,0
9734,0,0
9735,-6480,1
9736,-1062,1
9737,-1062,0
9738,-1062,0
9739,-1062,0
9740,-1062,0
9741,378,1
9742,4914,1
9743,4914,0
9744,4914,0
9745,4914,0
9746,4914,0
9747,-702,1
9748,-702,0
9749,-702,0
9750,-702,0
9751,-702,0
9752,-702,0
9753,-702,0
9754,3288,1
9755,3288,0
9756,2536,1
9757,2536,0
9758,13497,1
9759,13497,0
9760,13497,0
9761,13497,0
9762,13497,0
9763,163,1
9764,163,0
9765,163,0
9766,163,0
9767,2203,1
9768,2203,0
9769,2203,0
9770,2203,0
9771,2203,0
9772,-9513,1
9773,-6213,1
9774,0,0
9775,4352,1
9776,4352,0
9777,4352,0
9778,4496,1
9779,8867,1
9780,8867,0
9781,8867,0
9782,8867,0
9783,8867,0
9784,8867,0
9785,8867,0
9786,9817,1
9787,9817,0
9788,9817,0
9789,13509,1
9790,13509,0
9791,13509,0
9792,13509,0
9793,13509,0
9794,13509,0
9795,13509,0
9796,18459,1
9797,19207,1
9798,19207,0
9799,19207,0
9800,19207,0
9801,19207,0
9802,19827,1
9803,19827,0
9804,25134,1
9805,25134,0
9806,25134,0
9807,25134,0
9808,29439,1
9809,29439,0
9810,29439,0
9811,29439,0
9812,29852,1
9813,29852,0
9814,29852,0
9815,29852,0
9816,29852,0
9817,29852,0
9818,29852,0
9819,34415,1
9820,34415,0
9821,34415,0
9822,34415,0
9823,29493,1
9824,29493,0
9825,29493,0
9826,29493,0
9827,29493,0
9828,29493,0
9829,29493,0
9830,29493,0
9831,22493,1
9832,22493,0
9833,22493,0
9834,22493,0
9835,22493,0
9836,22493,0
9837,23343,1
9838,23343,0
9839,24355,1
9840,27655,1
9841,27655,0
9842,27655,0
9843,39079,1
9844,34679,1
9845,34679,0
9846,31885,1
9847,31885,0
9848,31885,0
9849,31885,0
9850,18664,1
9851,18664,0
9852,18664,0
9853,18664,0
9854,18664,0
9855,22402,1
9856,22402,0
9857,24802,1
9858,24868,1
9859,0,0
9860,0,0
9861,0,0
9862,0,0
9863,0,0
9864,0,0
9865,0,0
9866,0,0
9867,0,0
9868,-286,1
9869,0,0
9870,0,0
9871,0,0
9872,0,0
9873,0,0
9874,0,0
9875,0,0
9876,0,0
9877,0,0
9878,0,0
9879,0,0
9880,495,1
9881,495,0
9882,495,0
9883,495,0
9884,495,0
9885,495,0
9886,8401,1
9887,8401,0
9888,8401,0
9889,8401,0
9890,8401,0
9891,8401,0
9892,8349,1
9893,8745,1
9894,8745,0
9895,8745,0
9896,7250,1
9897,7250,0
9898,7250,0
9899,7250,0
9900,-2020,1
9901,-5498,1
9902,-4922,1
9903,-10242,1
9904,-10242,0
9905,-10242,0
9906,-10242,0
9907,-10242,0
9908,-10242,0
9909,-10242,0
9910,-10242,0
9911,-10242,0
9912,-10242,0
9913,-10242,0
9914,-10983,1
9915,-2433,1
9916,-4841,1
9917,-7751,1
9918,-7751,0
9919,-7751,0
9920,-4439,1
9921,0,0
9922,-414,1
9923,-4544,1
9924,-4544,0
9925,-4544,0
9926,-4544,0
9927,-4544,0
9928,-4544,0
9929,-4544,0
9930,-4544,0
9931,-4544,0
9932,-4544,0
9933,-4544,0
9934,-4544,0
9935,-4544,0
9936,-4544,0
9937,-4544,0
9938,-4544,0
9939,-4544,0
9940,-4544,0
9941,-4544,0
9942,-4544,0
9943,-4544,0
9944,-3616,1
9945,-3676,1
9946,-3676,0
9947,-3676,0
9948,-3676,0
9949,538,1
9950,538,0
9951,538,0
9952,538,0
9953,790,1
9954,-1280,1
9955,-275,1
9956,-275,0
9957,-275,0
9958,-275,0
9959,-275,0
9960,-275,0
9961,-275,0
9962,-275,0
9963,-180,1
9964,-180,0
9965,-180,0
9966,-180,0
9967,-180,0
9968,-180,0
9969,1476,1
9970,1106,1
9971,1106,0
9972,1106,0
9973,-2214,1
9974,2716,1
9975,2716,0
9976,4368,1
9977,4368,0
9978,4368,0
9979,3336,1
9980,3336,0
9981,3336,0
9982,3336,0
9983,-1200,1
9984,-1200,0
9985,-1200,0
9986,-1200,0
9987,-1200,0
9988,-1200,0
9989,-1200,0
9990,-1200,0
9991,-1200,0
9992,-1200,0
9993,-8044,1
9994,-8044,0
9995,-17636,1
9996,-17636,0
9997,-17636,0
9998,-17636,0
9999,-17636,0
10000,-16273,1
10001,-10918,1
10002,-10918,0
10003,-15554,1
10004,-15554,0
10005,-15554,0
10006,-3802,1
10007,-3802,0
10008,-3802,0
10009,-3802,0
10010,-3802,0
10011,380,1
