cycle,a,b,enable,clear_acc,valid_in,expected_acc,expected_valid
0,0,0,1,0,1,0,1
1,10,5,1,0,1,50,1
2,10,-5,1,0,1,0,1
3,-10,5,1,0,1,-50,1
4,-10,-5,1,0,1,0,1
5,127,127,1,0,1,16129,1
6,-128,-128,1,0,1,32513,1
7,-128,127,1,0,1,16257,1
8,127,-128,1,0,1,1,1
9,22,19,0,0,1,1,0
10,22,19,1,0,0,1,0
11,1,1,1,1,1,0,0
12,4,7,1,0,1,28,1
13,34,-54,1,1,1,0,0
14,-18,-63,0,0,0,0,0
15,118,32,0,0,0,0,0
16,49,80,1,0,0,0,0
17,-65,84,1,0,0,0,0
18,62,42,1,0,1,2604,1
19,45,96,1,0,1,6924,1
20,-16,103,0,0,0,6924,0
21,44,13,1,0,1,7496,1
22,-106,84,0,0,1,7496,0
23,-124,-45,0,0,1,7496,0
24,-109,3,0,0,1,7496,0
25,68,-44,0,0,0,7496,0
26,-10,49,0,1,0,0,0
27,-124,-7,0,0,1,0,0
28,44,-76,1,0,0,0,0
29,-72,-105,0,0,1,0,0
30,-101,56,0,0,1,0,0
31,-70,-67,0,0,1,0,0
32,69,66,0,0,1,0,0
33,-125,-99,0,0,0,0,0
34,-5,95,0,0,0,0,0
35,92,-42,1,0,0,0,0
36,121,28,1,0,1,3388,1
37,4,8,1,0,0,3388,0
38,-105,18,0,0,1,3388,0
39,96,-24,1,0,0,3388,0
40,83,1,0,0,0,3388,0
41,110,-45,0,0,1,3388,0
42,80,109,1,0,1,12108,1
43,-21,2,1,0,0,12108,0
44,-57,67,0,0,0,12108,0
45,-57,-46,1,0,1,14730,1
46,-111,-78,1,0,0,14730,0
47,-79,15,1,0,1,13545,1
48,89,127,1,0,0,13545,0
49,10,114,0,0,0,13545,0
50,-57,-84,0,0,1,13545,0
51,-1,105,0,0,1,13545,0
52,76,100,1,0,1,21145,1
53,102,32,0,0,1,21145,0
54,72,125,0,0,1,21145,0
55,-95,22,1,1,1,0,0
56,-119,-41,0,0,0,0,0
57,38,-109,1,0,0,0,0
58,-86,55,1,0,0,0,0
59,-5,-35,1,0,0,0,0
60,109,123,0,0,1,0,0
61,-8,-12,1,0,0,0,0
62,-124,111,1,0,0,0,0
63,-105,105,0,0,0,0,0
64,-19,35,0,0,1,0,0
65,105,92,0,0,1,0,0
66,-13,-29,1,0,0,0,0
67,-58,-103,0,0,1,0,0
68,11,-52,0,0,1,0,0
69,-53,49,1,0,1,-2597,1
70,-41,-103,1,0,1,1626,1
71,-72,-45,0,0,1,1626,0
72,-61,-66,0,0,1,1626,0
73,-13,-108,0,0,1,1626,0
74,-74,117,0,0,0,1626,0
75,-91,69,0,0,1,1626,0
76,-104,2,0,1,0,0,0
77,12,-68,1,0,1,-816,1
78,-35,-28,1,0,1,164,1
79,106,-107,0,0,0,164,0
80,6,-38,0,0,0,164,0
81,69,41,0,0,0,164,0
82,77,-16,1,0,1,-1068,1
83,94,119,0,0,1,-1068,0
84,-74,88,0,0,1,-1068,0
85,-67,-97,1,0,0,-1068,0
86,97,86,0,0,0,-1068,0
87,51,5,1,0,1,-813,1
88,-86,-4,1,0,1,-469,1
89,-2,104,1,0,0,-469,0
90,-91,-10,0,0,0,-469,0
91,-59,-103,1,0,1,5608,1
92,102,-114,1,0,1,-6020,1
93,-108,-91,0,0,1,-6020,0
94,-125,-117,1,0,0,-6020,0
95,71,58,0,0,1,-6020,0
96,-35,73,1,0,0,-6020,0
97,108,-90,0,1,1,0,0
98,58,68,0,0,0,0,0
99,94,-23,0,0,0,0,0
100,40,9,1,0,0,0,0
101,76,-71,1,0,0,0,0
102,-23,34,1,0,0,0,0
103,-89,66,1,0,0,0,0
104,109,-76,0,0,1,0,0
105,0,9,1,0,1,0,1
106,-50,71,0,0,1,0,0
107,-48,-19,0,0,1,0,0
108,70,-68,0,0,0,0,0
109,91,-77,1,1,0,0,0
110,-51,70,0,0,0,0,0
111,-53,-128,0,0,1,0,0
112,-14,-64,0,0,1,0,0
113,-128,61,1,0,0,0,0
114,53,-105,0,0,0,0,0
115,23,121,1,1,1,0,0
116,-60,-29,1,0,1,1740,1
117,23,-11,0,0,0,1740,0
118,-19,-7,0,0,1,1740,0
119,-89,18,0,1,1,0,0
120,-124,5,0,0,1,0,0
121,-50,-60,0,0,0,0,0
122,-110,-107,0,0,0,0,0
123,72,16,0,0,1,0,0
124,9,-18,0,0,0,0,0
125,-115,16,1,0,1,-1840,1
126,-48,18,0,0,0,-1840,0
127,14,-23,0,0,1,-1840,0
128,-84,13,1,0,1,-2932,1
129,-95,-35,1,0,0,-2932,0
130,-30,-2,0,0,1,-2932,0
131,-111,-112,0,0,0,-2932,0
132,-7,65,0,0,0,-2932,0
133,11,-86,0,0,0,-2932,0
134,74,125,0,0,1,-2932,0
135,-122,-114,1,0,1,10976,1
136,-115,-77,0,0,0,10976,0
137,-115,-6,1,0,0,10976,0
138,124,-106,1,0,1,-2168,1
139,59,-65,0,0,0,-2168,0
140,-54,-119,0,0,0,-2168,0
141,-125,13,1,0,1,-3793,1
142,94,90,0,0,0,-3793,0
143,32,4,1,0,0,-3793,0
144,-61,75,0,0,1,-3793,0
145,30,54,1,0,0,-3793,0
146,43,92,1,0,1,163,1
147,80,-88,0,0,1,163,0
148,-42,-121,1,0,1,5245,1
149,85,21,0,0,0,5245,0
150,-68,99,1,0,0,5245,0
151,83,83,0,0,1,5245,0
152,-7,-88,0,0,1,5245,0
153,-39,59,0,0,1,5245,0
154,83,-93,1,0,0,5245,0
155,52,-10,0,0,0,5245,0
156,36,116,0,0,1,5245,0
157,95,52,0,0,1,5245,0
158,65,27,1,0,0,5245,0
159,65,27,0,0,1,5245,0
160,-57,-86,0,0,1,5245,0
161,-72,89,0,1,0,0,0
162,58,20,1,0,0,0,0
163,62,55,1,0,0,0,0
164,90,-117,0,0,1,0,0
165,125,-41,1,0,0,0,0
166,11,3,1,0,1,33,1
167,-57,-34,0,0,0,33,0
168,-51,-99,1,0,0,33,0
169,-11,-20,1,0,1,253,1
170,-46,-112,1,0,0,253,0
171,-89,-27,1,0,0,253,0
172,-33,58,0,0,0,253,0
173,8,105,0,0,0,253,0
174,94,65,0,0,1,253,0
175,-54,-28,0,0,0,253,0
176,-116,-22,0,0,1,253,0
177,-8,-60,1,0,0,253,0
178,-104,-16,1,0,0,253,0
179,-15,11,0,0,0,253,0
180,11,-84,1,0,1,-671,1
181,10,121,1,0,0,-671,0
182,22,114,1,0,1,1837,1
183,14,105,1,0,0,1837,0
184,82,-112,0,0,1,1837,0
185,19,-32,0,0,1,1837,0
186,55,-127,0,0,1,1837,0
187,118,-96,1,0,1,-9491,1
188,-112,-39,1,0,0,-9491,0
189,28,48,1,0,0,-9491,0
190,32,52,1,0,1,-7827,1
191,-25,-99,0,0,1,-7827,0
192,125,-83,0,0,1,-7827,0
193,39,-46,0,1,1,0,0
194,-16,-82,0,0,0,0,0
195,-62,-43,1,0,1,2666,1
196,-40,92,1,0,1,-1014,1
197,-4,20,0,0,1,-1014,0
198,-36,-84,0,0,1,-1014,0
199,-84,90,1,0,0,-1014,0
200,2,-53,0,0,1,-1014,0
201,22,-21,1,0,0,-1014,0
202,120,23,0,0,1,-1014,0
203,-23,-56,1,0,1,274,1
204,28,-5,1,0,0,274,0
205,66,-49,0,0,0,274,0
206,103,-98,1,0,0,274,0
207,-78,-107,1,1,0,0,0
208,-48,73,0,0,1,0,0
209,-22,-99,0,0,0,0,0
210,-66,124,0,0,1,0,0
211,70,121,1,0,0,0,0
212,99,-76,0,0,1,0,0
213,-27,22,1,0,0,0,0
214,43,41,1,0,0,0,0
215,-84,74,1,0,0,0,0
216,-100,25,1,0,0,0,0
217,-71,-116,1,0,0,0,0
218,46,38,0,1,1,0,0
219,-73,-77,1,0,1,5621,1
220,68,-73,0,0,0,5621,0
221,51,102,1,0,0,5621,0
222,46,109,1,0,0,5621,0
223,27,-127,0,1,0,0,0
224,-99,122,1,0,1,-12078,1
225,81,-86,0,0,0,-12078,0
226,21,-98,0,0,1,-12078,0
227,93,101,0,0,1,-12078,0
228,70,-43,0,0,0,-12078,0
229,-71,-27,0,0,1,-12078,0
230,16,-105,0,0,0,-12078,0
231,124,-83,1,0,1,-22370,1
232,36,86,1,0,0,-22370,0
233,7,-94,0,0,0,-22370,0
234,58,87,1,0,0,-22370,0
235,30,104,1,0,1,-19250,1
236,-77,7,0,0,0,-19250,0
237,-7,36,0,0,1,-19250,0
238,29,116,1,0,0,-19250,0
239,76,22,1,0,1,-17578,1
240,120,-102,1,0,0,-17578,0
241,-45,-87,0,0,1,-17578,0
242,-81,-73,1,0,1,-11665,1
243,-23,91,0,0,1,-11665,0
244,-30,92,0,0,1,-11665,0
245,111,-33,0,0,0,-11665,0
246,33,53,0,0,0,-11665,0
247,-87,73,0,0,1,-11665,0
248,-70,-94,0,0,0,-11665,0
249,72,41,0,0,0,-11665,0
250,102,122,1,0,0,-11665,0
251,-39,-56,1,0,1,-9481,1
252,25,21,1,0,1,-8956,1
253,-101,-13,0,0,0,-8956,0
254,46,30,0,0,0,-8956,0
255,120,-40,1,1,0,0,0
256,-82,5,1,0,1,-410,1
257,3,-1,0,0,0,-410,0
258,37,2,1,1,0,0,0
259,114,-127,0,0,1,0,0
260,95,53,1,0,1,5035,1
261,64,105,1,0,0,5035,0
262,-96,-54,1,0,1,10219,1
263,-13,32,0,0,1,10219,0
264,-119,-2,0,0,1,10219,0
265,26,108,0,0,1,10219,0
266,-106,85,0,0,0,10219,0
267,31,113,1,0,0,10219,0
268,30,-88,0,0,0,10219,0
269,23,-74,1,0,1,8517,1
270,-32,-83,0,0,0,8517,0
271,55,75,1,0,1,12642,1
272,2,66,0,0,1,12642,0
273,-108,65,1,0,0,12642,0
274,4,3,1,0,1,12654,1
275,104,-1,0,0,0,12654,0
276,-58,84,1,0,1,7782,1
277,-53,-90,0,0,0,7782,0
278,-67,105,0,0,0,7782,0
279,105,70,1,0,1,15132,1
280,88,107,0,0,0,15132,0
281,-77,-59,0,0,1,15132,0
282,-13,7,1,0,0,15132,0
283,80,47,1,0,0,15132,0
284,-101,-57,0,0,1,15132,0
285,87,2,1,0,1,15306,1
286,-65,37,0,0,0,15306,0
287,122,11,0,0,1,15306,0
288,-100,-21,1,0,1,17406,1
289,29,-11,1,0,1,17087,1
290,-106,-5,1,0,0,17087,0
291,-70,-111,1,0,1,24857,1
292,-50,79,1,1,0,0,0
293,-97,38,1,0,1,-3686,1
294,-5,30,1,0,1,-3836,1
295,-44,-69,0,0,0,-3836,0
296,96,-7,0,0,0,-3836,0
297,-6,-76,1,0,0,-3836,0
298,56,3,0,0,0,-3836,0
299,-39,-15,1,0,0,-3836,0
300,95,27,0,0,1,-3836,0
301,16,-108,0,0,0,-3836,0
302,-125,-62,1,0,0,-3836,0
303,-23,15,1,0,1,-4181,1
304,-83,-28,1,0,1,-1857,1
305,-69,-103,1,0,0,-1857,0
306,-41,6,0,0,0,-1857,0
307,-22,-73,1,0,1,-251,1
308,-67,-112,1,0,1,7253,1
309,3,-96,1,0,1,6965,1
310,-23,-50,0,0,0,6965,0
311,-128,61,0,0,1,6965,0
312,-60,-8,1,0,1,7445,1
313,58,-90,0,0,0,7445,0
314,-30,-4,1,0,1,7565,1
315,125,126,0,0,1,7565,0
316,123,63,1,0,0,7565,0
317,-110,101,0,0,1,7565,0
318,27,-3,1,0,0,7565,0
319,46,72,1,0,1,10877,1
320,43,7,0,0,1,10877,0
321,-23,-71,1,0,0,10877,0
322,-83,15,1,0,1,9632,1
323,5,-92,1,0,1,9172,1
324,-96,-40,0,0,0,9172,0
325,-44,30,0,0,0,9172,0
326,89,-68,1,1,0,0,0
327,68,22,0,0,1,0,0
328,94,90,0,0,0,0,0
329,-25,127,1,0,0,0,0
330,6,-96,1,0,0,0,0
331,18,-41,1,0,0,0,0
332,-4,-85,1,0,0,0,0
333,-90,-91,0,0,1,0,0
334,127,-86,0,0,0,0,0
335,-10,81,1,0,1,-810,1
336,85,127,1,0,0,-810,0
337,44,57,1,0,0,-810,0
338,-32,4,1,0,1,-938,1
339,-49,0,1,0,1,-938,1
340,63,-84,1,0,1,-6230,1
341,35,8,1,0,0,-6230,0
342,-49,-7,0,0,0,-6230,0
343,12,-68,1,0,1,-7046,1
344,-45,-113,1,0,1,-1961,1
345,120,55,1,0,1,4639,1
346,103,25,0,0,0,4639,0
347,102,77,0,0,0,4639,0
348,45,73,0,0,0,4639,0
349,114,-86,0,0,0,4639,0
350,-116,47,0,0,0,4639,0
351,-94,-32,0,0,0,4639,0
352,-79,47,0,0,1,4639,0
353,-88,-102,0,0,1,4639,0
354,3,110,0,0,0,4639,0
355,-52,109,1,0,0,4639,0
356,-37,-27,1,0,1,5638,1
357,54,-12,0,0,1,5638,0
358,-41,69,1,0,0,5638,0
359,70,-103,1,0,1,-1572,1
360,-117,103,0,0,1,-1572,0
361,78,59,0,0,0,-1572,0
362,-75,68,1,0,1,-6672,1
363,55,-58,0,0,1,-6672,0
364,-109,-106,0,0,0,-6672,0
365,41,-33,0,0,1,-6672,0
366,11,123,1,0,1,-5319,1
367,-128,21,1,0,1,-8007,1
368,77,-65,1,0,1,-13012,1
369,-78,84,1,0,1,-19564,1
370,-39,1,0,0,1,-19564,0
371,-46,-120,1,0,0,-19564,0
372,-113,10,1,0,1,-20694,1
373,124,-73,1,0,1,-29746,1
374,-77,16,1,0,1,-30978,1
375,21,-52,0,0,0,-30978,0
376,127,85,1,0,0,-30978,0
377,-1,-44,0,0,1,-30978,0
378,83,-15,1,0,1,-32223,1
379,-79,-125,0,0,0,-32223,0
380,-113,31,0,0,1,-32223,0
381,73,-89,0,0,1,-32223,0
382,-40,-102,1,0,0,-32223,0
383,116,4,1,1,1,0,0
384,44,68,1,0,0,0,0
385,55,-111,1,0,1,-6105,1
386,29,-46,0,0,1,-6105,0
387,58,116,1,0,1,623,1
388,-121,85,0,0,0,623,0
389,-19,0,0,0,1,623,0
390,4,-59,1,0,0,623,0
391,-60,-108,1,0,1,7103,1
392,78,-38,0,0,0,7103,0
393,49,-11,1,0,1,6564,1
394,12,1,0,0,1,6564,0
395,26,28,1,0,1,7292,1
396,-24,36,0,0,0,7292,0
397,-2,99,0,0,0,7292,0
398,-75,117,1,0,1,-1483,1
399,107,-79,1,0,1,-9936,1
400,-124,46,0,0,0,-9936,0
401,2,53,0,1,0,0,0
402,67,60,1,0,0,0,0
403,-22,60,0,0,0,0,0
404,100,122,1,0,0,0,0
405,30,102,1,0,1,3060,1
406,-92,78,1,0,1,-4116,1
407,-85,-114,1,0,1,5574,1
408,99,67,0,1,1,0,0
409,-16,-117,0,0,0,0,0
410,119,65,0,0,0,0,0
411,25,-22,0,0,1,0,0
412,88,27,1,0,0,0,0
413,-27,-95,1,0,1,2565,1
414,24,-39,1,0,1,1629,1
415,-124,-103,1,0,1,14401,1
416,12,-101,1,0,0,14401,0
417,108,-120,0,0,0,14401,0
418,51,106,1,0,0,14401,0
419,80,-55,0,0,0,14401,0
420,-69,66,0,0,1,14401,0
421,-68,-4,0,0,0,14401,0
422,-83,105,1,0,1,5686,1
423,-80,-4,1,0,1,6006,1
424,-74,-3,1,0,1,6228,1
425,-4,-57,1,0,1,6456,1
426,-25,117,1,0,0,6456,0
427,-107,8,1,0,0,6456,0
428,110,23,0,0,1,6456,0
429,33,105,1,1,0,0,0
430,17,-23,1,0,1,-391,1
431,16,-30,0,0,0,-391,0
432,106,76,0,0,1,-391,0
433,-119,90,0,0,1,-391,0
434,-35,32,1,0,1,-1511,1
435,-31,3,1,0,1,-1604,1
436,-19,43,1,0,1,-2421,1
437,31,32,0,0,1,-2421,0
438,-75,31,0,0,0,-2421,0
439,96,72,1,0,1,4491,1
440,-7,46,0,0,1,4491,0
441,-66,0,0,0,0,4491,0
442,-50,81,0,0,1,4491,0
443,-121,94,1,0,1,-6883,1
444,-35,54,0,0,1,-6883,0
445,36,80,0,1,0,0,0
446,6,-52,0,0,0,0,0
447,-51,-10,1,0,1,510,1
448,26,-39,0,0,1,510,0
449,111,23,0,0,0,510,0
450,-90,117,0,0,1,510,0
451,-17,-90,1,0,1,2040,1
452,83,-117,0,0,1,2040,0
453,-1,89,1,0,1,1951,1
454,19,-114,0,0,0,1951,0
455,-121,-106,0,0,1,1951,0
456,-35,-49,1,1,0,0,0
457,75,-77,1,0,0,0,0
458,-128,-41,1,0,0,0,0
459,-9,97,1,0,0,0,0
460,98,-46,1,0,0,0,0
461,-113,88,0,0,1,0,0
462,125,-24,1,0,1,-3000,1
463,104,72,0,0,1,-3000,0
464,67,13,1,0,0,-3000,0
465,114,-35,0,0,0,-3000,0
466,-51,-9,1,0,1,-2541,1
467,103,-15,0,0,1,-2541,0
468,88,-25,1,0,0,-2541,0
469,-111,108,0,0,1,-2541,0
470,-56,-117,0,0,0,-2541,0
471,-13,65,1,0,0,-2541,0
472,106,76,0,0,1,-2541,0
473,-93,-105,1,0,1,7224,1
474,108,110,0,0,0,7224,0
475,87,-26,1,0,0,7224,0
476,-121,101,0,0,0,7224,0
477,107,-27,0,0,1,7224,0
478,99,75,1,0,1,14649,1
479,75,-103,0,0,0,14649,0
480,66,-101,1,0,0,14649,0
481,62,40,1,0,0,14649,0
482,-126,74,0,0,1,14649,0
483,66,17,0,0,1,14649,0
484,90,-94,0,0,1,14649,0
485,-6,-83,0,0,0,14649,0
486,-78,78,0,0,0,14649,0
487,-3,111,0,0,0,14649,0
488,-106,39,0,0,1,14649,0
489,36,-112,1,0,0,14649,0
490,-47,-89,0,0,0,14649,0
491,-119,77,0,0,1,14649,0
492,76,-80,0,0,0,14649,0
493,-12,64,1,0,1,13881,1
494,45,15,0,0,1,13881,0
495,-76,-88,0,0,0,13881,0
496,125,19,0,0,1,13881,0
497,-126,-41,1,0,0,13881,0
498,-1,-83,0,0,0,13881,0
499,-5,-4,0,0,1,13881,0
500,71,-28,1,0,0,13881,0
501,108,-10,1,0,1,12801,1
502,120,-39,1,0,0,12801,0
503,-73,-83,0,0,1,12801,0
504,61,-31,0,0,0,12801,0
505,112,-9,1,0,0,12801,0
506,-124,-59,0,0,1,12801,0
507,-67,-91,0,0,0,12801,0
508,27,-111,1,1,1,0,0
509,25,-70,0,0,1,0,0
510,27,-114,0,0,1,0,0
511,20,-23,1,0,0,0,0
512,125,-123,0,0,0,0,0
513,34,-28,0,0,0,0,0
514,-23,118,1,0,0,0,0
515,69,-22,1,0,0,0,0
516,108,27,0,0,1,0,0
517,-75,101,1,0,0,0,0
518,126,119,1,0,0,0,0
519,-46,77,0,0,0,0,0
520,-76,-27,0,0,0,0,0
521,90,-37,1,1,0,0,0
522,-70,40,1,0,0,0,0
523,-4,-68,1,0,0,0,0
524,73,100,0,0,0,0,0
525,22,78,1,0,0,0,0
526,18,3,1,0,1,54,1
527,25,65,0,0,1,54,0
528,-35,-94,1,0,0,54,0
529,0,-3,0,0,0,54,0
530,4,66,0,0,0,54,0
531,-51,59,0,0,1,54,0
532,-72,2,1,0,1,-90,1
533,-63,-64,0,0,0,-90,0
534,-43,-52,0,0,0,-90,0
535,-24,-65,0,0,0,-90,0
536,-67,8,1,0,0,-90,0
537,93,-49,1,0,0,-90,0
538,-66,101,0,0,0,-90,0
539,-8,63,0,0,0,-90,0
540,-47,57,0,0,1,-90,0
541,-63,-34,1,1,0,0,0
542,13,28,1,0,1,364,1
543,123,11,1,0,0,364,0
544,-89,-107,1,0,0,364,0
545,-9,40,0,0,1,364,0
546,-62,-118,1,0,1,7680,1
547,-110,118,1,0,1,-5300,1
548,67,-102,1,0,0,-5300,0
549,-73,89,0,0,1,-5300,0
550,-104,35,1,0,0,-5300,0
551,80,30,0,0,1,-5300,0
552,42,-124,1,0,0,-5300,0
553,-12,-44,1,0,0,-5300,0
554,-53,88,1,0,1,-9964,1
555,-100,-29,0,0,1,-9964,0
556,-115,40,0,0,0,-9964,0
557,109,-97,0,0,0,-9964,0
558,41,-62,0,0,0,-9964,0
559,122,108,1,0,1,3212,1
560,86,-61,1,0,1,-2034,1
561,-127,122,0,0,1,-2034,0
562,41,-7,1,0,1,-2321,1
563,1,41,1,0,1,-2280,1
564,7,-64,1,0,1,-2728,1
565,-106,59,0,0,0,-2728,0
566,-103,11,0,0,0,-2728,0
567,86,-19,1,0,1,-4362,1
568,91,-24,1,0,1,-6546,1
569,-71,-109,1,1,1,0,0
570,65,96,0,0,1,0,0
571,-103,-4,0,0,0,0,0
572,-31,41,0,0,1,0,0
573,-76,36,1,0,1,-2736,1
574,-1,104,0,0,1,-2736,0
575,-20,-68,0,0,0,-2736,0
576,-67,-109,1,0,0,-2736,0
577,-58,-102,0,0,0,-2736,0
578,-58,100,1,0,0,-2736,0
579,45,-119,1,0,0,-2736,0
580,-30,94,1,0,1,-5556,1
581,125,-79,0,0,0,-5556,0
582,-8,-119,0,0,1,-5556,0
583,63,-61,1,0,1,-9399,1
584,100,-4,0,0,0,-9399,0
585,-123,-4,0,0,0,-9399,0
586,24,3,1,0,0,-9399,0
587,103,88,1,0,0,-9399,0
588,89,-47,0,0,0,-9399,0
589,111,-108,0,0,1,-9399,0
590,116,59,1,0,0,-9399,0
591,126,48,0,0,0,-9399,0
592,112,-65,0,0,1,-9399,0
593,63,-74,0,0,0,-9399,0
594,-110,-45,1,0,1,-4449,1
595,-103,24,0,0,0,-4449,0
596,74,85,1,0,1,1841,1
597,29,-28,1,0,1,1029,1
598,65,-68,1,0,0,1029,0
599,-95,84,1,0,0,1029,0
600,-76,-62,0,0,0,1029,0
601,115,-37,1,0,1,-3226,1
602,42,-125,0,0,0,-3226,0
603,6,13,1,0,1,-3148,1
604,113,-86,1,0,1,-12866,1
605,100,106,1,0,1,-2266,1
606,-15,-63,0,0,0,-2266,0
607,29,-33,1,0,1,-3223,1
608,-10,-74,0,0,1,-3223,0
609,75,17,0,0,0,-3223,0
610,30,41,1,0,1,-1993,1
611,-69,-36,0,0,0,-1993,0
612,-101,33,0,0,1,-1993,0
613,-10,123,1,0,1,-3223,1
614,7,101,1,0,0,-3223,0
615,-87,-40,0,0,1,-3223,0
616,2,13,1,0,1,-3197,1
617,3,-56,0,0,1,-3197,0
618,-108,-101,0,0,0,-3197,0
619,39,115,0,0,0,-3197,0
620,90,51,0,0,0,-3197,0
621,50,114,1,0,1,2503,1
622,63,106,1,0,0,2503,0
623,-109,-34,0,0,1,2503,0
624,121,104,1,0,0,2503,0
625,30,34,1,0,1,3523,1
626,-64,22,0,0,0,3523,0
627,-62,1,0,0,1,3523,0
628,-12,115,1,0,0,3523,0
629,69,-101,1,0,1,-3446,1
630,46,-23,0,0,0,-3446,0
631,117,108,1,0,1,9190,1
632,-95,0,1,0,0,9190,0
633,75,-12,0,0,0,9190,0
634,104,-120,0,0,1,9190,0
635,52,2,1,0,1,9294,1
636,69,60,1,0,0,9294,0
637,-72,-33,1,0,1,11670,1
638,9,-118,0,0,1,11670,0
639,-58,-26,1,0,1,13178,1
640,78,-38,0,0,0,13178,0
641,-2,-51,1,0,1,13280,1
642,-47,-24,0,0,1,13280,0
643,-56,38,1,0,1,11152,1
644,-109,-114,0,0,0,11152,0
645,-82,-124,0,0,0,11152,0
646,-72,126,0,0,0,11152,0
647,30,117,1,0,1,14662,1
648,-123,-90,0,0,0,14662,0
649,82,-103,0,0,1,14662,0
650,74,22,1,0,0,14662,0
651,89,46,0,0,0,14662,0
652,-113,-67,1,0,0,14662,0
653,-101,78,0,0,1,14662,0
654,15,29,0,0,0,14662,0
655,-110,-43,0,0,1,14662,0
656,96,10,0,0,1,14662,0
657,30,88,0,0,0,14662,0
658,-103,43,1,0,1,10233,1
659,7,-38,1,0,1,9967,1
660,-121,-124,0,0,0,9967,0
661,54,-92,1,0,0,9967,0
662,34,-122,0,0,1,9967,0
663,67,-100,1,0,1,3267,1
664,-58,32,1,0,1,1411,1
665,50,-17,1,0,0,1411,0
666,-127,-84,0,0,1,1411,0
667,13,-94,1,0,0,1411,0
668,23,43,1,0,0,1411,0
669,59,21,0,0,0,1411,0
670,102,-70,1,0,1,-5729,1
671,60,-51,0,0,1,-5729,0
672,-75,-67,0,0,1,-5729,0
673,60,-5,1,0,1,-6029,1
674,49,-32,1,0,1,-7597,1
675,-108,121,1,0,1,-20665,1
676,-34,63,1,0,0,-20665,0
677,109,-60,0,0,1,-20665,0
678,-116,62,0,0,1,-20665,0
679,116,-42,1,0,0,-20665,0
680,-81,-15,1,0,1,-19450,1
681,76,-125,0,0,0,-19450,0
682,78,87,1,0,0,-19450,0
683,-84,-115,0,0,0,-19450,0
684,91,-114,1,0,1,-29824,1
685,35,-109,0,0,0,-29824,0
686,-97,-6,1,0,0,-29824,0
687,-6,102,0,0,0,-29824,0
688,15,-96,1,0,1,-31264,1
689,-111,42,0,0,1,-31264,0
690,-21,97,0,0,1,-31264,0
691,-80,-119,0,0,0,-31264,0
692,63,-106,0,0,0,-31264,0
693,33,17,1,0,0,-31264,0
694,-121,-104,1,0,1,-18680,1
695,1,43,0,0,1,-18680,0
696,-63,-97,0,0,0,-18680,0
697,1,47,0,0,0,-18680,0
698,-102,-11,0,0,1,-18680,0
699,0,122,0,0,1,-18680,0
700,83,-86,1,0,0,-18680,0
701,-66,59,1,0,0,-18680,0
702,-11,-111,1,0,1,-17459,1
703,-77,-24,0,0,1,-17459,0
704,71,72,0,0,0,-17459,0
705,-1,68,0,0,0,-17459,0
706,-98,69,0,0,1,-17459,0
707,-85,31,0,0,1,-17459,0
708,27,53,1,1,1,0,0
709,-59,-103,0,0,0,0,0
710,37,39,0,0,0,0,0
711,-18,65,1,0,1,-1170,1
712,6,-57,0,0,0,-1170,0
713,121,41,0,0,1,-1170,0
714,-85,-33,0,0,0,-1170,0
715,-114,55,0,0,1,-1170,0
716,-32,53,1,0,0,-1170,0
717,-62,95,0,0,0,-1170,0
718,-34,-47,1,0,0,-1170,0
719,104,-77,0,0,0,-1170,0
720,-41,-116,1,0,1,3586,1
721,-70,18,1,0,1,2326,1
722,-41,23,0,0,1,2326,0
723,-101,61,0,0,0,2326,0
724,3,-46,0,0,1,2326,0
725,75,41,0,0,0,2326,0
726,104,-19,1,0,0,2326,0
727,25,-109,1,0,0,2326,0
728,-64,-52,1,0,1,5654,1
729,-30,118,0,0,0,5654,0
730,122,-64,0,0,1,5654,0
731,62,-69,0,1,1,0,0
732,-78,99,1,0,0,0,0
733,-98,125,1,0,0,0,0
734,87,-27,1,0,0,0,0
735,-27,-37,0,0,1,0,0
736,-40,-103,1,0,1,4120,1
737,-35,48,0,0,0,4120,0
738,-66,102,1,0,0,4120,0
739,-91,50,1,0,1,-430,1
740,-18,-2,1,1,0,0,0
741,50,43,0,0,0,0,0
742,96,-121,0,0,0,0,0
743,-44,23,0,0,0,0,0
744,4,1,0,0,0,0,0
745,-15,-16,0,0,1,0,0
746,4,-15,0,0,1,0,0
747,-102,75,1,0,0,0,0
748,108,121,1,0,0,0,0
749,68,16,1,0,0,0,0
750,89,0,0,0,0,0,0
751,35,95,1,0,0,0,0
752,-44,-120,0,0,1,0,0
753,-53,117,1,0,1,-6201,1
754,-105,33,1,0,1,-9666,1
755,10,83,1,0,1,-8836,1
756,27,-37,1,0,0,-8836,0
757,39,59,1,0,1,-6535,1
758,-44,-24,1,0,0,-6535,0
759,38,116,1,0,1,-2127,1
760,2,-97,0,0,0,-2127,0
761,-36,70,0,0,1,-2127,0
762,-92,-58,1,0,1,3209,1
763,-9,67,0,0,0,3209,0
764,-4,-127,1,0,0,3209,0
765,-1,47,0,0,1,3209,0
766,-106,-100,0,0,1,3209,0
767,-97,119,0,0,0,3209,0
768,50,-121,1,0,0,3209,0
769,-91,6,0,0,1,3209,0
770,-92,-100,1,0,0,3209,0
771,-26,24,0,0,1,3209,0
772,127,-102,0,0,1,3209,0
773,-80,-74,1,0,1,9129,1
774,49,63,0,0,1,9129,0
775,-2,-58,0,0,0,9129,0
776,86,104,0,0,1,9129,0
777,74,-112,1,0,0,9129,0
778,-78,-77,0,0,1,9129,0
779,-62,-65,1,0,1,13159,1
780,40,-115,1,0,0,13159,0
781,83,84,0,0,0,13159,0
782,124,-25,1,0,1,10059,1
783,127,89,1,0,1,21362,1
784,-25,49,1,0,1,20137,1
785,-5,-16,0,0,1,20137,0
786,-71,59,1,0,0,20137,0
787,58,81,1,0,0,20137,0
788,-78,15,1,0,1,18967,1
789,-123,-74,1,0,0,18967,0
790,18,-11,1,0,1,18769,1
791,-23,-9,1,0,1,18976,1
792,-120,-30,1,0,1,22576,1
793,-51,-81,1,0,0,22576,0
794,-75,68,1,0,0,22576,0
795,88,-108,0,0,0,22576,0
796,19,-84,0,0,0,22576,0
797,19,-111,0,0,0,22576,0
798,117,-66,1,0,0,22576,0
799,8,-15,1,0,0,22576,0
800,113,-87,1,0,0,22576,0
801,31,53,0,0,1,22576,0
802,-67,-70,0,0,0,22576,0
803,103,117,1,0,0,22576,0
804,-107,41,1,0,1,18189,1
805,122,55,0,0,1,18189,0
806,-73,-26,0,0,0,18189,0
807,-66,-35,0,0,1,18189,0
808,-19,-17,1,0,1,18512,1
809,-27,-60,1,0,1,20132,1
810,120,79,0,0,0,20132,0
811,16,126,0,0,0,20132,0
812,-30,-15,1,0,1,20582,1
813,34,44,1,1,0,0,0
814,111,-103,0,0,0,0,0
815,99,14,0,0,0,0,0
816,-117,-16,0,0,1,0,0
817,-34,-127,0,0,1,0,0
818,-1,73,1,0,0,0,0
819,-108,-93,0,0,1,0,0
820,-118,101,0,0,1,0,0
821,103,-30,1,0,1,-3090,1
822,-125,-68,1,0,1,5410,1
823,-45,-64,1,0,1,8290,1
824,108,79,0,0,0,8290,0
825,16,-92,0,0,0,8290,0
826,-59,97,1,0,0,8290,0
827,-4,-78,1,0,1,8602,1
828,56,71,0,0,1,8602,0
829,-43,-111,1,0,0,8602,0
830,-79,81,1,0,0,8602,0
831,103,125,1,0,0,8602,0
832,-107,-102,1,0,0,8602,0
833,-118,-38,1,0,0,8602,0
834,-32,125,0,0,1,8602,0
835,100,121,1,0,0,8602,0
836,-49,-28,0,0,0,8602,0
837,12,10,1,0,0,8602,0
838,-49,65,1,0,0,8602,0
839,-81,22,0,0,1,8602,0
840,101,20,1,0,0,8602,0
841,40,38,1,0,1,10122,1
842,118,123,0,0,0,10122,0
843,88,81,0,0,1,10122,0
844,34,-64,0,0,0,10122,0
845,-35,12,0,0,0,10122,0
846,-50,75,1,0,1,6372,1
847,125,69,0,0,0,6372,0
848,-27,-69,0,0,1,6372,0
849,93,56,0,0,1,6372,0
850,64,78,1,0,0,6372,0
851,-108,75,1,0,0,6372,0
852,-50,124,1,0,0,6372,0
853,-9,28,1,1,0,0,0
854,60,-77,1,0,1,-4620,1
855,60,62,0,0,1,-4620,0
856,76,-68,0,0,1,-4620,0
857,-90,87,1,0,1,-12450,1
858,-44,-26,1,0,0,-12450,0
859,59,-27,0,0,0,-12450,0
860,83,-19,0,0,1,-12450,0
861,-106,44,1,0,1,-17114,1
862,-48,-86,1,0,0,-17114,0
863,-51,51,1,0,0,-17114,0
864,28,8,0,0,0,-17114,0
865,104,-96,0,0,1,-17114,0
866,-6,117,0,0,1,-17114,0
867,89,17,1,0,0,-17114,0
868,-22,56,1,0,0,-17114,0
869,110,-83,1,0,0,-17114,0
870,-42,119,1,0,0,-17114,0
871,-5,-103,0,0,1,-17114,0
872,77,-33,1,0,0,-17114,0
873,-33,7,1,0,0,-17114,0
874,-75,-14,0,0,0,-17114,0
875,24,76,0,0,0,-17114,0
876,-101,22,0,0,1,-17114,0
877,-112,-9,0,0,0,-17114,0
878,109,-14,0,0,1,-17114,0
879,-88,42,1,0,1,-20810,1
880,47,107,0,0,0,-20810,0
881,116,126,0,0,0,-20810,0
882,50,-39,1,0,1,-22760,1
883,110,-1,0,0,1,-22760,0
884,-31,31,1,0,1,-23721,1
885,-112,1,1,0,1,-23833,1
886,107,-122,1,0,1,-36887,1
887,90,12,0,0,1,-36887,0
888,21,-1,1,0,0,-36887,0
889,101,98,1,0,0,-36887,0
890,44,57,0,0,1,-36887,0
891,-103,80,0,0,1,-36887,0
892,127,6,1,0,0,-36887,0
893,-58,16,0,0,1,-36887,0
894,110,65,0,0,0,-36887,0
895,-97,20,1,0,1,-38827,1
896,-68,-124,0,0,1,-38827,0
897,-52,26,1,0,0,-38827,0
898,-21,-10,1,0,0,-38827,0
899,-31,27,1,1,0,0,0
900,-91,-80,0,0,0,0,0
901,94,-19,0,0,0,0,0
902,78,115,1,0,0,0,0
903,-22,49,1,0,0,0,0
904,-109,-17,0,0,0,0,0
905,-92,-53,0,0,0,0,0
906,48,-100,1,0,0,0,0
907,28,63,0,0,0,0,0
908,9,114,1,0,0,0,0
909,124,-122,1,0,1,-15128,1
910,-43,-12,1,0,0,-15128,0
911,-98,-35,1,0,1,-11698,1
912,81,-108,1,0,1,-20446,1
913,50,78,0,0,1,-20446,0
914,104,-1,1,0,1,-20550,1
915,-47,-18,0,0,0,-20550,0
916,16,98,0,1,0,0,0
917,-15,-2,0,0,1,0,0
918,-66,-38,0,0,1,0,0
919,-28,61,1,0,0,0,0
920,-23,97,1,0,0,0,0
921,-109,69,1,0,0,0,0
922,81,97,0,1,0,0,0
923,-70,56,1,0,0,0,0
924,0,6,1,0,1,0,1
925,115,-116,0,0,0,0,0
926,-107,46,1,0,0,0,0
927,86,-88,1,0,1,-7568,1
928,-67,34,1,0,0,-7568,0
929,61,104,0,0,1,-7568,0
930,-30,-67,1,0,1,-5558,1
931,54,108,0,0,0,-5558,0
932,-111,46,0,0,0,-5558,0
933,-79,-70,0,0,0,-5558,0
934,3,-74,1,0,1,-5780,1
935,74,-123,0,0,0,-5780,0
936,-9,-54,0,0,0,-5780,0
937,40,-29,1,0,1,-6940,1
938,100,17,1,0,1,-5240,1
939,122,-44,0,0,1,-5240,0
940,-123,-69,0,0,0,-5240,0
941,7,-27,0,0,0,-5240,0
942,31,29,1,0,0,-5240,0
943,-88,-100,1,0,1,3560,1
944,106,79,1,0,0,3560,0
945,-123,45,0,0,0,3560,0
946,81,52,0,0,1,3560,0
947,-20,20,0,0,0,3560,0
948,98,96,0,0,1,3560,0
949,-79,-127,1,0,1,13593,1
950,-48,5,0,0,0,13593,0
951,104,20,0,0,0,13593,0
952,-2,85,0,0,1,13593,0
953,86,79,0,0,0,13593,0
954,-36,-40,0,0,0,13593,0
955,-23,45,0,0,0,13593,0
956,6,-72,1,0,1,13161,1
957,-12,28,1,0,0,13161,0
958,29,64,0,0,0,13161,0
959,46,-70,1,0,1,9941,1
960,55,-109,0,1,0,0,0
961,74,44,0,0,0,0,0
962,4,16,0,0,1,0,0
963,-11,37,1,0,1,-407,1
964,-61,-40,1,0,0,-407,0
965,53,42,1,0,0,-407,0
966,47,-80,1,0,1,-4167,1
967,-25,-28,1,0,0,-4167,0
968,-81,6,1,0,0,-4167,0
969,-125,8,1,0,1,-5167,1
970,35,12,1,0,0,-5167,0
971,-2,18,0,0,1,-5167,0
972,-21,80,0,0,1,-5167,0
973,34,-118,0,1,1,0,0
974,17,10,0,0,0,0,0
975,1,-81,1,1,0,0,0
976,-72,126,1,0,1,-9072,1
977,90,0,1,0,1,-9072,1
978,103,-80,1,0,0,-9072,0
979,-35,-126,0,0,0,-9072,0
980,-92,-47,1,0,1,-4748,1
981,-15,87,1,0,1,-6053,1
982,-33,4,0,0,0,-6053,0
983,-82,63,0,0,1,-6053,0
984,-28,69,0,0,0,-6053,0
985,-47,-47,0,0,1,-6053,0
986,19,-125,0,0,1,-6053,0
987,-84,0,1,0,1,-6053,1
988,31,-74,1,0,0,-6053,0
989,70,99,0,0,1,-6053,0
990,-33,93,1,0,0,-6053,0
991,-59,42,0,0,0,-6053,0
992,-73,-55,0,0,0,-6053,0
993,21,-21,1,0,1,-6494,1
994,-36,-121,1,0,1,-2138,1
995,-77,40,0,0,1,-2138,0
996,-14,59,1,0,1,-2964,1
997,100,-128,1,0,1,-15764,1
998,-73,-60,0,0,1,-15764,0
999,-100,95,0,0,1,-15764,0
1000,75,-114,0,0,1,-15764,0
1001,24,105,0,0,0,-15764,0
1002,-98,21,1,0,1,-17822,1
1003,-40,-70,0,0,0,-17822,0
1004,104,65,1,0,0,-17822,0
1005,-99,-52,0,0,1,-17822,0
1006,-50,-121,1,0,0,-17822,0
1007,57,-20,1,0,1,-18962,1
1008,3,-110,0,0,1,-18962,0
1009,-58,-65,0,0,0,-18962,0
1010,-90,-6,0,0,0,-18962,0
1011,-45,1,1,0,1,-19007,1
1012,-105,126,1,0,0,-19007,0
1013,-29,47,1,0,0,-19007,0
1014,127,75,0,0,0,-19007,0
1015,51,-3,0,0,1,-19007,0
1016,-88,-99,1,0,0,-19007,0
1017,-53,-54,1,0,0,-19007,0
1018,126,56,0,0,1,-19007,0
1019,17,16,0,0,1,-19007,0
1020,-126,83,0,0,0,-19007,0
1021,-42,-53,1,0,1,-16781,1
1022,-55,100,1,0,0,-16781,0
1023,40,110,0,0,0,-16781,0
1024,-58,-103,1,0,0,-16781,0
1025,88,25,0,0,1,-16781,0
1026,110,7,0,0,0,-16781,0
1027,-86,55,1,0,0,-16781,0
1028,-60,-11,1,0,1,-16121,1
1029,-127,-45,0,0,1,-16121,0
1030,-10,-22,1,0,1,-15901,1
1031,107,-126,0,0,1,-15901,0
1032,65,107,0,0,0,-15901,0
1033,54,-127,0,0,0,-15901,0
1034,-102,-49,0,0,1,-15901,0
1035,-41,-31,1,0,0,-15901,0
1036,41,65,1,0,0,-15901,0
1037,-84,26,1,0,0,-15901,0
1038,41,-117,1,0,1,-20698,1
1039,-121,79,0,0,1,-20698,0
1040,-102,33,1,0,0,-20698,0
1041,-42,-17,1,1,1,0,0
1042,21,-24,0,0,1,0,0
1043,-5,-17,0,0,1,0,0
1044,-21,15,1,0,0,0,0
1045,1,5,0,0,1,0,0
1046,76,12,1,0,0,0,0
1047,75,80,0,0,1,0,0
1048,79,-71,0,0,1,0,0
1049,111,-89,0,0,1,0,0
1050,-30,-110,1,0,1,3300,1
1051,42,-102,1,0,0,3300,0
1052,-123,35,1,0,1,-1005,1
1053,2,-73,1,0,1,-1151,1
1054,36,-33,0,0,0,-1151,0
1055,55,-69,1,0,1,-4946,1
1056,74,-106,1,0,1,-12790,1
1057,21,20,1,0,0,-12790,0
1058,-43,2,0,0,1,-12790,0
1059,-67,15,0,0,1,-12790,0
1060,47,28,1,0,1,-11474,1
1061,-53,30,1,0,0,-11474,0
1062,34,-34,0,0,1,-11474,0
1063,-58,78,0,0,0,-11474,0
1064,-109,51,1,0,0,-11474,0
1065,-17,59,1,0,0,-11474,0
1066,-15,47,1,0,1,-12179,1
1067,-101,-91,1,0,1,-2988,1
1068,-27,20,1,0,1,-3528,1
1069,44,86,0,0,1,-3528,0
1070,-112,66,1,0,1,-10920,1
1071,-124,16,1,0,1,-12904,1
1072,82,29,0,0,0,-12904,0
1073,11,-56,0,0,1,-12904,0
1074,91,39,1,0,0,-12904,0
1075,95,30,0,0,1,-12904,0
1076,50,-27,0,0,1,-12904,0
1077,81,100,1,0,0,-12904,0
1078,100,-55,1,0,1,-18404,1
1079,-53,81,1,0,0,-18404,0
1080,70,91,0,0,1,-18404,0
1081,82,-20,1,0,1,-20044,1
1082,51,40,0,0,1,-20044,0
1083,127,-1,0,0,1,-20044,0
1084,-48,-85,1,0,1,-15964,1
1085,82,121,0,0,0,-15964,0
1086,-68,-47,0,0,1,-15964,0
1087,106,35,0,0,1,-15964,0
1088,-60,35,1,0,0,-15964,0
1089,108,15,1,0,1,-14344,1
1090,70,-47,1,0,1,-17634,1
1091,-120,15,0,0,0,-17634,0
1092,-101,91,0,0,0,-17634,0
1093,-33,-37,0,0,0,-17634,0
1094,58,-116,1,0,1,-24362,1
1095,73,80,1,0,1,-18522,1
1096,51,-83,0,0,0,-18522,0
1097,-91,120,0,0,0,-18522,0
1098,-39,-96,0,0,1,-18522,0
1099,78,24,0,0,1,-18522,0
1100,14,47,0,0,0,-18522,0
1101,49,29,0,0,0,-18522,0
1102,-96,2,0,0,0,-18522,0
1103,70,56,1,0,0,-18522,0
1104,2,-54,1,0,0,-18522,0
1105,25,-29,0,0,0,-18522,0
1106,-45,-42,1,0,1,-16632,1
1107,2,-29,1,0,0,-16632,0
1108,-37,50,0,0,0,-16632,0
1109,-78,-8,1,0,0,-16632,0
1110,-91,20,0,0,1,-16632,0
1111,124,-77,1,0,0,-16632,0
1112,-49,-128,1,0,0,-16632,0
1113,2,86,0,0,1,-16632,0
1114,-6,-105,0,0,1,-16632,0
1115,113,-54,0,0,0,-16632,0
1116,-117,65,1,0,1,-24237,1
1117,-6,-80,0,0,1,-24237,0
1118,19,-99,0,0,1,-24237,0
1119,-29,-65,0,0,0,-24237,0
1120,90,59,1,0,1,-18927,1
1121,82,-113,0,0,0,-18927,0
1122,43,-95,0,0,1,-18927,0
1123,61,-111,0,0,0,-18927,0
1124,33,-67,0,0,0,-18927,0
1125,28,73,1,0,1,-16883,1
1126,48,-59,1,0,1,-19715,1
1127,-52,14,0,0,0,-19715,0
1128,-83,53,1,0,1,-24114,1
1129,-123,-54,0,0,0,-24114,0
1130,-16,-77,0,0,1,-24114,0
1131,76,124,1,0,0,-24114,0
1132,54,-69,1,0,1,-27840,1
1133,13,5,0,0,0,-27840,0
1134,-42,53,1,0,0,-27840,0
1135,-105,-94,0,0,0,-27840,0
1136,121,-120,1,0,1,-42360,1
1137,47,7,0,0,0,-42360,0
1138,-4,84,0,0,0,-42360,0
1139,115,82,0,0,0,-42360,0
1140,102,-124,0,0,0,-42360,0
1141,-114,-79,1,0,0,-42360,0
1142,-24,102,1,0,1,-44808,1
1143,35,44,1,0,0,-44808,0
1144,85,-91,0,0,1,-44808,0
1145,82,40,1,0,1,-41528,1
1146,-12,13,0,0,1,-41528,0
1147,-92,84,0,0,1,-41528,0
1148,76,71,1,0,0,-41528,0
1149,32,-22,0,0,0,-41528,0
1150,96,-75,0,0,1,-41528,0
1151,39,-51,1,0,1,-43517,1
1152,1,-53,0,0,1,-43517,0
1153,-23,84,1,0,1,-45449,1
1154,72,-63,1,0,1,-49985,1
1155,66,96,1,0,0,-49985,0
1156,-21,90,0,0,0,-49985,0
1157,-59,109,0,0,1,-49985,0
1158,37,30,0,0,1,-49985,0
1159,-26,-73,1,0,0,-49985,0
1160,-14,118,0,0,1,-49985,0
1161,63,-101,0,0,0,-49985,0
1162,65,11,0,0,0,-49985,0
1163,73,-61,0,0,1,-49985,0
1164,-20,0,0,0,0,-49985,0
1165,13,100,1,0,1,-48685,1
1166,-21,88,0,0,1,-48685,0
1167,-2,-57,1,0,0,-48685,0
1168,102,-33,1,0,1,-52051,1
1169,-104,38,0,0,0,-52051,0
1170,108,16,1,0,0,-52051,0
1171,-31,-96,0,0,0,-52051,0
1172,86,-128,1,0,1,-63059,1
1173,68,-35,0,0,0,-63059,0
1174,-41,21,1,0,0,-63059,0
1175,57,-15,0,0,0,-63059,0
1176,55,95,1,0,0,-63059,0
1177,104,-101,1,0,0,-63059,0
1178,-16,-53,1,0,1,-62211,1
1179,40,-125,1,0,1,-67211,1
1180,21,25,0,0,0,-67211,0
1181,99,82,1,0,1,-59093,1
1182,114,69,1,0,1,-51227,1
1183,31,126,1,0,1,-47321,1
1184,1,-20,1,0,1,-47341,1
1185,21,49,0,0,1,-47341,0
1186,84,-99,0,0,0,-47341,0
1187,43,44,0,0,0,-47341,0
1188,49,-95,0,0,1,-47341,0
1189,-37,-17,1,0,0,-47341,0
1190,14,-71,0,0,0,-47341,0
1191,-81,-127,0,0,1,-47341,0
1192,20,-45,0,0,0,-47341,0
1193,-75,-19,0,0,1,-47341,0
1194,-77,-126,1,0,0,-47341,0
1195,75,-63,0,0,0,-47341,0
1196,67,51,0,0,1,-47341,0
1197,101,54,1,0,0,-47341,0
1198,-54,-68,0,0,1,-47341,0
1199,-37,-57,1,0,1,-45232,1
1200,-115,-11,1,0,1,-43967,1
1201,-107,9,0,0,1,-43967,0
1202,-127,55,1,1,1,0,0
1203,-42,41,1,0,0,0,0
1204,0,89,0,0,1,0,0
1205,-118,66,1,0,0,0,0
1206,-68,70,0,0,0,0,0
1207,-12,-22,1,0,1,264,1
1208,109,-42,1,0,0,264,0
1209,9,-9,0,0,0,264,0
1210,-88,-53,1,0,0,264,0
1211,16,114,1,0,0,264,0
1212,-17,46,0,0,0,264,0
1213,28,-4,0,0,1,264,0
1214,-125,-96,1,0,1,12264,1
1215,97,-74,1,0,1,5086,1
1216,-39,84,0,0,1,5086,0
1217,-22,37,0,0,0,5086,0
1218,-51,-109,0,0,1,5086,0
1219,-8,-59,1,0,1,5558,1
1220,105,45,1,0,0,5558,0
1221,-13,-77,0,0,0,5558,0
1222,31,40,1,0,0,5558,0
1223,-77,80,0,0,0,5558,0
1224,97,-128,1,0,1,-6858,1
1225,113,68,0,0,1,-6858,0
1226,-53,92,1,0,1,-11734,1
1227,-68,-31,0,0,1,-11734,0
1228,108,-79,0,0,0,-11734,0
1229,21,34,1,0,0,-11734,0
1230,73,-122,0,0,0,-11734,0
1231,66,105,0,0,1,-11734,0
1232,-122,14,1,0,1,-13442,1
1233,89,-39,0,0,0,-13442,0
1234,-33,-49,1,0,1,-11825,1
1235,39,-37,1,0,1,-13268,1
1236,32,-33,0,0,0,-13268,0
1237,-88,25,0,0,1,-13268,0
1238,-31,-108,1,0,1,-9920,1
1239,90,74,0,0,0,-9920,0
1240,91,94,0,0,1,-9920,0
1241,117,51,0,1,1,0,0
1242,17,121,0,0,0,0,0
1243,19,-92,1,0,1,-1748,1
1244,77,-98,1,0,0,-1748,0
1245,48,-96,0,0,0,-1748,0
1246,-70,109,1,0,0,-1748,0
1247,-108,-11,1,0,1,-560,1
1248,68,53,1,0,1,3044,1
1249,-94,101,0,0,1,3044,0
1250,-16,-22,1,0,0,3044,0
1251,-56,124,0,0,0,3044,0
1252,82,-37,0,0,1,3044,0
1253,117,112,1,1,0,0,0
1254,-81,66,0,0,0,0,0
1255,-50,85,1,0,0,0,0
1256,-106,-16,0,0,1,0,0
1257,85,61,0,0,0,0,0
1258,2,-78,1,0,0,0,0
1259,97,45,0,0,1,0,0
1260,92,32,0,0,1,0,0
1261,50,117,0,0,1,0,0
1262,22,34,1,0,1,748,1
1263,-60,-120,1,0,1,7948,1
1264,105,-63,0,0,1,7948,0
1265,-26,112,0,0,0,7948,0
1266,-57,120,1,0,0,7948,0
1267,32,7,1,0,1,8172,1
1268,113,-76,0,0,0,8172,0
1269,17,-30,0,0,1,8172,0
1270,115,-46,0,0,1,8172,0
1271,50,-44,0,0,0,8172,0
1272,71,-83,1,0,0,8172,0
1273,-25,117,0,0,1,8172,0
1274,25,30,0,1,0,0,0
1275,-28,-40,0,0,0,0,0
1276,64,12,0,0,0,0,0
1277,37,-38,1,0,1,-1406,1
1278,-92,-55,1,0,0,-1406,0
1279,-24,-11,0,0,1,-1406,0
1280,91,-42,1,0,1,-5228,1
1281,9,-112,1,0,0,-5228,0
1282,25,-70,1,0,1,-6978,1
1283,33,38,0,1,1,0,0
1284,-111,102,0,0,0,0,0
1285,-112,-128,0,0,1,0,0
1286,67,-101,1,0,0,0,0
1287,33,-22,0,0,0,0,0
1288,-22,-51,1,0,1,1122,1
1289,45,-119,1,1,1,0,0
1290,-63,23,1,0,0,0,0
1291,72,-26,1,0,0,0,0
1292,-75,24,0,0,1,0,0
1293,44,74,0,0,0,0,0
1294,106,83,1,0,0,0,0
1295,103,-111,0,0,0,0,0
1296,-23,-60,1,0,0,0,0
1297,76,6,0,0,0,0,0
1298,43,3,0,0,1,0,0
1299,5,-122,0,0,0,0,0
1300,8,-94,0,0,0,0,0
1301,9,127,0,0,1,0,0
1302,-61,-127,1,0,1,7747,1
1303,-23,100,0,0,0,7747,0
1304,58,-90,0,0,0,7747,0
1305,-56,102,0,0,0,7747,0
1306,-62,-50,1,0,1,10847,1
1307,85,-53,0,0,0,10847,0
1308,96,-97,1,0,0,10847,0
1309,-90,59,1,0,1,5537,1
1310,-116,-72,1,0,1,13889,1
1311,-89,-73,1,0,1,20386,1
1312,-25,98,0,0,0,20386,0
1313,-77,-43,0,0,0,20386,0
1314,-64,33,0,0,1,20386,0
1315,48,-114,1,0,1,14914,1
1316,8,84,0,0,0,14914,0
1317,-55,52,0,0,1,14914,0
1318,-125,-3,1,0,0,14914,0
1319,12,73,0,0,1,14914,0
1320,126,60,0,0,0,14914,0
1321,-35,-11,0,0,1,14914,0
1322,-89,-42,0,0,1,14914,0
1323,124,-18,0,0,1,14914,0
1324,-40,13,0,0,1,14914,0
1325,-3,-32,0,0,1,14914,0
1326,10,-67,1,0,1,14244,1
1327,38,-109,0,1,0,0,0
1328,66,126,1,0,0,0,0
1329,65,-5,0,0,0,0,0
1330,-114,-87,1,0,0,0,0
1331,3,17,0,0,1,0,0
1332,-122,70,1,0,0,0,0
1333,66,111,0,0,0,0,0
1334,-89,-44,0,0,0,0,0
1335,62,94,1,0,0,0,0
1336,-93,59,0,0,1,0,0
1337,91,112,0,0,1,0,0
1338,-39,-81,0,0,0,0,0
1339,20,113,0,0,1,0,0
1340,-37,-28,1,0,0,0,0
1341,-24,-21,0,0,1,0,0
1342,-63,10,0,0,1,0,0
1343,16,62,0,0,1,0,0
1344,49,-104,1,0,1,-5096,1
1345,-77,27,0,0,0,-5096,0
1346,-52,-40,1,0,1,-3016,1
1347,-96,-88,0,0,0,-3016,0
1348,-23,-65,0,0,0,-3016,0
1349,46,-60,0,0,1,-3016,0
1350,-76,65,1,0,0,-3016,0
1351,0,-73,0,0,1,-3016,0
1352,-100,87,1,0,0,-3016,0
1353,-100,-72,1,0,1,4184,1
1354,43,-107,1,0,0,4184,0
1355,11,32,1,0,0,4184,0
1356,120,9,1,0,1,5264,1
1357,70,-103,0,1,0,0,0
1358,-88,-37,1,0,0,0,0
1359,118,-42,0,0,0,0,0
1360,-75,84,0,0,0,0,0
1361,30,36,0,0,1,0,0
1362,-35,-110,1,0,1,3850,1
1363,-92,3,1,0,0,3850,0
1364,-18,44,1,0,1,3058,1
1365,80,59,0,0,0,3058,0
1366,27,1,0,0,1,3058,0
1367,21,109,0,0,0,3058,0
1368,23,43,1,0,1,4047,1
1369,116,25,0,0,0,4047,0
1370,-36,-28,1,0,0,4047,0
1371,-92,-26,0,0,0,4047,0
1372,87,-51,0,0,0,4047,0
1373,-12,69,0,0,1,4047,0
1374,35,94,1,0,1,7337,1
1375,-85,-59,0,0,0,7337,0
1376,-47,-30,1,0,0,7337,0
1377,95,55,1,0,1,12562,1
1378,-52,5,0,0,0,12562,0
1379,-54,-59,1,0,1,15748,1
1380,-83,-4,0,0,1,15748,0
1381,75,71,0,0,1,15748,0
1382,-103,-109,0,0,0,15748,0
1383,74,75,1,0,0,15748,0
1384,-36,2,0,0,1,15748,0
1385,-71,-110,0,1,1,0,0
1386,-91,89,0,0,0,0,0
1387,74,-32,1,0,1,-2368,1
1388,4,58,1,0,0,-2368,0
1389,-62,51,1,0,1,-5530,1
1390,-12,93,1,0,0,-5530,0
1391,117,-107,0,0,0,-5530,0
1392,-106,25,1,0,1,-8180,1
1393,78,88,0,0,0,-8180,0
1394,-15,-117,0,0,0,-8180,0
1395,-128,92,1,0,0,-8180,0
1396,-33,-85,1,0,0,-8180,0
1397,18,81,0,0,1,-8180,0
1398,-42,90,0,0,1,-8180,0
1399,-58,-118,0,0,1,-8180,0
1400,38,44,1,0,1,-6508,1
1401,56,29,1,1,1,0,0
1402,-45,-36,1,0,1,1620,1
1403,-88,-97,1,0,1,10156,1
1404,5,97,0,0,1,10156,0
1405,-123,3,0,0,1,10156,0
1406,29,108,0,0,1,10156,0
1407,-125,-36,0,1,1,0,0
1408,-23,104,0,0,0,0,0
1409,43,103,1,0,1,4429,1
1410,27,12,1,0,0,4429,0
1411,116,-68,1,0,1,-3459,1
1412,-114,-31,1,0,0,-3459,0
1413,29,54,1,0,0,-3459,0
1414,-90,117,1,0,1,-13989,1
1415,13,-67,1,0,0,-13989,0
1416,114,-80,0,0,1,-13989,0
1417,59,22,0,0,0,-13989,0
1418,-45,68,1,0,1,-17049,1
1419,-58,-91,0,0,1,-17049,0
1420,127,-18,1,0,0,-17049,0
1421,20,85,1,0,1,-15349,1
1422,105,75,0,0,0,-15349,0
1423,75,-86,0,0,0,-15349,0
1424,-87,-101,0,0,0,-15349,0
1425,102,85,1,0,1,-6679,1
1426,-71,90,1,0,0,-6679,0
1427,-75,48,1,0,1,-10279,1
1428,-17,9,1,0,0,-10279,0
1429,-95,85,1,0,0,-10279,0
1430,-91,98,1,0,1,-19197,1
1431,50,52,1,0,1,-16597,1
1432,-12,-91,0,0,1,-16597,0
1433,-119,42,1,0,0,-16597,0
1434,110,-19,1,0,0,-16597,0
1435,-46,-33,0,0,0,-16597,0
1436,50,-6,0,0,0,-16597,0
1437,123,1,0,0,0,-16597,0
1438,-67,58,0,0,0,-16597,0
1439,-21,-66,0,0,1,-16597,0
1440,9,81,0,0,1,-16597,0
1441,9,-119,0,0,0,-16597,0
1442,12,-69,0,0,1,-16597,0
1443,108,115,0,0,1,-16597,0
1444,-80,61,0,1,0,0,0
1445,28,-76,0,0,0,0,0
1446,-80,-22,1,0,1,1760,1
1447,11,-21,0,0,1,1760,0
1448,32,-121,1,0,1,-2112,1
1449,-49,68,1,0,1,-5444,1
1450,-116,33,1,0,1,-9272,1
1451,-95,32,0,0,1,-9272,0
1452,-33,-45,1,0,1,-7787,1
1453,46,0,1,0,0,-7787,0
1454,-25,53,0,0,0,-7787,0
1455,26,97,0,0,1,-7787,0
1456,-14,98,1,0,0,-7787,0
1457,119,-92,0,1,0,0,0
1458,-83,60,1,0,0,0,0
1459,-20,111,0,0,1,0,0
1460,-101,48,0,0,1,0,0
1461,115,84,0,0,1,0,0
1462,-25,8,1,0,1,-200,1
1463,-32,49,1,0,1,-1768,1
1464,-23,123,0,0,0,-1768,0
1465,37,-2,0,0,1,-1768,0
1466,109,-70,1,0,1,-9398,1
1467,-12,98,1,0,1,-10574,1
1468,-69,38,1,0,1,-13196,1
1469,-108,105,0,0,1,-13196,0
1470,-6,-4,1,0,0,-13196,0
1471,114,-84,0,0,0,-13196,0
1472,28,3,1,0,1,-13112,1
1473,122,15,0,0,0,-13112,0
1474,-87,-93,1,0,1,-5021,1
1475,-16,106,1,0,1,-6717,1
1476,-75,85,1,0,1,-13092,1
1477,112,58,0,0,1,-13092,0
1478,-32,-35,1,0,1,-11972,1
1479,-68,32,1,0,0,-11972,0
1480,-21,124,0,0,0,-11972,0
1481,-114,-43,0,0,0,-11972,0
1482,-48,-26,1,0,0,-11972,0
1483,48,-123,0,0,0,-11972,0
1484,72,-108,1,0,1,-19748,1
1485,-125,-54,0,0,0,-19748,0
1486,76,6,1,0,1,-19292,1
1487,-56,73,1,0,0,-19292,0
1488,-36,-63,0,0,0,-19292,0
1489,-11,14,1,0,0,-19292,0
1490,82,69,0,0,1,-19292,0
1491,-2,98,0,0,1,-19292,0
1492,44,-66,0,0,1,-19292,0
1493,-82,97,0,0,0,-19292,0
1494,-29,-79,1,0,1,-17001,1
1495,48,124,0,0,0,-17001,0
1496,-112,-68,1,0,0,-17001,0
1497,40,95,0,0,0,-17001,0
1498,10,-80,1,0,1,-17801,1
1499,-74,-118,0,0,0,-17801,0
1500,10,82,1,0,1,-16981,1
1501,10,-118,0,0,0,-16981,0
1502,-66,5,1,0,1,-17311,1
1503,-78,10,0,0,0,-17311,0
1504,96,-60,0,0,1,-17311,0
1505,9,-49,1,0,1,-17752,1
1506,-62,121,1,0,0,-17752,0
1507,12,-98,1,0,1,-18928,1
1508,-87,66,0,0,0,-18928,0
1509,85,-90,0,0,0,-18928,0
1510,49,92,0,0,1,-18928,0
1511,108,126,0,0,1,-18928,0
1512,21,-23,0,0,0,-18928,0
1513,11,-5,0,0,1,-18928,0
1514,49,46,1,0,0,-18928,0
1515,-113,-6,0,0,0,-18928,0
1516,-42,-33,0,0,1,-18928,0
1517,34,-24,0,0,1,-18928,0
1518,115,-51,0,0,0,-18928,0
1519,-57,-18,1,0,0,-18928,0
1520,50,-15,0,0,0,-18928,0
1521,70,17,1,0,0,-18928,0
1522,-104,-54,1,0,0,-18928,0
1523,93,119,0,0,0,-18928,0
1524,16,58,1,0,0,-18928,0
1525,-127,98,1,0,0,-18928,0
1526,-126,-25,0,1,0,0,0
1527,69,71,0,0,0,0,0
1528,48,-34,0,0,1,0,0
1529,-89,80,0,0,0,0,0
1530,53,-38,0,0,0,0,0
1531,23,41,1,0,1,943,1
1532,125,65,1,0,1,9068,1
1533,4,47,0,0,0,9068,0
1534,-128,32,0,0,0,9068,0
1535,108,95,0,0,1,9068,0
1536,-6,109,1,0,0,9068,0
1537,106,10,0,0,1,9068,0
1538,-107,-15,1,0,1,10673,1
1539,-94,125,1,0,0,10673,0
1540,-57,92,0,0,0,10673,0
1541,83,98,0,0,0,10673,0
1542,24,-43,1,0,0,10673,0
1543,-67,17,1,0,0,10673,0
1544,49,117,1,1,1,0,0
1545,64,42,1,0,1,2688,1
1546,40,-32,1,0,1,1408,1
1547,-52,-118,0,0,0,1408,0
1548,-97,-9,0,0,0,1408,0
1549,1,121,0,0,0,1408,0
1550,14,-91,0,0,0,1408,0
1551,-31,-41,1,0,0,1408,0
1552,-104,-65,0,0,0,1408,0
1553,57,-3,0,0,1,1408,0
1554,100,-3,1,0,1,1108,1
1555,12,7,1,0,1,1192,1
1556,20,-43,1,0,0,1192,0
1557,-79,-77,0,0,1,1192,0
1558,-98,-82,0,0,1,1192,0
1559,-10,97,1,0,0,1192,0
1560,-63,75,1,0,1,-3533,1
1561,115,-96,0,0,1,-3533,0
1562,-1,41,1,0,0,-3533,0
1563,13,-102,0,0,1,-3533,0
1564,109,59,1,0,1,2898,1
1565,-82,-97,1,0,0,2898,0
1566,-20,39,0,0,0,2898,0
1567,84,-79,1,0,1,-3738,1
1568,110,125,1,0,1,10012,1
1569,96,-95,1,0,1,892,1
1570,47,84,0,0,0,892,0
1571,-91,29,0,0,0,892,0
1572,95,-113,0,0,0,892,0
1573,-59,-50,1,0,0,892,0
1574,-83,11,1,0,0,892,0
1575,56,34,0,0,0,892,0
1576,31,-36,0,1,1,0,0
1577,17,91,1,0,1,1547,1
1578,-52,-119,0,0,1,1547,0
1579,-105,20,0,0,1,1547,0
1580,17,20,1,0,1,1887,1
1581,35,-36,0,0,0,1887,0
1582,116,36,1,0,0,1887,0
1583,120,16,0,0,1,1887,0
1584,-86,60,1,0,1,-3273,1
1585,-85,109,0,0,0,-3273,0
1586,-79,102,1,0,0,-3273,0
1587,21,-99,1,0,0,-3273,0
1588,-64,49,0,0,1,-3273,0
1589,-14,-105,0,0,0,-3273,0
1590,-108,3,1,0,1,-3597,1
1591,70,54,0,0,0,-3597,0
1592,-41,107,1,0,1,-7984,1
1593,-56,79,1,0,1,-12408,1
1594,37,-62,0,0,0,-12408,0
1595,-5,65,0,0,1,-12408,0
1596,123,-86,0,0,0,-12408,0
1597,-78,51,0,0,1,-12408,0
1598,30,87,0,0,1,-12408,0
1599,93,11,0,0,0,-12408,0
1600,29,-67,0,0,1,-12408,0
1601,-38,-121,1,0,0,-12408,0
1602,55,54,1,0,1,-9438,1
1603,98,118,1,0,1,2126,1
1604,-4,63,0,0,0,2126,0
1605,-50,-51,0,0,1,2126,0
1606,16,-73,0,0,1,2126,0
1607,85,-101,0,0,1,2126,0
1608,8,-77,1,0,1,1510,1
1609,-81,-28,1,0,1,3778,1
1610,90,111,0,0,1,3778,0
1611,107,-98,0,0,0,3778,0
1612,40,81,0,1,0,0,0
1613,-57,-89,1,0,1,5073,1
1614,31,-22,0,0,0,5073,0
1615,16,-24,0,0,1,5073,0
1616,-56,-74,1,0,1,9217,1
1617,-97,119,0,0,1,9217,0
1618,9,-108,0,0,1,9217,0
1619,95,-31,1,0,1,6272,1
1620,-112,31,1,1,1,0,0
1621,39,73,0,0,1,0,0
1622,-94,66,0,0,0,0,0
1623,-60,-101,1,0,1,6060,1
1624,-36,-111,0,0,1,6060,0
1625,-108,-49,1,0,1,11352,1
1626,-38,-6,0,0,1,11352,0
1627,-84,58,1,0,0,11352,0
1628,-99,121,1,0,1,-627,1
1629,87,-28,1,0,1,-3063,1
1630,70,-28,0,0,0,-3063,0
1631,-69,-41,1,0,1,-234,1
1632,-4,-75,0,0,0,-234,0
1633,-50,-23,0,0,1,-234,0
1634,-49,43,1,0,0,-234,0
1635,4,39,1,0,1,-78,1
1636,-33,79,1,0,1,-2685,1
1637,114,-57,0,0,0,-2685,0
1638,-79,122,0,0,1,-2685,0
1639,-47,69,1,0,0,-2685,0
1640,16,-8,1,0,0,-2685,0
1641,-63,-117,0,0,0,-2685,0
1642,66,-110,1,0,0,-2685,0
1643,100,-118,1,0,0,-2685,0
1644,-83,-32,1,0,1,-29,1
1645,126,37,0,0,0,-29,0
1646,-91,14,1,0,0,-29,0
1647,52,-60,0,0,1,-29,0
1648,60,46,0,0,1,-29,0
1649,-35,24,1,0,0,-29,0
1650,67,49,0,0,0,-29,0
1651,115,99,0,0,1,-29,0
1652,87,41,1,0,0,-29,0
1653,-128,-72,1,1,1,0,0
1654,91,-74,0,0,1,0,0
1655,58,-62,1,0,1,-3596,1
1656,113,-55,1,0,1,-9811,1
1657,115,-115,0,0,1,-9811,0
1658,-97,107,0,0,0,-9811,0
1659,91,88,1,0,1,-1803,1
1660,-87,20,1,0,0,-1803,0
1661,-95,-63,0,0,0,-1803,0
1662,-8,-113,0,0,1,-1803,0
1663,77,56,1,0,1,2509,1
1664,-114,86,0,0,1,2509,0
1665,-41,-89,1,0,0,2509,0
1666,106,-48,0,0,0,2509,0
1667,-57,-92,0,0,0,2509,0
1668,95,90,0,0,0,2509,0
1669,-111,9,1,0,0,2509,0
1670,-75,83,0,0,1,2509,0
1671,101,-43,0,0,0,2509,0
1672,-113,-40,1,0,1,7029,1
1673,84,39,1,0,1,10305,1
1674,-78,-34,0,0,1,10305,0
1675,-104,115,1,0,0,10305,0
1676,-63,8,0,0,1,10305,0
1677,31,93,1,0,0,10305,0
1678,61,-97,0,0,0,10305,0
1679,125,-101,1,0,1,-2320,1
1680,90,40,1,0,1,1280,1
1681,-38,-34,1,1,0,0,0
1682,-20,97,0,0,1,0,0
1683,79,-126,1,0,0,0,0
1684,81,-76,0,0,1,0,0
1685,-19,-109,1,0,0,0,0
1686,38,24,0,0,0,0,0
1687,-8,22,1,0,0,0,0
1688,35,81,1,0,1,2835,1
1689,120,85,1,0,0,2835,0
1690,6,53,1,0,1,3153,1
1691,-67,-103,1,0,0,3153,0
1692,17,-48,1,0,0,3153,0
1693,-73,40,1,0,0,3153,0
1694,-29,107,0,0,1,3153,0
1695,-66,61,0,0,1,3153,0
1696,-117,57,1,0,1,-3516,1
1697,-67,92,1,0,1,-9680,1
1698,-18,-105,1,0,0,-9680,0
1699,-82,104,1,0,0,-9680,0
1700,-13,6,1,0,0,-9680,0
1701,-24,-99,1,0,0,-9680,0
1702,103,-73,0,0,0,-9680,0
1703,-97,98,0,0,0,-9680,0
1704,53,-71,1,0,1,-13443,1
1705,-78,64,1,0,1,-18435,1
1706,84,-30,0,0,0,-18435,0
1707,-113,-119,0,0,1,-18435,0
1708,45,99,1,0,0,-18435,0
1709,-97,88,1,0,1,-26971,1
1710,95,8,1,0,1,-26211,1
1711,126,6,1,0,1,-25455,1
1712,44,-100,0,0,0,-25455,0
1713,-53,-28,1,0,1,-23971,1
1714,-107,-80,0,0,1,-23971,0
1715,21,-70,0,0,1,-23971,0
1716,-36,-117,0,0,0,-23971,0
1717,27,-69,1,0,0,-23971,0
1718,28,46,0,0,0,-23971,0
1719,-61,109,1,0,0,-23971,0
1720,-92,53,0,0,1,-23971,0
1721,11,-21,1,0,1,-24202,1
1722,-63,16,0,0,1,-24202,0
1723,-24,-80,1,0,1,-22282,1
1724,-122,-97,0,0,0,-22282,0
1725,121,-46,0,0,0,-22282,0
1726,-10,-126,0,0,0,-22282,0
1727,31,76,1,0,0,-22282,0
1728,-15,124,0,1,0,0,0
1729,37,27,0,0,0,0,0
1730,-15,-108,1,0,1,1620,1
1731,-14,-112,0,0,0,1620,0
1732,-111,66,1,0,1,-5706,1
1733,15,88,0,0,0,-5706,0
1734,-34,-112,0,0,0,-5706,0
1735,-42,24,0,0,0,-5706,0
1736,-44,18,0,0,1,-5706,0
1737,16,86,0,0,0,-5706,0
1738,-121,107,0,0,1,-5706,0
1739,92,107,1,0,0,-5706,0
1740,-13,41,0,0,0,-5706,0
1741,99,60,1,0,0,-5706,0
1742,-125,102,1,0,0,-5706,0
1743,33,74,0,0,1,-5706,0
1744,-79,-33,1,0,0,-5706,0
1745,119,20,0,0,0,-5706,0
1746,-78,-37,0,0,0,-5706,0
1747,87,75,1,0,0,-5706,0
1748,93,-73,0,0,0,-5706,0
1749,9,42,1,0,1,-5328,1
1750,-108,68,0,0,1,-5328,0
1751,119,123,1,0,1,9309,1
1752,39,92,0,0,0,9309,0
1753,-85,-101,0,0,1,9309,0
1754,43,-24,1,0,1,8277,1
1755,-54,113,0,0,0,8277,0
1756,-19,14,1,0,0,8277,0
1757,100,106,0,0,1,8277,0
1758,-90,105,1,0,1,-1173,1
1759,-91,112,0,1,0,0,0
1760,42,67,1,0,1,2814,1
1761,20,-127,1,0,0,2814,0
1762,-38,-122,1,0,0,2814,0
1763,45,23,0,0,0,2814,0
1764,-51,10,0,0,1,2814,0
1765,-62,61,1,0,0,2814,0
1766,124,-80,1,1,1,0,0
1767,-92,-92,0,0,1,0,0
1768,-112,55,1,0,0,0,0
1769,-63,35,0,0,1,0,0
1770,96,-96,0,0,0,0,0
1771,62,-97,1,0,1,-6014,1
1772,-47,-11,0,0,1,-6014,0
1773,-80,94,1,0,0,-6014,0
1774,105,-114,0,0,1,-6014,0
1775,108,43,1,0,0,-6014,0
1776,-65,-40,0,0,0,-6014,0
1777,-37,-90,0,0,1,-6014,0
1778,-37,40,0,0,0,-6014,0
1779,-22,27,1,0,0,-6014,0
1780,20,18,1,0,0,-6014,0
1781,-46,-13,1,0,1,-5416,1
1782,43,77,0,0,0,-5416,0
1783,28,24,1,0,1,-4744,1
1784,-41,-63,1,0,1,-2161,1
1785,-3,4,1,0,1,-2173,1
1786,24,-56,0,1,0,0,0
1787,123,-15,0,0,1,0,0
1788,-102,36,0,0,1,0,0
1789,17,74,0,0,1,0,0
1790,21,-112,0,0,1,0,0
1791,-33,11,1,0,0,0,0
1792,-35,68,0,0,1,0,0
1793,90,27,0,0,1,0,0
1794,58,-119,0,0,1,0,0
1795,-13,-99,0,1,0,0,0
1796,11,-117,1,0,0,0,0
1797,-76,-17,0,0,1,0,0
1798,-29,-111,1,0,0,0,0
1799,-80,-50,0,0,0,0,0
1800,21,119,1,0,0,0,0
1801,107,-114,0,0,1,0,0
1802,-68,120,0,0,1,0,0
1803,117,46,0,0,1,0,0
1804,-116,7,1,0,0,0,0
1805,89,-29,0,0,0,0,0
1806,-82,105,0,0,0,0,0
1807,101,-48,0,0,0,0,0
1808,-64,120,0,0,1,0,0
1809,37,82,0,0,1,0,0
1810,-64,-41,0,1,0,0,0
1811,-46,106,0,0,0,0,0
1812,-33,-120,1,0,0,0,0
1813,-127,66,0,0,1,0,0
1814,-83,22,1,0,1,-1826,1
1815,52,-118,1,0,1,-7962,1
1816,-111,83,1,0,1,-17175,1
1817,-80,111,0,0,0,-17175,0
1818,27,-66,1,0,1,-18957,1
1819,88,5,1,0,1,-18517,1
1820,62,60,0,0,1,-18517,0
1821,80,33,1,0,1,-15877,1
1822,114,90,0,0,1,-15877,0
1823,47,18,0,0,0,-15877,0
1824,-19,51,1,0,1,-16846,1
1825,56,64,0,0,1,-16846,0
1826,103,91,0,0,0,-16846,0
1827,-75,123,1,0,1,-26071,1
1828,-77,-30,1,0,0,-26071,0
1829,55,-120,0,0,1,-26071,0
1830,-105,-107,0,0,0,-26071,0
1831,-87,65,1,0,1,-31726,1
1832,83,-84,1,0,0,-31726,0
1833,-71,-3,1,0,1,-31513,1
1834,-102,-22,1,0,0,-31513,0
1835,-97,-55,1,0,1,-26178,1
1836,48,-69,1,0,1,-29490,1
1837,-68,14,0,0,1,-29490,0
1838,101,25,0,0,1,-29490,0
1839,121,43,1,0,0,-29490,0
1840,-74,52,0,0,0,-29490,0
1841,104,-43,1,0,1,-33962,1
1842,106,48,0,0,0,-33962,0
1843,-73,87,0,0,0,-33962,0
1844,-93,-29,0,0,0,-33962,0
1845,-55,3,1,0,0,-33962,0
1846,9,116,1,0,0,-33962,0
1847,23,68,1,0,1,-32398,1
1848,-82,-108,0,0,1,-32398,0
1849,61,-98,1,0,0,-32398,0
1850,-86,-33,0,0,1,-32398,0
1851,72,-100,0,0,0,-32398,0
1852,10,-37,0,0,1,-32398,0
1853,-64,-64,0,0,0,-32398,0
1854,-26,113,1,0,1,-35336,1
1855,-48,-48,1,0,0,-35336,0
1856,-34,81,0,0,0,-35336,0
1857,-87,-84,1,0,1,-28028,1
1858,-95,4,0,0,0,-28028,0
1859,106,-57,0,0,1,-28028,0
1860,-26,30,1,0,0,-28028,0
1861,111,-42,1,0,0,-28028,0
1862,84,43,0,0,0,-28028,0
1863,-27,-61,1,0,0,-28028,0
1864,-90,-31,1,0,0,-28028,0
1865,-126,-118,1,0,1,-13160,1
1866,-61,-126,0,0,1,-13160,0
1867,-58,-94,0,1,1,0,0
1868,-77,54,0,0,0,0,0
1869,-98,14,0,0,0,0,0
1870,24,120,0,0,0,0,0
1871,64,-4,0,0,1,0,0
1872,110,127,1,0,1,13970,1
1873,-26,100,1,0,1,11370,1
1874,-21,-128,1,0,0,11370,0
1875,6,55,0,0,1,11370,0
1876,2,-34,1,0,1,11302,1
1877,46,10,0,0,0,11302,0
1878,104,-117,1,0,0,11302,0
1879,-110,-37,0,0,1,11302,0
1880,27,-14,1,0,0,11302,0
1881,111,58,0,0,0,11302,0
1882,-88,-20,0,0,0,11302,0
1883,20,-35,0,0,0,11302,0
1884,-79,-83,0,0,1,11302,0
1885,-13,127,1,0,1,9651,1
1886,-43,-106,1,0,1,14209,1
1887,45,101,0,0,1,14209,0
1888,-126,-70,1,0,0,14209,0
1889,-10,110,0,0,1,14209,0
1890,37,-52,1,0,1,12285,1
1891,-94,-73,0,0,0,12285,0
1892,53,-63,0,0,0,12285,0
1893,-40,-53,1,0,0,12285,0
1894,-126,95,0,0,0,12285,0
1895,-33,-33,0,0,0,12285,0
1896,-106,-106,1,0,0,12285,0
1897,-37,55,0,0,1,12285,0
1898,117,8,0,0,0,12285,0
1899,103,91,0,0,1,12285,0
1900,60,85,0,0,1,12285,0
1901,-79,32,1,0,0,12285,0
1902,-95,-100,1,0,0,12285,0
1903,-118,-14,1,0,1,13937,1
1904,92,104,1,0,0,13937,0
1905,13,-46,1,0,0,13937,0
1906,-84,-19,1,0,1,15533,1
1907,-127,-67,1,0,1,24042,1
1908,-91,110,1,0,0,24042,0
1909,-35,-71,1,0,0,24042,0
1910,-32,64,0,0,1,24042,0
1911,2,-23,1,0,0,24042,0
1912,-33,24,1,0,0,24042,0
1913,-1,37,1,0,0,24042,0
1914,86,-30,1,0,0,24042,0
1915,-60,-9,0,0,1,24042,0
1916,53,125,0,0,1,24042,0
1917,3,-6,1,0,1,24024,1
1918,-48,-104,0,0,1,24024,0
1919,0,30,1,0,1,24024,1
1920,45,-94,1,0,0,24024,0
1921,-106,-11,1,0,0,24024,0
1922,-54,50,0,0,0,24024,0
1923,-101,-20,1,0,0,24024,0
1924,-30,-58,0,0,1,24024,0
1925,49,-114,0,0,1,24024,0
1926,-126,-62,1,0,1,31836,1
1927,6,26,0,0,1,31836,0
1928,-70,-9,0,0,1,31836,0
1929,-44,0,0,0,1,31836,0
1930,71,18,0,0,0,31836,0
1931,50,16,1,0,0,31836,0
1932,15,-5,0,0,0,31836,0
1933,-58,60,1,0,0,31836,0
1934,-23,-95,1,0,1,34021,1
1935,-117,-115,0,0,0,34021,0
1936,42,25,0,0,0,34021,0
1937,-72,41,1,0,0,34021,0
1938,-15,-68,1,0,0,34021,0
1939,27,-31,1,0,0,34021,0
1940,-65,-10,1,0,1,34671,1
1941,46,-70,1,0,1,31451,1
1942,-16,85,0,0,0,31451,0
1943,1,51,0,0,0,31451,0
1944,73,51,0,0,0,31451,0
1945,-103,-13,0,0,0,31451,0
1946,99,-44,0,0,1,31451,0
1947,-116,25,0,0,1,31451,0
1948,-60,-50,0,0,1,31451,0
1949,14,56,1,0,1,32235,1
1950,-85,89,1,0,1,24670,1
1951,-124,72,0,0,0,24670,0
1952,-32,-88,0,0,0,24670,0
1953,86,112,1,0,0,24670,0
1954,26,-44,1,0,0,24670,0
1955,51,-63,1,0,0,24670,0
1956,65,-106,1,0,1,17780,1
1957,-27,-78,0,0,1,17780,0
1958,118,62,0,0,1,17780,0
1959,-39,75,0,0,1,17780,0
1960,127,80,0,0,1,17780,0
1961,48,-32,0,1,0,0,0
1962,-10,60,0,0,1,0,0
1963,-4,-6,1,0,1,24,1
1964,37,-51,0,0,1,24,0
1965,43,-88,0,0,1,24,0
1966,73,-121,1,0,0,24,0
1967,-97,7,1,0,0,24,0
1968,-63,101,1,0,1,-6339,1
1969,79,120,0,0,0,-6339,0
1970,-87,-51,1,0,0,-6339,0
1971,49,-50,1,1,0,0,0
1972,88,10,1,0,1,880,1
1973,-96,12,1,0,1,-272,1
1974,-74,-15,1,0,0,-272,0
1975,-43,74,1,0,1,-3454,1
1976,-61,115,0,0,1,-3454,0
1977,-40,-118,1,0,0,-3454,0
1978,-58,-6,0,0,0,-3454,0
1979,49,114,1,0,1,2132,1
1980,88,-121,0,0,1,2132,0
1981,-116,-28,0,0,0,2132,0
1982,-126,-24,1,0,0,2132,0
1983,-103,84,1,0,1,-6520,1
1984,-112,121,0,0,0,-6520,0
1985,-28,77,1,0,0,-6520,0
1986,95,-80,1,0,0,-6520,0
1987,-11,-62,0,0,0,-6520,0
1988,-80,-52,0,0,1,-6520,0
1989,-20,31,1,0,1,-7140,1
1990,125,-28,1,0,1,-10640,1
1991,-78,109,1,0,1,-19142,1
1992,-68,-63,0,0,0,-19142,0
1993,53,-89,1,0,1,-23859,1
1994,-82,-40,0,0,1,-23859,0
1995,77,-112,1,0,1,-32483,1
1996,46,42,1,0,1,-30551,1
1997,97,-80,0,0,0,-30551,0
1998,28,-93,0,0,1,-30551,0
1999,-85,56,1,0,1,-35311,1
2000,63,126,0,0,1,-35311,0
2001,-35,-12,1,0,0,-35311,0
2002,-50,-75,0,0,1,-35311,0
2003,-29,-102,0,0,1,-35311,0
2004,92,39,1,0,0,-35311,0
2005,100,-40,0,0,0,-35311,0
2006,-96,-6,1,0,1,-34735,1
2007,-128,29,1,0,0,-34735,0
2008,89,-99,1,0,0,-34735,0
2009,-10,5,1,0,1,-34785,1
2010,120,73,1,0,0,-34785,0
2011,-37,-67,1,0,0,-34785,0
2012,117,65,1,0,0,-34785,0
2013,-102,96,1,0,0,-34785,0
2014,124,37,0,0,1,-34785,0
2015,116,73,0,0,1,-34785,0
2016,2,-59,0,0,1,-34785,0
2017,72,77,1,0,1,-29241,1
2018,9,-30,1,0,0,-29241,0
2019,121,30,1,0,1,-25611,1
2020,25,-85,1,0,0,-25611,0
2021,-17,32,1,0,0,-25611,0
2022,-95,-32,0,0,1,-25611,0
2023,-32,-51,0,0,0,-25611,0
2024,-34,12,1,0,1,-26019,1
2025,20,-12,0,0,1,-26019,0
2026,-92,-19,1,0,1,-24271,1
2027,118,-34,1,0,1,-28283,1
2028,-59,11,0,0,1,-28283,0
2029,-9,43,0,0,0,-28283,0
2030,-121,31,0,0,0,-28283,0
2031,62,31,1,0,1,-26361,1
2032,-109,105,0,0,0,-26361,0
2033,-84,-13,1,0,1,-25269,1
2034,-6,-23,1,0,1,-25131,1
2035,79,122,0,0,1,-25131,0
2036,125,118,1,1,1,0,0
2037,85,-56,0,0,1,0,0
2038,-107,-54,1,0,1,5778,1
2039,-12,-24,1,0,0,5778,0
2040,41,-63,1,0,0,5778,0
2041,91,-78,0,0,1,5778,0
2042,115,37,0,0,1,5778,0
2043,94,-111,1,0,1,-4656,1
2044,12,64,0,0,0,-4656,0
2045,34,5,1,0,1,-4486,1
2046,-92,-18,1,0,1,-2830,1
2047,92,-125,1,0,1,-14330,1
2048,-113,-117,1,0,0,-14330,0
2049,-8,57,0,0,0,-14330,0
2050,32,-2,0,0,1,-14330,0
2051,126,46,1,0,1,-8534,1
2052,-56,-66,1,0,0,-8534,0
2053,-66,-112,1,0,1,-1142,1
2054,97,-58,1,0,0,-1142,0
2055,37,11,1,0,1,-735,1
2056,-123,91,0,0,0,-735,0
2057,-104,90,0,0,0,-735,0
2058,21,-33,0,0,0,-735,0
2059,111,-103,0,0,1,-735,0
2060,-26,-44,1,0,1,409,1
2061,8,71,0,0,0,409,0
2062,-62,112,0,0,0,409,0
2063,-37,-82,1,0,1,3443,1
2064,102,60,1,0,1,9563,1
2065,-48,-14,1,0,0,9563,0
2066,-119,114,0,0,1,9563,0
2067,124,67,1,0,0,9563,0
2068,103,-15,1,0,1,8018,1
2069,-82,78,1,0,1,1622,1
2070,-119,82,1,0,1,-8136,1
2071,34,-82,1,0,1,-10924,1
2072,-40,78,1,0,1,-14044,1
2073,-1,-90,0,0,0,-14044,0
2074,-85,56,1,0,1,-18804,1
2075,-87,-65,0,0,1,-18804,0
2076,114,88,0,0,1,-18804,0
2077,32,60,0,0,0,-18804,0
2078,39,121,1,0,0,-18804,0
2079,-23,110,1,0,0,-18804,0
2080,5,75,1,0,1,-18429,1
2081,107,-97,1,0,1,-28808,1
2082,-12,70,1,0,1,-29648,1
2083,50,27,1,0,1,-28298,1
2084,-86,-75,0,0,0,-28298,0
2085,80,-105,1,0,0,-28298,0
2086,61,-2,0,0,0,-28298,0
2087,29,-58,0,0,0,-28298,0
2088,-41,81,0,0,0,-28298,0
2089,-91,-92,1,0,1,-19926,1
2090,-125,-34,0,0,1,-19926,0
2091,-107,-125,1,0,0,-19926,0
2092,46,71,0,0,1,-19926,0
2093,112,2,0,0,0,-19926,0
2094,-21,21,1,0,0,-19926,0
2095,-16,-77,0,0,0,-19926,0
2096,-111,-72,0,0,1,-19926,0
2097,-47,-14,0,0,1,-19926,0
2098,77,127,0,0,0,-19926,0
2099,-82,2,0,0,1,-19926,0
2100,-7,91,1,0,1,-20563,1
2101,100,-21,0,0,1,-20563,0
2102,84,33,1,1,0,0,0
2103,24,14,0,0,0,0,0
2104,124,44,1,0,1,5456,1
2105,-10,120,0,0,0,5456,0
2106,49,-99,1,0,0,5456,0
2107,81,121,0,0,1,5456,0
2108,-14,22,0,0,1,5456,0
2109,-6,-80,0,0,1,5456,0
2110,79,-24,0,0,1,5456,0
2111,114,57,1,0,0,5456,0
2112,-107,-52,0,0,1,5456,0
2113,-21,50,1,0,1,4406,1
2114,75,44,0,0,1,4406,0
2115,-128,95,1,0,1,-7754,1
2116,100,121,1,0,1,4346,1
2117,7,-7,0,0,0,4346,0
2118,125,-94,0,0,1,4346,0
2119,-86,58,0,0,1,4346,0
2120,-111,-65,1,0,0,4346,0
2121,8,-121,0,0,1,4346,0
2122,-42,-33,1,0,0,4346,0
2123,14,96,1,0,1,5690,1
2124,3,-125,0,0,0,5690,0
2125,27,-5,0,0,0,5690,0
2126,-68,67,1,0,0,5690,0
2127,-80,43,0,0,1,5690,0
2128,-5,-50,0,0,0,5690,0
2129,58,47,1,0,1,8416,1
2130,91,52,0,0,0,8416,0
2131,95,-53,1,0,0,8416,0
2132,-24,41,1,0,0,8416,0
2133,27,12,0,0,0,8416,0
2134,-98,106,1,0,1,-1972,1
2135,2,-85,0,0,0,-1972,0
2136,33,-20,0,0,1,-1972,0
2137,55,-28,1,0,1,-3512,1
2138,-108,-97,0,0,1,-3512,0
2139,57,-30,1,0,0,-3512,0
2140,108,55,1,0,0,-3512,0
2141,37,-54,0,0,0,-3512,0
2142,82,116,0,0,0,-3512,0
2143,-111,71,0,0,0,-3512,0
2144,-112,-101,1,0,0,-3512,0
2145,-44,16,0,0,0,-3512,0
2146,17,7,0,0,0,-3512,0
2147,-92,-18,1,0,0,-3512,0
2148,27,9,1,0,1,-3269,1
2149,68,-82,1,0,1,-8845,1
2150,3,106,1,0,0,-8845,0
2151,-90,-27,0,0,1,-8845,0
2152,-54,-117,0,0,0,-8845,0
2153,64,-121,0,0,0,-8845,0
2154,-84,-43,0,0,0,-8845,0
2155,-38,-18,1,0,0,-8845,0
2156,-116,-34,1,0,1,-4901,1
2157,20,-7,1,0,1,-5041,1
2158,109,61,0,0,1,-5041,0
2159,116,-10,0,0,0,-5041,0
2160,42,-11,0,0,0,-5041,0
2161,-86,-64,1,0,1,463,1
2162,69,-35,0,0,1,463,0
2163,-90,126,0,0,0,463,0
2164,-75,6,1,0,0,463,0
2165,-4,-79,0,0,0,463,0
2166,110,88,1,0,1,10143,1
2167,-29,-34,0,0,1,10143,0
2168,-18,-126,1,0,0,10143,0
2169,-62,104,0,0,1,10143,0
2170,45,-62,0,0,1,10143,0
2171,0,-57,0,1,0,0,0
2172,97,58,1,0,0,0,0
2173,101,92,1,0,0,0,0
2174,-105,35,1,0,0,0,0
2175,35,-128,0,0,0,0,0
2176,-78,-16,0,0,0,0,0
2177,-120,104,1,1,1,0,0
2178,-57,-63,0,0,0,0,0
2179,29,-99,0,0,1,0,0
2180,-127,52,1,0,0,0,0
2181,-103,-71,1,0,0,0,0
2182,109,-63,1,0,1,-6867,1
2183,-101,-90,0,0,0,-6867,0
2184,5,81,1,0,1,-6462,1
2185,29,69,0,0,0,-6462,0
2186,8,81,0,0,0,-6462,0
2187,11,71,1,0,1,-5681,1
2188,-65,-28,1,0,0,-5681,0
2189,46,56,1,0,0,-5681,0
2190,-122,-102,0,0,1,-5681,0
2191,90,-60,0,0,1,-5681,0
2192,-38,-106,0,0,0,-5681,0
2193,13,32,0,0,1,-5681,0
2194,55,-52,0,0,0,-5681,0
2195,-77,-91,1,0,1,1326,1
2196,63,-101,0,0,1,1326,0
2197,32,-64,1,0,0,1326,0
2198,32,107,1,0,1,4750,1
2199,65,39,0,0,0,4750,0
2200,7,44,1,0,0,4750,0
2201,-28,-93,1,0,1,7354,1
2202,-73,28,1,0,1,5310,1
2203,-100,106,1,0,1,-5290,1
2204,123,-51,1,0,1,-11563,1
2205,-124,-16,1,0,1,-9579,1
2206,75,58,0,0,1,-9579,0
2207,6,-19,0,0,0,-9579,0
2208,-36,-6,0,0,1,-9579,0
2209,-32,120,0,0,1,-9579,0
2210,-45,-58,1,0,0,-9579,0
2211,87,-17,0,0,0,-9579,0
2212,-101,72,1,0,1,-16851,1
2213,-9,-1,1,0,1,-16842,1
2214,-93,91,1,0,1,-25305,1
2215,46,43,0,0,1,-25305,0
2216,-119,84,1,0,0,-25305,0
2217,107,-71,1,0,0,-25305,0
2218,104,-56,0,0,1,-25305,0
2219,-14,87,0,0,1,-25305,0
2220,-109,-118,0,0,1,-25305,0
2221,-57,-10,1,0,0,-25305,0
2222,-65,109,0,0,0,-25305,0
2223,88,76,0,0,0,-25305,0
2224,-85,-95,0,0,1,-25305,0
2225,-95,97,0,0,1,-25305,0
2226,-62,92,1,0,0,-25305,0
2227,-24,119,0,0,0,-25305,0
2228,73,44,0,0,0,-25305,0
2229,29,-55,1,0,0,-25305,0
2230,72,125,1,0,0,-25305,0
2231,16,84,0,0,1,-25305,0
2232,-7,-21,1,0,1,-25158,1
2233,115,96,0,0,0,-25158,0
2234,-10,70,0,0,0,-25158,0
2235,114,-74,1,0,1,-33594,1
2236,-36,-78,0,0,1,-33594,0
2237,-91,4,1,0,1,-33958,1
2238,48,124,1,0,0,-33958,0
2239,119,-33,0,0,0,-33958,0
2240,-92,-127,0,0,0,-33958,0
2241,101,73,1,0,1,-26585,1
2242,-121,-105,1,0,0,-26585,0
2243,-91,-49,0,0,0,-26585,0
2244,-29,-111,1,0,0,-26585,0
2245,87,48,1,1,1,0,0
2246,-91,-115,0,0,1,0,0
2247,106,112,1,0,1,11872,1
2248,-88,-36,1,0,1,15040,1
2249,-25,39,1,0,1,14065,1
2250,-33,12,0,0,0,14065,0
2251,86,17,1,0,1,15527,1
2252,-74,-100,0,0,0,15527,0
2253,-12,-96,0,0,1,15527,0
2254,-86,-99,1,0,1,24041,1
2255,-16,4,0,0,0,24041,0
2256,-110,94,1,1,1,0,0
2257,96,12,1,0,0,0,0
2258,-77,-22,1,0,1,1694,1
2259,-13,-70,0,0,0,1694,0
2260,-30,38,0,0,1,1694,0
2261,97,60,0,0,0,1694,0
2262,118,-11,1,0,1,396,1
2263,-118,-111,1,1,1,0,0
2264,-121,-104,1,0,0,0,0
2265,-60,26,1,0,1,-1560,1
2266,-102,65,1,0,0,-1560,0
2267,-91,-58,0,0,0,-1560,0
2268,109,94,1,1,0,0,0
2269,-64,-89,0,0,1,0,0
2270,54,-107,1,0,1,-5778,1
2271,63,29,1,0,1,-3951,1
2272,-91,98,0,0,0,-3951,0
2273,71,-79,0,0,1,-3951,0
2274,-40,-26,1,0,0,-3951,0
2275,36,-28,0,0,1,-3951,0
2276,-31,-36,0,0,0,-3951,0
2277,14,34,1,0,0,-3951,0
2278,-48,8,1,0,1,-4335,1
2279,-109,0,1,0,0,-4335,0
2280,41,71,1,0,0,-4335,0
2281,-26,-85,1,0,0,-4335,0
2282,-109,-33,0,0,1,-4335,0
2283,104,35,1,0,1,-695,1
2284,122,-120,1,0,0,-695,0
2285,-116,75,0,0,0,-695,0
2286,-26,22,0,0,0,-695,0
2287,-124,7,1,0,1,-1563,1
2288,-60,-63,1,0,0,-1563,0
2289,117,79,0,0,0,-1563,0
2290,-59,18,1,0,1,-2625,1
2291,-78,36,0,0,0,-2625,0
2292,-76,-121,0,0,0,-2625,0
2293,-78,16,1,0,0,-2625,0
2294,45,22,0,0,0,-2625,0
2295,-9,-31,0,0,0,-2625,0
2296,27,65,1,0,0,-2625,0
2297,-40,-44,1,0,0,-2625,0
2298,83,-6,0,0,1,-2625,0
2299,-125,28,1,0,1,-6125,1
2300,-12,-58,1,0,0,-6125,0
2301,-61,-26,1,1,0,0,0
2302,-103,90,1,0,1,-9270,1
2303,-124,10,1,0,1,-10510,1
2304,-2,-109,0,0,1,-10510,0
2305,-96,6,1,0,0,-10510,0
2306,-40,-61,0,0,0,-10510,0
2307,83,-6,1,0,0,-10510,0
2308,-65,4,0,0,1,-10510,0
2309,118,-98,0,0,1,-10510,0
2310,-30,-7,1,0,0,-10510,0
2311,41,45,1,0,1,-8665,1
2312,-18,116,0,0,0,-8665,0
2313,64,97,1,0,0,-8665,0
2314,98,32,1,0,0,-8665,0
2315,-83,2,1,0,0,-8665,0
2316,-53,-60,0,0,1,-8665,0
2317,-44,30,1,0,1,-9985,1
2318,-62,-46,0,0,1,-9985,0
2319,11,119,0,0,1,-9985,0
2320,74,-21,1,0,1,-11539,1
2321,-11,34,1,0,0,-11539,0
2322,50,62,0,0,0,-11539,0
2323,1,23,1,0,1,-11516,1
2324,10,12,0,0,0,-11516,0
2325,-77,-111,0,0,0,-11516,0
2326,-7,-57,0,0,1,-11516,0
2327,-61,111,0,0,0,-11516,0
2328,-22,66,0,0,1,-11516,0
2329,-49,93,0,1,0,0,0
2330,-56,-112,1,0,1,6272,1
2331,-54,-35,0,0,0,6272,0
2332,-52,100,0,0,1,6272,0
2333,-68,36,1,0,0,6272,0
2334,-105,-41,0,0,0,6272,0
2335,-68,39,1,0,0,6272,0
2336,-109,-19,0,0,1,6272,0
2337,-1,7,1,0,1,6265,1
2338,-59,74,0,0,1,6265,0
2339,84,5,0,0,1,6265,0
2340,49,-122,1,0,1,287,1
2341,88,15,1,0,0,287,0
2342,-112,-34,0,0,0,287,0
2343,-52,-108,0,0,1,287,0
2344,-102,66,1,0,1,-6445,1
2345,-122,24,0,0,0,-6445,0
2346,-19,4,0,0,1,-6445,0
2347,-128,-106,1,0,0,-6445,0
2348,29,-59,1,0,1,-8156,1
2349,116,-107,0,0,1,-8156,0
2350,-25,-86,0,0,0,-8156,0
2351,56,-104,0,0,0,-8156,0
2352,32,-114,1,0,0,-8156,0
2353,39,74,1,0,1,-5270,1
2354,95,27,0,0,0,-5270,0
2355,87,14,1,0,0,-5270,0
2356,-4,38,1,0,1,-5422,1
2357,-83,62,0,0,1,-5422,0
2358,-106,-38,1,0,0,-5422,0
2359,17,-11,1,1,0,0,0
2360,-91,23,0,0,0,0,0
2361,113,30,1,0,1,3390,1
2362,86,81,1,0,1,10356,1
2363,71,10,1,0,0,10356,0
2364,31,-64,1,0,0,10356,0
2365,43,-55,1,0,0,10356,0
2366,46,-8,0,0,1,10356,0
2367,90,-54,0,0,0,10356,0
2368,-127,0,1,0,1,10356,1
2369,-117,-82,0,0,0,10356,0
2370,-10,-58,0,0,0,10356,0
2371,-40,-94,0,0,0,10356,0
2372,-21,96,1,0,1,8340,1
2373,41,46,0,0,1,8340,0
2374,92,91,1,0,0,8340,0
2375,-120,80,0,0,1,8340,0
2376,-125,-60,1,0,0,8340,0
2377,-4,-80,1,0,0,8340,0
2378,-64,-51,1,0,0,8340,0
2379,-108,91,1,0,0,8340,0
2380,11,-120,1,0,1,7020,1
2381,87,123,0,0,0,7020,0
2382,-117,126,0,0,1,7020,0
2383,-122,35,0,0,0,7020,0
2384,-39,34,0,0,0,7020,0
2385,114,-74,1,0,0,7020,0
2386,5,-21,1,0,0,7020,0
2387,-124,-26,0,0,1,7020,0
2388,-43,33,1,0,0,7020,0
2389,37,81,0,0,0,7020,0
2390,-98,77,0,0,0,7020,0
2391,-111,110,1,0,0,7020,0
2392,111,-55,1,0,0,7020,0
2393,-22,-116,1,0,1,9572,1
2394,-25,97,0,0,0,9572,0
2395,-35,-97,0,0,1,9572,0
2396,-14,83,1,0,0,9572,0
2397,-13,-20,0,0,0,9572,0
2398,-64,-12,1,0,0,9572,0
2399,81,47,0,0,0,9572,0
2400,-48,-47,1,0,0,9572,0
2401,-52,-119,1,0,0,9572,0
2402,102,-28,1,0,0,9572,0
2403,-31,-41,1,1,1,0,0
2404,-58,-101,1,0,1,5858,1
2405,4,-40,1,0,1,5698,1
2406,-31,69,1,0,0,5698,0
2407,123,-60,0,1,0,0,0
2408,-104,8,0,0,0,0,0
2409,-61,-90,1,0,0,0,0
2410,40,-30,1,0,1,-1200,1
2411,97,-10,1,0,1,-2170,1
2412,127,22,0,0,0,-2170,0
2413,109,-17,1,0,1,-4023,1
2414,102,-89,1,0,0,-4023,0
2415,72,95,0,0,1,-4023,0
2416,26,115,1,1,1,0,0
2417,-101,-95,0,0,0,0,0
2418,-63,-19,0,0,1,0,0
2419,-67,-55,1,0,1,3685,1
2420,-124,-23,1,0,1,6537,1
2421,75,75,0,0,0,6537,0
2422,-29,-5,1,0,1,6682,1
2423,112,-52,1,0,1,858,1
2424,112,-80,0,0,0,858,0
2425,40,-81,0,0,1,858,0
2426,-15,82,1,0,0,858,0
2427,122,64,0,0,0,858,0
2428,-14,-97,1,0,1,2216,1
2429,-50,-50,1,0,1,4716,1
2430,-32,20,1,0,1,4076,1
2431,51,69,1,1,0,0,0
2432,43,73,1,0,1,3139,1
2433,-50,18,0,0,1,3139,0
2434,43,-119,1,0,1,-1978,1
2435,18,-97,0,0,1,-1978,0
2436,40,15,1,0,1,-1378,1
2437,-55,-117,1,0,0,-1378,0
2438,127,120,1,0,1,13862,1
2439,-47,5,1,0,1,13627,1
2440,48,-34,0,0,0,13627,0
2441,-128,33,1,0,1,9403,1
2442,93,-67,0,1,1,0,0
2443,-15,85,1,0,0,0,0
2444,48,-115,1,0,1,-5520,1
2445,104,75,1,0,1,2280,1
2446,-15,79,0,0,1,2280,0
2447,-69,50,0,0,0,2280,0
2448,-120,-104,0,0,1,2280,0
2449,-95,-41,0,0,1,2280,0
2450,97,-11,0,0,0,2280,0
2451,126,53,1,0,0,2280,0
2452,-3,-21,0,0,0,2280,0
2453,116,-108,0,0,1,2280,0
2454,-89,58,0,0,1,2280,0
2455,-122,77,0,0,0,2280,0
2456,5,-124,0,0,0,2280,0
2457,-16,-120,0,0,0,2280,0
2458,-126,-110,0,0,0,2280,0
2459,-116,-65,0,0,0,2280,0
2460,-72,106,1,0,1,-5352,1
2461,-40,-84,0,0,0,-5352,0
2462,113,49,0,0,1,-5352,0
2463,19,-34,1,0,0,-5352,0
2464,-95,-92,1,1,0,0,0
2465,-25,-39,1,0,1,975,1
2466,114,88,0,0,0,975,0
2467,62,95,0,1,1,0,0
2468,6,-42,1,0,1,-252,1
2469,-124,-15,1,0,1,1608,1
2470,-28,9,1,0,1,1356,1
2471,-115,-94,0,0,0,1356,0
2472,-78,13,1,0,0,1356,0
2473,-103,84,1,0,0,1356,0
2474,-55,126,1,0,1,-5574,1
2475,31,127,0,0,0,-5574,0
2476,96,30,0,0,1,-5574,0
2477,-128,-60,0,0,0,-5574,0
2478,25,-99,1,0,1,-8049,1
2479,56,-17,1,0,1,-9001,1
2480,-21,-44,1,0,0,-9001,0
2481,11,32,1,0,1,-8649,1
2482,-39,-54,0,0,0,-8649,0
2483,-120,90,0,0,0,-8649,0
2484,-126,101,0,0,0,-8649,0
2485,14,31,0,0,1,-8649,0
2486,31,126,1,0,0,-8649,0
2487,-59,-47,0,0,1,-8649,0
2488,-72,-117,1,0,0,-8649,0
2489,8,87,1,0,0,-8649,0
2490,-115,6,1,0,0,-8649,0
2491,-97,-56,0,0,0,-8649,0
2492,46,-80,1,0,1,-12329,1
2493,-128,-37,1,0,1,-7593,1
2494,79,-47,1,0,1,-11306,1
2495,-86,82,0,0,0,-11306,0
2496,-57,29,0,0,1,-11306,0
2497,-90,67,1,0,0,-11306,0
2498,-12,16,1,0,0,-11306,0
2499,-102,79,0,0,0,-11306,0
2500,-86,-76,1,0,1,-4770,1
2501,46,85,0,0,0,-4770,0
2502,11,7,0,0,1,-4770,0
2503,-3,73,0,0,0,-4770,0
2504,29,-104,0,0,0,-4770,0
2505,66,-78,1,0,1,-9918,1
2506,-32,-56,0,0,1,-9918,0
2507,53,49,0,0,0,-9918,0
2508,-14,-120,1,0,0,-9918,0
2509,-98,-67,0,0,0,-9918,0
2510,-122,-14,0,0,0,-9918,0
2511,25,-68,1,0,0,-9918,0
2512,-96,-64,1,0,1,-3774,1
2513,-84,-35,1,0,1,-834,1
2514,-10,3,0,0,1,-834,0
2515,0,-119,1,0,1,-834,1
2516,-118,13,0,0,1,-834,0
2517,-52,5,0,0,1,-834,0
2518,78,-30,0,0,0,-834,0
2519,21,-78,1,0,0,-834,0
2520,-65,-24,1,0,0,-834,0
2521,-77,103,1,0,0,-834,0
2522,-118,96,0,0,0,-834,0
2523,-47,-127,0,0,1,-834,0
2524,-19,7,0,0,1,-834,0
2525,-29,-55,0,0,0,-834,0
2526,-38,-38,0,0,0,-834,0
2527,116,-28,0,0,0,-834,0
2528,-77,45,1,0,1,-4299,1
2529,14,-106,1,0,1,-5783,1
2530,31,-28,0,0,0,-5783,0
2531,0,-11,1,1,0,0,0
2532,43,22,0,0,1,0,0
2533,-73,-94,0,0,1,0,0
2534,54,38,0,0,0,0,0
2535,5,-14,1,1,0,0,0
2536,-117,119,0,0,0,0,0
2537,-110,42,0,0,1,0,0
2538,-49,90,0,0,0,0,0
2539,2,-50,0,0,1,0,0
2540,-111,15,0,0,1,0,0
2541,83,-41,1,0,1,-3403,1
2542,-107,103,0,0,1,-3403,0
2543,-121,103,1,0,1,-15866,1
2544,49,-99,0,0,0,-15866,0
2545,-94,-86,0,0,0,-15866,0
2546,119,35,0,0,0,-15866,0
2547,-47,-8,0,0,1,-15866,0
2548,7,19,1,0,1,-15733,1
2549,46,106,1,0,1,-10857,1
2550,-60,-8,0,0,1,-10857,0
2551,48,-6,1,0,0,-10857,0
2552,42,-43,0,0,1,-10857,0
2553,15,87,0,0,1,-10857,0
2554,-64,107,0,0,0,-10857,0
2555,-128,-15,1,0,0,-10857,0
2556,55,125,0,0,0,-10857,0
2557,-59,-126,0,0,1,-10857,0
2558,51,48,0,0,1,-10857,0
2559,-46,12,1,0,1,-11409,1
2560,-84,-118,1,0,0,-11409,0
2561,-85,-91,0,0,1,-11409,0
2562,-122,76,1,0,0,-11409,0
2563,113,103,1,0,0,-11409,0
2564,116,-125,0,0,1,-11409,0
2565,6,110,0,0,0,-11409,0
2566,-100,21,0,0,1,-11409,0
2567,-107,-64,1,0,1,-4561,1
2568,-84,-111,0,0,0,-4561,0
2569,72,67,1,0,0,-4561,0
2570,-15,103,1,0,0,-4561,0
2571,-123,-70,0,0,1,-4561,0
2572,78,118,0,0,1,-4561,0
2573,-89,-73,0,0,1,-4561,0
2574,-67,84,0,0,0,-4561,0
2575,-121,-58,0,0,0,-4561,0
2576,9,-64,1,0,1,-5137,1
2577,106,6,0,0,1,-5137,0
2578,-123,-45,1,0,0,-5137,0
2579,-105,-78,0,0,0,-5137,0
2580,85,-60,1,0,1,-10237,1
2581,-63,-55,1,0,1,-6772,1
2582,-68,-105,1,0,0,-6772,0
2583,22,-31,0,0,1,-6772,0
2584,-33,-125,1,0,0,-6772,0
2585,-126,-60,1,0,0,-6772,0
2586,82,-19,0,0,0,-6772,0
2587,44,-38,1,0,1,-8444,1
2588,-24,-47,1,1,1,0,0
2589,23,-91,1,0,1,-2093,1
2590,-85,115,0,0,0,-2093,0
2591,-125,-17,0,0,1,-2093,0
2592,-25,37,0,0,1,-2093,0
2593,-43,-95,1,1,0,0,0
2594,5,-44,0,0,1,0,0
2595,118,31,0,0,0,0,0
2596,10,126,0,0,0,0,0
2597,4,-103,1,0,1,-412,1
2598,-66,-7,1,0,1,50,1
2599,-77,73,0,0,0,50,0
2600,43,-43,0,0,1,50,0
2601,-25,44,1,0,0,50,0
2602,-31,115,0,1,1,0,0
2603,-6,127,1,0,0,0,0
2604,3,5,1,1,0,0,0
2605,-114,-70,1,0,0,0,0
2606,93,-102,1,0,0,0,0
2607,46,-85,1,0,1,-3910,1
2608,10,-57,0,0,0,-3910,0
2609,-27,-102,1,0,0,-3910,0
2610,92,-24,1,1,0,0,0
2611,-7,50,1,0,1,-350,1
2612,48,39,1,0,1,1522,1
2613,-116,-72,0,0,0,1522,0
2614,-66,39,0,0,0,1522,0
2615,-73,74,0,0,0,1522,0
2616,75,23,1,0,1,3247,1
2617,96,-5,1,0,1,2767,1
2618,-61,-21,1,0,0,2767,0
2619,-116,31,1,0,0,2767,0
2620,1,-77,0,0,1,2767,0
2621,112,97,1,0,1,13631,1
2622,32,80,0,0,1,13631,0
2623,-101,109,0,0,0,13631,0
2624,-45,121,0,0,0,13631,0
2625,-94,7,0,0,0,13631,0
2626,121,-11,0,1,0,0,0
2627,-72,-78,1,0,0,0,0
2628,-17,-3,0,0,0,0,0
2629,-115,46,1,0,1,-5290,1
2630,17,-58,0,0,1,-5290,0
2631,26,68,1,0,0,-5290,0
2632,121,-128,0,0,0,-5290,0
2633,84,69,1,0,0,-5290,0
2634,52,37,0,0,0,-5290,0
2635,-106,67,0,0,0,-5290,0
2636,-83,-80,0,0,1,-5290,0
2637,-95,122,0,1,0,0,0
2638,-88,97,0,1,1,0,0
2639,17,-45,0,0,1,0,0
2640,-6,84,1,0,0,0,0
2641,-112,127,0,0,1,0,0
2642,-110,100,0,0,0,0,0
2643,101,91,0,0,0,0,0
2644,49,-3,1,0,0,0,0
2645,-111,-128,0,0,0,0,0
2646,39,96,1,0,0,0,0
2647,-127,72,0,0,0,0,0
2648,-24,-50,1,1,1,0,0
2649,-50,-77,1,0,0,0,0
2650,18,122,0,0,0,0,0
2651,15,72,1,0,1,1080,1
2652,93,37,1,0,1,4521,1
2653,82,-58,1,0,1,-235,1
2654,-101,-122,1,0,0,-235,0
2655,19,-14,1,0,0,-235,0
2656,16,-81,1,1,1,0,0
2657,36,107,0,0,1,0,0
2658,-127,-29,1,0,1,3683,1
2659,-62,-54,0,0,1,3683,0
2660,-37,85,0,0,0,3683,0
2661,80,-50,1,0,1,-317,1
2662,-57,-112,0,0,0,-317,0
2663,-15,-89,0,0,0,-317,0
2664,108,-17,0,0,0,-317,0
2665,-53,86,0,0,1,-317,0
2666,80,-110,0,0,1,-317,0
2667,25,86,0,0,1,-317,0
2668,28,-2,1,0,0,-317,0
2669,-56,-50,1,0,1,2483,1
2670,-75,87,1,0,0,2483,0
2671,-49,74,0,0,0,2483,0
2672,47,-39,1,0,0,2483,0
2673,-15,-44,1,0,0,2483,0
2674,-57,-43,0,0,0,2483,0
2675,-76,-75,0,0,0,2483,0
2676,-30,77,0,0,0,2483,0
2677,32,-107,0,0,0,2483,0
2678,-37,-88,0,0,1,2483,0
2679,74,-81,1,0,0,2483,0
2680,-47,117,0,0,1,2483,0
2681,23,-4,1,0,0,2483,0
2682,-3,-88,1,0,1,2747,1
2683,12,-52,0,0,1,2747,0
2684,21,-38,1,0,1,1949,1
2685,-96,-3,1,0,1,2237,1
2686,120,-72,0,0,1,2237,0
2687,31,50,0,0,0,2237,0
2688,-49,9,1,0,0,2237,0
2689,5,25,1,0,1,2362,1
2690,-109,42,1,0,1,-2216,1
2691,14,85,1,0,0,-2216,0
2692,34,88,1,0,0,-2216,0
2693,114,-12,0,0,0,-2216,0
2694,81,79,0,0,0,-2216,0
2695,-57,-70,0,0,1,-2216,0
2696,-47,52,0,0,0,-2216,0
2697,104,-113,0,0,1,-2216,0
2698,103,51,0,0,1,-2216,0
2699,-55,-17,1,0,1,-1281,1
2700,88,-122,1,0,0,-1281,0
2701,-22,-103,1,0,0,-1281,0
2702,42,-17,1,0,1,-1995,1
2703,-45,-75,1,0,1,1380,1
2704,15,-59,1,0,1,495,1
2705,-27,81,1,1,1,0,0
2706,49,15,1,0,0,0,0
2707,21,98,0,0,1,0,0
2708,-8,122,1,0,1,-976,1
2709,-94,-41,0,0,1,-976,0
2710,56,38,1,0,1,1152,1
2711,-28,89,0,0,0,1152,0
2712,35,-59,1,0,0,1152,0
2713,-32,124,0,0,1,1152,0
2714,-95,75,0,0,1,1152,0
2715,98,-103,0,0,0,1152,0
2716,124,-7,1,0,0,1152,0
2717,122,45,0,0,1,1152,0
2718,-114,97,1,0,1,-9906,1
2719,-88,53,1,0,1,-14570,1
2720,99,105,0,0,0,-14570,0
2721,-101,-50,1,0,0,-14570,0
2722,32,15,1,0,0,-14570,0
2723,85,-2,1,0,0,-14570,0
2724,-59,-11,0,0,0,-14570,0
2725,-85,-65,1,0,1,-9045,1
2726,-110,23,1,0,0,-9045,0
2727,40,4,0,0,1,-9045,0
2728,88,46,0,0,1,-9045,0
2729,0,-23,1,0,1,-9045,1
2730,-67,40,1,0,0,-9045,0
2731,-29,97,0,0,1,-9045,0
2732,-49,17,1,0,0,-9045,0
2733,-97,64,0,0,1,-9045,0
2734,2,44,0,0,1,-9045,0
2735,-12,-67,0,0,0,-9045,0
2736,84,56,0,0,0,-9045,0
2737,-20,1,0,0,1,-9045,0
2738,119,-88,1,0,0,-9045,0
2739,-38,39,1,0,1,-10527,1
2740,63,82,0,0,1,-10527,0
2741,-3,-30,1,0,1,-10437,1
2742,43,76,1,0,1,-7169,1
2743,39,-54,1,0,1,-9275,1
2744,-59,86,1,0,0,-9275,0
2745,24,35,1,0,0,-9275,0
2746,-96,2,1,0,0,-9275,0
2747,70,84,1,0,0,-9275,0
2748,-62,76,0,0,0,-9275,0
2749,-23,53,1,0,1,-10494,1
2750,45,109,0,0,1,-10494,0
2751,-118,-71,0,0,0,-10494,0
2752,73,18,0,0,1,-10494,0
2753,-106,-37,1,0,1,-6572,1
2754,-67,-34,1,0,1,-4294,1
2755,-94,90,1,0,1,-12754,1
2756,110,36,1,0,1,-8794,1
2757,-55,-29,0,0,0,-8794,0
2758,-65,10,1,0,1,-9444,1
2759,14,-54,0,0,0,-9444,0
2760,98,84,1,0,1,-1212,1
2761,69,-74,1,0,0,-1212,0
2762,-26,25,0,0,1,-1212,0
2763,81,56,1,0,0,-1212,0
2764,110,63,0,0,1,-1212,0
2765,101,108,0,0,1,-1212,0
2766,95,-34,1,0,0,-1212,0
2767,63,-33,0,0,0,-1212,0
2768,-104,-57,0,0,0,-1212,0
2769,-79,-79,1,0,1,5029,1
2770,36,-25,1,0,1,4129,1
2771,122,-125,1,0,1,-11121,1
2772,58,79,0,0,0,-11121,0
2773,25,42,1,0,0,-11121,0
2774,-50,10,1,0,1,-11621,1
2775,-35,-126,1,0,0,-11621,0
2776,-61,7,1,1,1,0,0
2777,-81,21,0,0,1,0,0
2778,51,67,0,1,1,0,0
2779,6,66,1,0,1,396,1
2780,-25,-123,0,0,1,396,0
2781,-36,-13,0,0,1,396,0
2782,33,40,0,0,1,396,0
2783,120,-58,1,0,0,396,0
2784,67,88,0,0,0,396,0
2785,-62,104,1,0,0,396,0
2786,-2,-22,0,0,1,396,0
2787,112,-33,0,0,1,396,0
2788,108,-42,1,0,1,-4140,1
2789,-64,-52,1,0,1,-812,1
2790,-76,68,1,0,1,-5980,1
2791,72,-65,1,0,1,-10660,1
2792,84,33,1,0,1,-7888,1
2793,64,61,0,0,0,-7888,0
2794,123,106,1,0,1,5150,1
2795,-73,-83,0,0,1,5150,0
2796,-90,-46,0,0,0,5150,0
2797,92,-20,0,0,1,5150,0
2798,49,-90,1,0,1,740,1
2799,-66,40,0,0,1,740,0
2800,119,-50,1,0,1,-5210,1
2801,10,67,1,0,0,-5210,0
2802,-70,-62,1,0,1,-870,1
2803,-118,-22,0,0,0,-870,0
2804,-53,-69,0,1,0,0,0
2805,-66,-66,0,0,0,0,0
2806,-115,94,1,0,1,-10810,1
2807,104,-119,1,0,1,-23186,1
2808,127,-35,0,0,0,-23186,0
2809,-29,-63,0,0,0,-23186,0
2810,-19,-128,0,0,1,-23186,0
2811,-6,40,0,1,0,0,0
2812,51,-117,0,0,1,0,0
2813,-81,-96,1,0,0,0,0
2814,-125,-61,1,0,0,0,0
2815,87,-34,1,0,1,-2958,1
2816,55,106,1,0,0,-2958,0
2817,-97,-9,1,0,0,-2958,0
2818,-46,34,1,0,1,-4522,1
2819,-4,-67,1,0,0,-4522,0
2820,79,73,1,0,1,1245,1
2821,-28,-122,1,0,1,4661,1
2822,52,-69,1,0,1,1073,1
2823,63,-38,1,0,1,-1321,1
2824,-51,-22,1,0,1,-199,1
2825,0,6,0,0,0,-199,0
2826,17,-85,0,0,0,-199,0
2827,120,8,0,0,0,-199,0
2828,35,94,0,0,0,-199,0
2829,-99,-95,0,0,0,-199,0
2830,60,67,1,0,1,3821,1
2831,61,19,1,0,0,3821,0
2832,-102,23,1,0,1,1475,1
2833,-46,-31,0,0,1,1475,0
2834,-31,22,0,0,1,1475,0
2835,33,17,1,0,0,1475,0
2836,-47,-48,0,0,0,1475,0
2837,-18,-48,0,0,1,1475,0
2838,85,-38,0,0,1,1475,0
2839,50,-122,0,0,0,1475,0
2840,85,-47,1,0,1,-2520,1
2841,-31,118,0,0,0,-2520,0
2842,27,84,0,0,1,-2520,0
2843,92,-4,0,0,1,-2520,0
2844,-25,60,0,0,0,-2520,0
2845,-42,32,0,0,0,-2520,0
2846,97,-3,1,0,0,-2520,0
2847,10,-45,1,0,0,-2520,0
2848,-85,53,0,0,0,-2520,0
2849,63,37,0,0,1,-2520,0
2850,-96,32,0,0,0,-2520,0
2851,-82,104,0,0,1,-2520,0
2852,30,98,0,0,1,-2520,0
2853,54,-119,0,0,1,-2520,0
2854,15,-48,1,0,0,-2520,0
2855,-115,-60,0,0,0,-2520,0
2856,46,66,0,0,1,-2520,0
2857,-25,-124,1,0,0,-2520,0
2858,-49,-40,1,0,0,-2520,0
2859,-104,-120,1,0,0,-2520,0
2860,108,-8,0,0,0,-2520,0
2861,45,-10,0,0,0,-2520,0
2862,-16,53,0,0,1,-2520,0
2863,-79,83,0,0,0,-2520,0
2864,-80,114,0,0,1,-2520,0
2865,-58,109,0,0,0,-2520,0
2866,64,-92,1,0,1,-8408,1
2867,-10,6,0,0,0,-8408,0
2868,121,96,1,0,1,3208,1
2869,-12,36,1,0,1,2776,1
2870,-73,-17,0,0,1,2776,0
2871,-65,-60,1,0,1,6676,1
2872,80,101,0,0,0,6676,0
2873,84,75,1,0,1,12976,1
2874,-88,-43,1,0,1,16760,1
2875,78,-126,0,0,0,16760,0
2876,5,-116,1,0,0,16760,0
2877,-46,43,0,0,1,16760,0
2878,119,-122,0,0,0,16760,0
2879,-91,-105,0,0,0,16760,0
2880,49,-45,1,0,1,14555,1
2881,11,16,1,0,0,14555,0
2882,90,-122,1,0,0,14555,0
2883,112,57,0,0,1,14555,0
2884,-35,88,0,0,1,14555,0
2885,-22,-55,1,0,1,15765,1
2886,-71,-123,1,0,1,24498,1
2887,49,109,0,0,1,24498,0
2888,2,80,1,0,0,24498,0
2889,-74,19,1,0,0,24498,0
2890,93,92,1,0,1,33054,1
2891,43,-14,1,0,1,32452,1
2892,55,-23,1,0,0,32452,0
2893,36,111,1,0,1,36448,1
2894,-95,-77,1,0,0,36448,0
2895,100,79,1,0,0,36448,0
2896,14,115,0,0,0,36448,0
2897,-50,-83,0,0,0,36448,0
2898,-74,81,0,0,0,36448,0
2899,-7,43,0,0,0,36448,0
2900,23,-81,0,0,1,36448,0
2901,-41,87,0,1,1,0,0
2902,-15,43,1,0,1,-645,1
2903,-75,63,1,0,1,-5370,1
2904,23,17,1,0,1,-4979,1
2905,-96,29,0,0,0,-4979,0
2906,-47,-75,1,0,1,-1454,1
2907,-104,-21,0,0,0,-1454,0
2908,3,95,1,0,0,-1454,0
2909,83,-127,0,0,1,-1454,0
2910,115,-15,0,0,0,-1454,0
2911,74,18,0,0,0,-1454,0
2912,-83,44,0,0,1,-1454,0
2913,-71,17,0,0,1,-1454,0
2914,-71,20,1,0,1,-2874,1
2915,85,-66,0,0,0,-2874,0
2916,-2,-23,0,0,1,-2874,0
2917,31,-23,1,0,0,-2874,0
2918,-89,-60,0,0,1,-2874,0
2919,94,4,1,0,0,-2874,0
2920,-119,94,0,0,1,-2874,0
2921,-97,-123,0,0,1,-2874,0
2922,-95,-12,0,0,0,-2874,0
2923,-9,96,1,0,1,-3738,1
2924,-57,-24,0,0,1,-3738,0
2925,36,81,1,0,1,-822,1
2926,43,-47,1,0,0,-822,0
2927,-107,72,1,1,1,0,0
2928,-111,73,1,0,0,0,0
2929,98,32,1,0,1,3136,1
2930,-76,-68,0,0,1,3136,0
2931,84,86,0,0,0,3136,0
2932,-7,-119,0,0,1,3136,0
2933,30,108,0,0,0,3136,0
2934,17,-46,0,0,0,3136,0
2935,-40,-56,1,0,1,5376,1
2936,-33,13,0,0,1,5376,0
2937,41,-41,1,0,0,5376,0
2938,68,82,0,0,0,5376,0
2939,-86,83,1,0,0,5376,0
2940,6,47,1,0,1,5658,1
2941,50,-12,0,0,0,5658,0
2942,58,96,1,0,0,5658,0
2943,-21,-75,0,0,1,5658,0
2944,-59,95,1,0,0,5658,0
2945,-24,94,0,0,0,5658,0
2946,64,123,0,0,0,5658,0
2947,-26,-92,0,0,0,5658,0
2948,-101,-93,1,0,0,5658,0
2949,26,-64,0,0,0,5658,0
2950,32,31,0,0,0,5658,0
2951,-127,12,0,1,1,0,0
2952,28,68,1,0,1,1904,1
2953,41,3,1,0,1,2027,1
2954,-48,124,0,0,1,2027,0
2955,60,-8,1,0,0,2027,0
2956,-111,95,1,0,1,-8518,1
2957,120,-95,0,0,1,-8518,0
2958,21,-93,1,0,0,-8518,0
2959,108,117,1,0,0,-8518,0
2960,-113,85,1,0,1,-18123,1
2961,55,-13,0,0,0,-18123,0
2962,63,-94,0,0,0,-18123,0
2963,92,38,0,0,0,-18123,0
2964,105,125,1,0,0,-18123,0
2965,60,-65,1,0,1,-22023,1
2966,-38,4,1,0,1,-22175,1
2967,117,73,0,0,0,-22175,0
2968,-106,75,0,0,0,-22175,0
2969,45,24,1,0,0,-22175,0
2970,69,-52,0,0,0,-22175,0
2971,66,86,0,0,0,-22175,0
2972,-63,-118,1,0,1,-14741,1
2973,-18,58,1,1,0,0,0
2974,35,32,0,0,1,0,0
2975,39,18,0,0,0,0,0
2976,65,-38,1,0,0,0,0
2977,26,57,1,0,0,0,0
2978,-118,61,1,0,0,0,0
2979,7,-50,0,0,0,0,0
2980,60,-109,0,0,1,0,0
2981,78,63,0,0,0,0,0
2982,122,-99,1,0,1,-12078,1
2983,100,103,1,0,0,-12078,0
2984,-33,-117,0,0,0,-12078,0
2985,41,-49,0,0,1,-12078,0
2986,-32,28,0,0,0,-12078,0
2987,15,-94,0,0,0,-12078,0
2988,-23,114,0,0,1,-12078,0
2989,-65,-28,1,0,1,-10258,1
2990,-115,-25,1,0,0,-10258,0
2991,-80,30,1,0,0,-10258,0
2992,-57,-62,1,0,1,-6724,1
2993,-30,1,1,0,1,-6754,1
2994,88,44,0,0,0,-6754,0
2995,-3,-60,1,0,0,-6754,0
2996,16,-109,1,0,0,-6754,0
2997,-124,46,1,1,1,0,0
2998,52,-81,0,0,1,0,0
2999,-99,16,1,0,0,0,0
3000,-53,51,0,0,0,0,0
3001,-31,25,1,0,1,-775,1
3002,-94,-9,1,0,0,-775,0
3003,29,37,0,1,0,0,0
3004,77,127,1,0,0,0,0
3005,37,113,1,1,0,0,0
3006,30,-52,0,0,0,0,0
3007,-5,110,0,0,0,0,0
3008,-46,-46,1,0,0,0,0
3009,-106,83,1,0,0,0,0
3010,59,-57,0,1,0,0,0
3011,30,-116,0,0,0,0,0
3012,15,-20,1,0,0,0,0
3013,-4,-86,0,0,1,0,0
3014,-91,66,0,0,1,0,0
3015,-4,60,0,0,1,0,0
3016,-112,-71,0,0,0,0,0
3017,123,114,1,0,0,0,0
3018,59,87,1,0,0,0,0
3019,115,-25,1,0,0,0,0
3020,27,-62,0,0,1,0,0
3021,60,69,1,0,1,4140,1
3022,-109,58,1,0,1,-2182,1
3023,94,-73,1,0,1,-9044,1
3024,28,-17,1,0,1,-9520,1
3025,-21,-17,0,0,0,-9520,0
3026,98,96,1,0,0,-9520,0
3027,-100,-44,0,0,1,-9520,0
3028,105,-28,1,0,0,-9520,0
3029,53,-48,1,0,1,-12064,1
3030,-12,-2,1,0,0,-12064,0
3031,-32,50,1,0,1,-13664,1
3032,110,-105,0,1,1,0,0
3033,58,65,0,0,0,0,0
3034,13,-7,0,0,0,0,0
3035,114,-88,1,0,1,-10032,1
3036,122,121,0,0,0,-10032,0
3037,-120,-76,0,0,1,-10032,0
3038,-120,86,0,0,0,-10032,0
3039,67,-92,1,0,0,-10032,0
3040,-28,80,0,0,0,-10032,0
3041,-117,28,0,0,1,-10032,0
3042,28,-69,0,0,0,-10032,0
3043,-73,-79,0,0,0,-10032,0
3044,-122,41,0,0,0,-10032,0
3045,-77,29,1,0,1,-12265,1
3046,68,-82,0,0,0,-12265,0
3047,-68,60,0,0,0,-12265,0
3048,-91,-21,1,0,0,-12265,0
3049,29,117,0,0,1,-12265,0
3050,10,-94,1,0,0,-12265,0
3051,-110,127,0,0,0,-12265,0
3052,35,-79,1,0,0,-12265,0
3053,82,98,0,0,0,-12265,0
3054,-112,-108,1,0,1,-169,1
3055,-15,92,0,0,0,-169,0
3056,13,-62,1,0,1,-975,1
3057,52,-56,0,0,0,-975,0
3058,-53,-32,0,0,0,-975,0
3059,-17,-86,0,0,1,-975,0
3060,-58,-71,1,0,1,3143,1
3061,7,-29,1,0,0,3143,0
3062,-44,-116,1,0,0,3143,0
3063,-91,17,1,0,0,3143,0
3064,-102,9,0,0,0,3143,0
3065,55,-5,1,0,1,2868,1
3066,-3,108,0,0,1,2868,0
3067,-117,-104,1,0,0,2868,0
3068,10,-33,0,0,1,2868,0
3069,-54,-97,1,0,0,2868,0
3070,106,-126,0,0,1,2868,0
3071,77,84,1,0,0,2868,0
3072,-122,-59,0,0,0,2868,0
3073,3,124,0,0,1,2868,0
3074,104,-122,0,0,1,2868,0
3075,-104,36,0,0,1,2868,0
3076,89,110,1,0,1,12658,1
3077,-7,21,0,0,1,12658,0
3078,43,65,0,0,1,12658,0
3079,-9,-117,1,0,1,13711,1
3080,103,-125,0,0,1,13711,0
3081,-128,69,1,0,0,13711,0
3082,-1,43,0,0,0,13711,0
3083,-44,-67,0,0,0,13711,0
3084,9,-14,0,0,1,13711,0
3085,-121,18,0,0,0,13711,0
3086,-105,125,1,0,0,13711,0
3087,13,-49,1,0,1,13074,1
3088,-63,54,0,0,0,13074,0
3089,37,63,0,0,1,13074,0
3090,51,3,1,0,0,13074,0
3091,74,106,0,0,1,13074,0
3092,108,-11,0,0,0,13074,0
3093,36,-38,0,0,1,13074,0
3094,59,36,1,0,0,13074,0
3095,-72,-30,0,0,0,13074,0
3096,-65,-22,1,0,0,13074,0
3097,42,45,1,0,0,13074,0
3098,124,-105,0,0,0,13074,0
3099,113,9,1,0,0,13074,0
3100,-5,26,0,0,1,13074,0
3101,55,-4,0,0,1,13074,0
3102,-67,72,1,0,1,8250,1
3103,42,-88,1,0,1,4554,1
3104,12,74,0,0,0,4554,0
3105,20,-100,0,0,0,4554,0
3106,5,-104,0,0,1,4554,0
3107,-109,-48,0,0,0,4554,0
3108,55,12,1,0,0,4554,0
3109,-66,97,0,0,0,4554,0
3110,-91,9,0,0,1,4554,0
3111,41,-10,0,0,0,4554,0
3112,86,122,0,0,1,4554,0
3113,23,-85,0,0,0,4554,0
3114,42,-85,1,0,0,4554,0
3115,-81,-7,1,0,0,4554,0
3116,-117,-75,1,0,1,13329,1
3117,-101,-100,0,0,0,13329,0
3118,-66,69,0,0,1,13329,0
3119,-33,72,0,0,0,13329,0
3120,-104,-100,0,0,0,13329,0
3121,-80,-27,1,0,1,15489,1
3122,-56,9,1,0,1,14985,1
3123,-63,52,1,0,1,11709,1
3124,-125,94,0,0,1,11709,0
3125,-82,-73,0,0,0,11709,0
3126,9,-115,0,0,0,11709,0
3127,17,8,1,0,0,11709,0
3128,-91,30,0,1,0,0,0
3129,-29,72,1,0,0,0,0
3130,-56,-80,0,0,0,0,0
3131,44,-100,0,0,1,0,0
3132,-88,-83,1,0,1,7304,1
3133,103,-17,1,1,0,0,0
3134,-35,112,1,0,0,0,0
3135,-65,-126,0,0,0,0,0
3136,-47,-29,1,0,0,0,0
3137,-38,-83,0,0,0,0,0
3138,-5,-57,0,0,0,0,0
3139,-45,-56,0,0,0,0,0
3140,110,-111,1,0,1,-12210,1
3141,0,127,0,0,0,-12210,0
3142,98,78,0,0,0,-12210,0
3143,48,-32,1,0,1,-13746,1
3144,-41,65,1,0,0,-13746,0
3145,84,-75,0,0,0,-13746,0
3146,80,53,0,0,1,-13746,0
3147,-57,-72,1,0,0,-13746,0
3148,101,68,0,1,1,0,0
3149,-13,88,1,0,0,0,0
3150,5,-113,0,0,0,0,0
3151,91,-67,1,0,0,0,0
3152,96,81,0,0,0,0,0
3153,41,-21,1,0,0,0,0
3154,72,-113,0,0,0,0,0
3155,59,105,0,0,1,0,0
3156,91,-94,1,0,0,0,0
3157,31,-41,1,0,1,-1271,1
3158,68,-114,0,0,1,-1271,0
3159,-51,-79,1,0,0,-1271,0
3160,-48,29,0,0,1,-1271,0
3161,-108,-21,0,0,0,-1271,0
3162,-93,-7,1,0,1,-620,1
3163,-8,0,0,0,0,-620,0
3164,-33,122,0,0,0,-620,0
3165,127,-11,0,0,1,-620,0
3166,84,8,0,0,1,-620,0
3167,-110,-70,1,0,1,7080,1
3168,67,-65,0,0,0,7080,0
3169,-18,18,0,0,1,7080,0
3170,-66,-103,1,0,1,13878,1
3171,82,14,0,0,0,13878,0
3172,-127,110,0,0,1,13878,0
3173,114,-9,0,0,0,13878,0
3174,-4,-97,1,0,0,13878,0
3175,-101,-2,1,0,1,14080,1
3176,58,21,0,0,1,14080,0
3177,-86,42,1,0,0,14080,0
3178,19,-111,0,0,0,14080,0
3179,81,98,0,0,1,14080,0
3180,-69,-19,1,0,1,15391,1
3181,72,19,1,0,1,16759,1
3182,69,-26,0,0,1,16759,0
3183,-104,-23,1,0,1,19151,1
3184,110,-68,0,0,1,19151,0
3185,56,-99,0,0,0,19151,0
3186,105,39,1,0,0,19151,0
3187,-123,109,1,0,1,5744,1
3188,115,-78,0,0,0,5744,0
3189,83,85,0,0,1,5744,0
3190,-46,4,0,0,1,5744,0
3191,-9,-25,0,0,1,5744,0
3192,-20,110,1,0,1,3544,1
3193,-29,-47,1,0,0,3544,0
3194,-126,49,1,0,1,-2630,1
3195,57,15,0,0,1,-2630,0
3196,-36,-88,1,1,0,0,0
3197,31,90,1,0,0,0,0
3198,63,95,0,0,1,0,0
3199,-81,1,1,0,1,-81,1
3200,93,-21,0,0,0,-81,0
3201,116,-23,0,1,1,0,0
3202,-73,23,1,0,0,0,0
3203,52,0,1,0,1,0,1
3204,95,-29,1,0,0,0,0
3205,110,-24,0,0,1,0,0
3206,62,-17,1,0,1,-1054,1
3207,81,-5,0,0,1,-1054,0
3208,51,76,1,0,0,-1054,0
3209,76,-75,1,0,0,-1054,0
3210,-108,27,0,1,1,0,0
3211,66,-14,1,0,1,-924,1
3212,40,92,0,0,0,-924,0
3213,38,5,0,0,1,-924,0
3214,27,-32,0,0,1,-924,0
3215,4,-29,0,0,1,-924,0
3216,-10,100,1,0,0,-924,0
3217,-128,6,0,0,1,-924,0
3218,93,96,1,0,1,8004,1
3219,39,-53,0,0,0,8004,0
3220,-47,90,1,0,1,3774,1
3221,78,-31,0,0,0,3774,0
3222,-120,107,0,0,1,3774,0
3223,84,-122,1,0,0,3774,0
3224,127,60,1,0,0,3774,0
3225,-41,-25,1,0,1,4799,1
3226,-62,35,1,0,1,2629,1
3227,-36,-127,1,0,1,7201,1
3228,115,-13,0,0,1,7201,0
3229,-15,-103,0,0,0,7201,0
3230,73,-119,0,0,1,7201,0
3231,26,59,1,0,1,8735,1
3232,19,-76,0,0,1,8735,0
3233,99,-39,0,0,1,8735,0
3234,-63,-109,0,0,1,8735,0
3235,29,119,0,0,1,8735,0
3236,-119,9,0,0,1,8735,0
3237,-15,-74,1,0,0,8735,0
3238,14,33,1,0,0,8735,0
3239,-118,-55,1,0,0,8735,0
3240,36,8,1,0,1,9023,1
3241,-65,19,0,0,1,9023,0
3242,-98,-66,0,0,1,9023,0
3243,-126,-57,1,0,0,9023,0
3244,-30,119,1,0,1,5453,1
3245,91,88,1,0,0,5453,0
3246,-47,-16,1,0,0,5453,0
3247,-56,77,1,0,0,5453,0
3248,-18,91,1,0,0,5453,0
3249,-10,14,0,0,1,5453,0
3250,119,-49,0,0,0,5453,0
3251,-36,10,1,0,0,5453,0
3252,21,-53,1,0,0,5453,0
3253,-107,94,0,0,0,5453,0
3254,9,39,0,0,1,5453,0
3255,-125,-94,0,0,1,5453,0
3256,-47,103,0,0,0,5453,0
3257,-15,49,0,0,1,5453,0
3258,-2,-25,0,0,1,5453,0
3259,-28,108,0,0,0,5453,0
3260,-29,80,0,0,0,5453,0
3261,-113,-119,0,0,0,5453,0
3262,-21,-5,0,0,0,5453,0
3263,64,84,1,0,1,10829,1
3264,124,91,0,0,0,10829,0
3265,52,-69,0,0,1,10829,0
3266,-33,-32,1,0,1,11885,1
3267,-11,2,0,0,0,11885,0
3268,-80,65,1,0,1,6685,1
3269,6,127,0,0,1,6685,0
3270,120,65,1,0,1,14485,1
3271,-100,38,0,0,1,14485,0
3272,67,-117,1,0,0,14485,0
3273,65,-111,0,0,1,14485,0
3274,86,-65,0,0,0,14485,0
3275,81,-22,0,0,1,14485,0
3276,40,110,1,0,1,18885,1
3277,46,52,1,0,1,21277,1
3278,-44,-78,1,0,1,24709,1
3279,65,109,1,0,1,31794,1
3280,23,-119,0,0,0,31794,0
3281,75,-12,0,0,0,31794,0
3282,74,-26,0,0,1,31794,0
3283,103,-74,1,0,0,31794,0
3284,-6,-79,1,0,0,31794,0
3285,-33,108,1,0,0,31794,0
3286,89,60,0,0,1,31794,0
3287,-83,23,0,0,1,31794,0
3288,-23,46,0,0,0,31794,0
3289,-27,-42,0,0,0,31794,0
3290,89,-61,0,0,0,31794,0
3291,122,75,1,0,1,40944,1
3292,-107,-32,1,0,0,40944,0
3293,40,117,0,0,1,40944,0
3294,-13,21,1,0,0,40944,0
3295,-102,-52,1,0,1,46248,1
3296,-3,3,0,0,0,46248,0
3297,-25,-60,1,0,1,47748,1
3298,-28,-114,0,0,1,47748,0
3299,0,108,0,0,0,47748,0
3300,92,87,0,0,0,47748,0
3301,93,125,1,0,1,59373,1
3302,70,-3,1,0,0,59373,0
3303,70,-46,0,0,1,59373,0
3304,107,-72,1,0,0,59373,0
3305,71,-113,1,0,1,51350,1
3306,53,32,0,0,0,51350,0
3307,-53,97,1,0,1,46209,1
3308,-127,-120,1,0,0,46209,0
3309,-119,105,1,0,0,46209,0
3310,83,62,1,0,0,46209,0
3311,-97,113,0,0,1,46209,0
3312,-29,-118,1,0,1,49631,1
3313,-3,89,0,0,1,49631,0
3314,-4,-93,0,0,1,49631,0
3315,112,121,0,0,1,49631,0
3316,-94,106,0,0,1,49631,0
3317,96,84,1,0,0,49631,0
3318,84,79,1,0,0,49631,0
3319,0,-121,0,0,1,49631,0
3320,-64,-49,0,0,1,49631,0
3321,89,-46,0,0,1,49631,0
3322,102,102,0,0,1,49631,0
3323,-7,70,1,0,1,49141,1
3324,127,-20,1,0,1,46601,1
3325,5,118,0,0,1,46601,0
3326,20,54,1,0,0,46601,0
3327,-25,-48,1,0,1,47801,1
3328,-65,-77,0,0,0,47801,0
3329,109,4,1,0,1,48237,1
3330,-108,-44,0,0,1,48237,0
3331,-69,-70,1,0,1,53067,1
3332,-30,31,1,0,1,52137,1
3333,114,-52,0,0,1,52137,0
3334,-113,102,0,0,0,52137,0
3335,83,-118,0,1,1,0,0
3336,19,-104,1,0,0,0,0
3337,43,-32,0,0,1,0,0
3338,107,-9,0,0,1,0,0
3339,68,120,0,0,0,0,0
3340,121,28,1,0,1,3388,1
3341,-63,-37,0,0,1,3388,0
3342,-82,-27,1,0,1,5602,1
3343,24,-94,1,0,0,5602,0
3344,-120,-95,0,1,1,0,0
3345,-24,83,1,0,1,-1992,1
3346,84,126,0,0,1,-1992,0
3347,77,107,0,0,0,-1992,0
3348,-86,-44,1,0,1,1792,1
3349,-7,71,1,0,0,1792,0
3350,45,116,0,0,1,1792,0
3351,114,-28,1,0,1,-1400,1
3352,53,-4,0,0,1,-1400,0
3353,-48,-79,0,0,0,-1400,0
3354,-35,-52,1,0,1,420,1
3355,-9,10,0,0,0,420,0
3356,-41,40,0,0,0,420,0
3357,105,72,1,0,0,420,0
3358,90,-45,0,0,0,420,0
3359,-112,62,0,0,0,420,0
3360,4,42,1,0,0,420,0
3361,-42,-74,0,0,1,420,0
3362,75,-117,0,0,0,420,0
3363,-28,11,0,1,0,0,0
3364,-83,40,0,0,1,0,0
3365,-35,44,0,0,1,0,0
3366,-62,-68,0,0,1,0,0
3367,67,-41,1,0,1,-2747,1
3368,47,-87,1,0,0,-2747,0
3369,-118,-71,0,0,1,-2747,0
3370,24,30,1,0,1,-2027,1
3371,42,-104,0,0,0,-2027,0
3372,-109,112,1,0,0,-2027,0
3373,23,-100,1,0,1,-4327,1
3374,20,7,1,0,1,-4187,1
3375,-2,-78,1,0,1,-4031,1
3376,-70,87,0,0,0,-4031,0
3377,-115,102,0,0,0,-4031,0
3378,66,-46,0,0,0,-4031,0
3379,-87,-64,1,0,0,-4031,0
3380,-61,-46,0,0,1,-4031,0
3381,-9,-81,1,0,1,-3302,1
3382,110,88,1,0,0,-3302,0
3383,-88,31,0,0,1,-3302,0
3384,104,-122,0,0,0,-3302,0
3385,-110,9,1,1,0,0,0
3386,-53,53,1,0,0,0,0
3387,122,75,1,0,1,9150,1
3388,-98,-11,1,0,1,10228,1
3389,-49,-64,1,0,1,13364,1
3390,30,41,1,0,1,14594,1
3391,8,-100,1,0,0,14594,0
3392,-56,-69,1,0,0,14594,0
3393,25,108,0,0,0,14594,0
3394,125,104,1,0,1,27594,1
3395,-119,-127,1,0,1,42707,1
3396,91,-51,1,0,0,42707,0
3397,65,11,1,0,1,43422,1
3398,-82,29,0,0,1,43422,0
3399,-93,-45,0,0,1,43422,0
3400,-97,-13,0,0,0,43422,0
3401,-60,-16,1,1,1,0,0
3402,123,-37,1,0,0,0,0
3403,-92,93,0,0,1,0,0
3404,-106,12,0,0,1,0,0
3405,115,85,1,0,1,9775,1
3406,12,-126,0,0,0,9775,0
3407,-119,-72,0,0,1,9775,0
3408,81,-38,1,0,1,6697,1
3409,121,-10,1,1,0,0,0
3410,-87,-59,0,0,1,0,0
3411,-39,122,0,0,1,0,0
3412,64,-86,1,0,0,0,0
3413,25,-31,1,0,1,-775,1
3414,5,12,0,0,1,-775,0
3415,-83,-82,1,0,1,6031,1
3416,38,50,0,0,0,6031,0
3417,81,-11,0,0,1,6031,0
3418,-66,110,0,0,1,6031,0
3419,89,16,1,0,0,6031,0
3420,72,59,0,0,0,6031,0
3421,119,39,1,0,0,6031,0
3422,35,-30,1,0,1,4981,1
3423,64,-116,0,0,1,4981,0
3424,56,-103,1,0,1,-787,1
3425,20,-88,0,0,0,-787,0
3426,8,29,0,0,1,-787,0
3427,-56,-83,0,0,0,-787,0
3428,4,-45,1,0,0,-787,0
3429,104,-89,1,0,0,-787,0
3430,83,24,1,0,0,-787,0
3431,-5,-105,1,0,1,-262,1
3432,-68,-122,1,0,0,-262,0
3433,79,58,1,0,1,4320,1
3434,-60,-25,1,0,1,5820,1
3435,101,11,0,0,1,5820,0
3436,-103,-101,1,0,0,5820,0
3437,101,89,0,0,0,5820,0
3438,14,-122,0,0,0,5820,0
3439,74,115,0,0,0,5820,0
3440,-108,-92,1,0,0,5820,0
3441,-100,57,0,0,1,5820,0
3442,-109,28,1,0,1,2768,1
3443,57,85,0,0,1,2768,0
3444,-108,91,0,0,1,2768,0
3445,119,127,1,0,0,2768,0
3446,103,105,0,0,1,2768,0
3447,-115,5,1,0,1,2193,1
3448,-123,-128,0,0,1,2193,0
3449,3,-18,1,0,0,2193,0
3450,27,-24,1,0,1,1545,1
3451,-64,77,0,0,0,1545,0
3452,75,-122,1,0,1,-7605,1
3453,116,106,1,0,1,4691,1
3454,105,-18,0,1,1,0,0
3455,45,98,1,0,1,4410,1
3456,-123,-94,0,0,0,4410,0
3457,-18,-14,1,0,0,4410,0
3458,-110,20,1,0,1,2210,1
3459,31,-104,1,0,0,2210,0
3460,25,82,0,0,0,2210,0
3461,-72,-124,1,0,0,2210,0
3462,88,94,0,0,1,2210,0
3463,-1,116,0,0,0,2210,0
3464,-66,11,0,0,1,2210,0
3465,-15,86,1,0,0,2210,0
3466,68,9,1,0,1,2822,1
3467,-79,4,0,0,0,2822,0
3468,113,-49,1,0,1,-2715,1
3469,-28,11,0,0,1,-2715,0
3470,-115,-43,1,0,0,-2715,0
3471,94,-55,0,0,0,-2715,0
3472,-72,-48,0,0,0,-2715,0
3473,-101,73,1,0,0,-2715,0
3474,-50,18,0,0,0,-2715,0
3475,-71,113,1,0,1,-10738,1
3476,36,-95,0,0,0,-10738,0
3477,95,-17,0,0,0,-10738,0
3478,-50,36,1,0,0,-10738,0
3479,-68,28,0,0,1,-10738,0
3480,-121,29,0,0,0,-10738,0
3481,-66,-21,1,0,1,-9352,1
3482,18,73,0,0,1,-9352,0
3483,-27,120,0,0,1,-9352,0
3484,123,-118,0,0,0,-9352,0
3485,-28,-112,0,0,1,-9352,0
3486,-69,60,1,0,1,-13492,1
3487,33,98,1,0,1,-10258,1
3488,-105,-5,0,0,1,-10258,0
3489,-114,-52,1,0,0,-10258,0
3490,17,-69,0,0,0,-10258,0
3491,115,92,0,0,0,-10258,0
3492,-41,-103,1,0,0,-10258,0
3493,69,-79,0,0,1,-10258,0
3494,13,102,1,0,0,-10258,0
3495,-127,17,1,0,0,-10258,0
3496,-42,-98,0,0,0,-10258,0
3497,-84,97,1,0,1,-18406,1
3498,-48,75,0,1,1,0,0
3499,-60,90,1,0,1,-5400,1
3500,95,46,0,0,0,-5400,0
3501,-13,71,0,0,0,-5400,0
3502,-74,-113,0,0,0,-5400,0
3503,26,99,1,1,0,0,0
3504,-39,73,0,0,0,0,0
3505,-17,96,0,0,0,0,0
3506,-36,17,1,0,0,0,0
3507,-17,-14,0,0,1,0,0
3508,63,58,0,0,1,0,0
3509,100,106,0,0,1,0,0
3510,-95,-48,1,0,1,4560,1
3511,-71,-57,0,0,0,4560,0
3512,82,-100,0,0,1,4560,0
3513,107,-33,0,1,1,0,0
3514,34,-30,1,0,1,-1020,1
3515,110,9,1,0,1,-30,1
3516,91,23,1,0,0,-30,0
3517,109,-40,0,0,1,-30,0
3518,118,-26,0,0,0,-30,0
3519,-88,59,1,0,0,-30,0
3520,62,119,0,0,0,-30,0
3521,46,-22,1,0,0,-30,0
3522,-103,35,0,0,1,-30,0
3523,-49,17,0,0,1,-30,0
3524,-74,-74,1,0,0,-30,0
3525,-5,119,1,0,0,-30,0
3526,47,107,1,0,0,-30,0
3527,-78,-120,0,0,1,-30,0
3528,87,-27,0,0,1,-30,0
3529,-122,3,1,0,0,-30,0
3530,54,-96,0,0,1,-30,0
3531,-10,-13,1,0,1,100,1
3532,31,100,0,0,1,100,0
3533,28,-66,0,0,0,100,0
3534,43,-99,1,0,0,100,0
3535,-74,-76,0,0,1,100,0
3536,-56,52,1,0,0,100,0
3537,-96,-123,1,0,1,11908,1
3538,-22,4,0,0,1,11908,0
3539,33,-34,0,0,0,11908,0
3540,-121,113,0,0,1,11908,0
3541,-9,78,1,0,0,11908,0
3542,84,-70,1,0,1,6028,1
3543,-7,-60,0,0,1,6028,0
3544,113,-44,1,0,1,1056,1
3545,53,14,0,0,1,1056,0
3546,-66,4,1,0,1,792,1
3547,-83,-34,0,0,1,792,0
3548,-69,-5,1,0,0,792,0
3549,-19,14,0,0,0,792,0
3550,-65,-28,1,0,0,792,0
3551,22,-106,0,0,0,792,0
3552,45,88,1,0,1,4752,1
3553,106,85,0,0,0,4752,0
3554,35,-102,0,0,1,4752,0
3555,-24,-34,0,0,1,4752,0
3556,12,115,0,0,1,4752,0
3557,99,-38,0,0,1,4752,0
3558,-19,119,0,0,1,4752,0
3559,-119,-14,0,0,1,4752,0
3560,101,73,1,0,1,12125,1
3561,-35,27,0,0,1,12125,0
3562,-115,-27,0,0,0,12125,0
3563,14,73,1,0,1,13147,1
3564,-109,-64,1,0,0,13147,0
3565,-2,60,0,0,0,13147,0
3566,-124,-3,1,0,0,13147,0
3567,-48,-77,1,0,0,13147,0
3568,-53,-119,1,0,0,13147,0
3569,87,108,1,0,1,22543,1
3570,90,95,1,0,0,22543,0
3571,47,-94,0,0,0,22543,0
3572,-92,58,1,0,1,17207,1
3573,-75,-51,0,0,0,17207,0
3574,52,-94,0,0,0,17207,0
3575,-38,50,1,0,1,15307,1
3576,92,98,1,0,1,24323,1
3577,-29,-83,0,0,0,24323,0
3578,-47,-100,1,0,0,24323,0
3579,-86,35,0,0,0,24323,0
3580,-19,-120,1,0,1,26603,1
3581,89,26,1,0,0,26603,0
3582,91,93,0,0,0,26603,0
3583,95,67,1,0,1,32968,1
3584,-112,115,0,0,1,32968,0
3585,-124,30,1,0,0,32968,0
3586,50,-13,0,0,0,32968,0
3587,56,-85,0,0,1,32968,0
3588,-85,-67,1,0,1,38663,1
3589,98,53,0,0,0,38663,0
3590,-126,-1,0,0,0,38663,0
3591,-98,-7,1,0,1,39349,1
3592,-128,47,0,0,1,39349,0
3593,44,8,0,0,0,39349,0
3594,124,94,1,0,1,51005,1
3595,-7,79,0,0,1,51005,0
3596,-45,96,1,0,0,51005,0
3597,-110,56,0,0,1,51005,0
3598,-40,32,0,0,0,51005,0
3599,24,36,1,0,1,51869,1
3600,110,-1,0,0,0,51869,0
3601,120,-56,0,0,1,51869,0
3602,-76,-34,0,0,0,51869,0
3603,35,62,1,0,1,54039,1
3604,67,-63,1,0,0,54039,0
3605,-66,-66,1,0,1,58395,1
3606,12,-51,1,0,0,58395,0
3607,-37,-101,1,0,0,58395,0
3608,93,30,0,0,1,58395,0
3609,-98,-1,1,0,1,58493,1
3610,14,-96,0,0,1,58493,0
3611,81,31,0,0,0,58493,0
3612,78,122,0,0,0,58493,0
3613,-83,-79,1,0,0,58493,0
3614,-118,121,1,0,0,58493,0
3615,0,20,1,0,0,58493,0
3616,-73,46,0,0,1,58493,0
3617,-60,-11,0,0,1,58493,0
3618,-95,-52,1,0,1,63433,1
3619,40,116,0,0,0,63433,0
3620,85,-28,0,0,0,63433,0
3621,-83,-79,0,0,1,63433,0
3622,111,22,1,0,1,65875,1
3623,49,-112,0,0,1,65875,0
3624,-55,-93,0,0,1,65875,0
3625,19,91,1,0,1,67604,1
3626,73,117,0,0,1,67604,0
3627,119,-49,1,0,0,67604,0
3628,13,54,0,0,1,67604,0
3629,-15,120,1,0,1,65804,1
3630,55,-119,1,0,1,59259,1
3631,-47,93,0,0,1,59259,0
3632,85,-77,1,0,1,52714,1
3633,-69,15,1,1,0,0,0
3634,-28,-31,0,0,0,0,0
3635,-67,-103,0,0,0,0,0
3636,122,-56,1,0,0,0,0
3637,-90,-56,1,0,1,5040,1
3638,-38,-43,0,0,1,5040,0
3639,-44,-56,0,0,0,5040,0
3640,-78,-71,0,0,1,5040,0
3641,20,83,0,0,1,5040,0
3642,-17,51,0,0,0,5040,0
3643,121,14,1,0,0,5040,0
3644,-71,76,1,0,0,5040,0
3645,-87,93,0,0,1,5040,0
3646,107,1,0,0,1,5040,0
3647,104,-26,0,1,1,0,0
3648,-21,-87,0,0,1,0,0
3649,-52,-120,0,0,1,0,0
3650,26,126,0,0,1,0,0
3651,-82,-83,1,0,1,6806,1
3652,117,-68,1,1,0,0,0
3653,-96,-119,0,0,0,0,0
3654,-23,-29,1,0,1,667,1
3655,-7,125,1,0,0,667,0
3656,123,85,0,0,1,667,0
3657,64,-37,0,1,0,0,0
3658,69,-18,1,0,1,-1242,1
3659,-66,-35,0,0,0,-1242,0
3660,74,-15,1,0,0,-1242,0
3661,-1,-23,1,0,1,-1219,1
3662,-94,126,0,0,0,-1219,0
3663,-56,-98,0,0,1,-1219,0
3664,46,-97,1,0,1,-5681,1
3665,113,59,1,0,0,-5681,0
3666,58,-119,1,0,1,-12583,1
3667,96,1,1,0,1,-12487,1
3668,-87,-99,1,0,1,-3874,1
3669,64,-24,1,0,0,-3874,0
3670,-126,-59,0,0,1,-3874,0
3671,121,-118,0,0,0,-3874,0
3672,-32,119,0,0,0,-3874,0
3673,-52,119,1,0,0,-3874,0
3674,-121,70,1,0,1,-12344,1
3675,-19,83,1,0,0,-12344,0
3676,117,58,1,0,0,-12344,0
3677,4,39,0,0,1,-12344,0
3678,14,-17,1,0,0,-12344,0
3679,-117,-68,0,0,0,-12344,0
3680,78,-20,0,0,0,-12344,0
3681,-20,117,1,0,1,-14684,1
3682,102,-63,1,0,1,-21110,1
3683,105,-105,0,0,0,-21110,0
3684,55,118,1,0,1,-14620,1
3685,-100,-112,0,0,0,-14620,0
3686,-55,57,0,0,1,-14620,0
3687,-21,72,1,0,0,-14620,0
3688,101,16,0,0,0,-14620,0
3689,41,8,0,0,0,-14620,0
3690,-107,20,0,0,1,-14620,0
3691,41,45,0,0,1,-14620,0
3692,-97,-1,1,0,0,-14620,0
3693,-6,14,0,0,1,-14620,0
3694,107,24,1,0,0,-14620,0
3695,-41,-100,0,0,0,-14620,0
3696,41,112,1,0,0,-14620,0
3697,-105,116,0,0,0,-14620,0
3698,-68,-47,0,0,0,-14620,0
3699,14,-81,0,0,0,-14620,0
3700,-103,34,1,0,1,-18122,1
3701,26,39,0,0,1,-18122,0
3702,-15,-10,0,0,0,-18122,0
3703,-16,-71,1,0,1,-16986,1
3704,-29,-34,0,0,1,-16986,0
3705,-18,-109,1,0,0,-16986,0
3706,-42,-81,1,0,1,-13584,1
3707,4,8,0,0,1,-13584,0
3708,41,-97,1,0,0,-13584,0
3709,96,-53,1,0,0,-13584,0
3710,114,-55,1,0,1,-19854,1
3711,-38,43,0,0,1,-19854,0
3712,37,-45,1,0,0,-19854,0
3713,119,72,0,1,0,0,0
3714,-77,107,1,0,0,0,0
3715,-5,-43,1,0,1,215,1
3716,93,108,1,0,1,10259,1
3717,-73,39,0,0,1,10259,0
3718,-46,35,1,0,0,10259,0
3719,-80,47,1,0,1,6499,1
3720,97,103,1,0,0,6499,0
3721,47,-120,0,0,0,6499,0
3722,-124,18,1,0,0,6499,0
3723,69,104,1,0,0,6499,0
3724,101,-114,0,0,1,6499,0
3725,125,14,0,0,0,6499,0
3726,112,-56,0,0,0,6499,0
3727,-56,-76,1,0,0,6499,0
3728,-38,71,1,0,1,3801,1
3729,-34,34,0,0,1,3801,0
3730,-60,63,1,0,0,3801,0
3731,109,81,0,0,1,3801,0
3732,20,34,0,0,1,3801,0
3733,99,-27,1,0,1,1128,1
3734,-66,-64,1,0,0,1128,0
3735,97,-97,0,0,1,1128,0
3736,71,117,1,0,0,1128,0
3737,119,-90,0,0,1,1128,0
3738,13,80,1,0,1,2168,1
3739,-33,-24,1,0,0,2168,0
3740,95,58,0,0,0,2168,0
3741,-71,-86,1,0,1,8274,1
3742,8,-3,0,0,0,8274,0
3743,-88,58,1,0,0,8274,0
3744,107,-71,1,0,1,677,1
3745,-46,-107,0,0,0,677,0
3746,118,97,0,0,0,677,0
3747,126,-50,0,0,0,677,0
3748,82,-48,0,0,1,677,0
3749,24,-66,0,1,0,0,0
3750,123,88,1,0,1,10824,1
3751,-50,40,1,0,1,8824,1
3752,-105,-33,1,0,0,8824,0
3753,-44,-42,1,0,0,8824,0
3754,48,51,1,0,1,11272,1
3755,59,-70,0,0,1,11272,0
3756,-15,15,1,0,0,11272,0
3757,102,-30,1,0,0,11272,0
3758,74,-108,1,0,0,11272,0
3759,70,38,0,0,0,11272,0
3760,-18,-14,1,0,1,11524,1
3761,125,34,0,0,1,11524,0
3762,120,60,1,0,1,18724,1
3763,86,-43,1,0,1,15026,1
3764,13,118,1,0,1,16560,1
3765,-33,52,0,0,1,16560,0
3766,115,35,0,0,0,16560,0
3767,-87,-14,0,0,0,16560,0
3768,117,114,0,0,0,16560,0
3769,-121,-30,1,0,0,16560,0
3770,36,-22,1,0,0,16560,0
3771,-101,78,1,0,1,8682,1
3772,57,-107,1,0,0,8682,0
3773,-112,-30,1,0,0,8682,0
3774,-35,98,1,0,0,8682,0
3775,104,-69,0,0,1,8682,0
3776,-24,62,1,0,1,7194,1
3777,12,-40,1,0,0,7194,0
3778,54,88,0,0,0,7194,0
3779,116,127,0,0,1,7194,0
3780,-34,-76,0,0,1,7194,0
3781,-43,15,1,0,0,7194,0
3782,-91,-82,1,0,0,7194,0
3783,-88,99,1,0,0,7194,0
3784,-123,60,1,0,0,7194,0
3785,-49,-88,1,0,0,7194,0
3786,-64,-41,1,0,0,7194,0
3787,63,111,1,0,1,14187,1
3788,-42,118,0,0,0,14187,0
3789,39,-52,0,0,1,14187,0
3790,-75,36,1,0,0,14187,0
3791,34,-41,1,0,1,12793,1
3792,-24,-120,1,0,1,15673,1
3793,-118,-69,0,0,0,15673,0
3794,-16,-19,0,0,1,15673,0
3795,-25,-104,0,0,0,15673,0
3796,-34,-109,1,0,1,19379,1
3797,118,119,1,0,1,33421,1
3798,107,5,0,0,1,33421,0
3799,103,-125,0,0,0,33421,0
3800,-32,18,1,0,0,33421,0
3801,44,108,1,0,0,33421,0
3802,100,82,1,0,1,41621,1
3803,-42,-40,0,0,0,41621,0
3804,122,-48,0,0,0,41621,0
3805,60,86,1,0,0,41621,0
3806,-128,-99,0,0,0,41621,0
3807,-45,9,1,0,0,41621,0
3808,-124,17,1,0,0,41621,0
3809,-3,58,1,0,0,41621,0
3810,125,-26,1,0,1,38371,1
3811,-111,-28,1,1,0,0,0
3812,-101,120,1,0,1,-12120,1
3813,-62,24,0,0,0,-12120,0
3814,-100,67,1,0,1,-18820,1
3815,-85,50,0,0,0,-18820,0
3816,-88,-16,0,0,1,-18820,0
3817,-126,53,0,1,1,0,0
3818,75,7,0,0,1,0,0
3819,-6,-125,0,0,0,0,0
3820,125,72,0,0,1,0,0
3821,-29,-128,1,0,1,3712,1
3822,-2,-65,0,0,1,3712,0
3823,13,-2,0,0,0,3712,0
3824,53,126,0,0,0,3712,0
3825,-42,-21,0,0,1,3712,0
3826,-92,-38,0,0,1,3712,0
3827,-68,56,1,0,0,3712,0
3828,20,97,1,0,0,3712,0
3829,10,-31,0,0,1,3712,0
3830,115,49,1,0,0,3712,0
3831,47,-81,1,0,0,3712,0
3832,83,-102,1,0,0,3712,0
3833,-53,-34,0,0,1,3712,0
3834,39,-48,0,0,1,3712,0
3835,-85,-58,1,0,0,3712,0
3836,-114,45,1,0,1,-1418,1
3837,6,94,1,0,1,-854,1
3838,-92,-5,0,0,1,-854,0
3839,81,-35,1,0,1,-3689,1
3840,74,-60,1,0,0,-3689,0
3841,-104,82,0,0,1,-3689,0
3842,101,-117,1,0,1,-15506,1
3843,-116,-17,1,0,1,-13534,1
3844,-52,-49,1,0,1,-10986,1
3845,-51,63,0,0,1,-10986,0
3846,57,-40,0,0,1,-10986,0
3847,21,28,1,0,0,-10986,0
3848,-73,46,0,0,1,-10986,0
3849,71,-20,1,0,0,-10986,0
3850,19,-3,0,0,0,-10986,0
3851,95,80,1,0,1,-3386,1
3852,-21,71,0,0,1,-3386,0
3853,121,49,1,0,0,-3386,0
3854,-123,100,0,0,1,-3386,0
3855,-24,-18,1,0,1,-2954,1
3856,-57,-122,1,0,0,-2954,0
3857,-61,-39,1,0,1,-575,1
3858,79,-53,1,0,0,-575,0
3859,45,21,0,0,1,-575,0
3860,0,121,0,0,0,-575,0
3861,73,50,1,0,1,3075,1
3862,66,-25,1,0,1,1425,1
3863,121,111,0,0,1,1425,0
3864,-32,-111,1,0,1,4977,1
3865,-107,-105,0,0,1,4977,0
3866,101,-98,0,0,1,4977,0
3867,68,123,1,0,0,4977,0
3868,11,-89,0,0,1,4977,0
3869,-57,76,0,0,0,4977,0
3870,-91,56,1,0,0,4977,0
3871,-97,-123,1,0,1,16908,1
3872,-123,-8,0,0,1,16908,0
3873,-56,95,0,0,1,16908,0
3874,101,111,0,0,0,16908,0
3875,-18,-61,1,1,0,0,0
3876,-24,-76,1,0,0,0,0
3877,68,-25,0,0,0,0,0
3878,77,-76,1,0,1,-5852,1
3879,2,-128,0,0,0,-5852,0
3880,-26,45,1,0,1,-7022,1
3881,48,-4,0,0,1,-7022,0
3882,-4,-89,1,0,1,-6666,1
3883,-96,-99,0,0,0,-6666,0
3884,-103,-94,0,0,0,-6666,0
3885,-126,-105,0,0,0,-6666,0
3886,63,-59,0,0,0,-6666,0
3887,102,-108,1,0,1,-17682,1
3888,75,-52,1,0,0,-17682,0
3889,20,-115,0,0,0,-17682,0
3890,81,59,0,0,1,-17682,0
3891,-23,-33,1,0,1,-16923,1
3892,84,-29,1,0,0,-16923,0
3893,95,-39,1,0,1,-20628,1
3894,-61,-55,1,0,0,-20628,0
3895,-22,-67,1,0,1,-19154,1
3896,83,1,0,0,0,-19154,0
3897,33,-80,1,0,0,-19154,0
3898,-17,121,0,0,0,-19154,0
3899,59,88,0,0,0,-19154,0
3900,-111,-118,0,0,1,-19154,0
3901,20,-122,0,0,0,-19154,0
3902,-52,-79,1,0,1,-15046,1
3903,-20,-62,0,0,1,-15046,0
3904,-125,-117,0,0,1,-15046,0
3905,-91,51,0,0,1,-15046,0
3906,-22,55,0,0,0,-15046,0
3907,103,104,1,0,0,-15046,0
3908,-126,14,1,0,1,-16810,1
3909,121,42,0,0,1,-16810,0
3910,-32,102,1,0,1,-20074,1
3911,-104,-73,1,0,1,-12482,1
3912,40,-81,0,0,0,-12482,0
3913,-64,-125,1,0,1,-4482,1
3914,11,-105,0,0,1,-4482,0
3915,65,4,1,0,1,-4222,1
3916,-78,-128,1,0,1,5762,1
3917,16,-30,0,0,0,5762,0
3918,17,74,0,0,1,5762,0
3919,72,-30,1,0,0,5762,0
3920,39,-40,0,0,0,5762,0
3921,59,-56,0,0,0,5762,0
3922,-80,99,0,0,1,5762,0
3923,55,88,0,0,0,5762,0
3924,-12,55,0,0,1,5762,0
3925,-50,8,0,0,0,5762,0
3926,-46,99,1,0,0,5762,0
3927,10,-34,1,0,0,5762,0
3928,2,-120,0,0,1,5762,0
3929,-16,-5,0,0,0,5762,0
3930,93,122,1,0,0,5762,0
3931,-58,-107,0,1,0,0,0
3932,30,51,0,0,0,0,0
3933,111,8,1,0,0,0,0
3934,19,51,1,0,1,969,1
3935,110,56,1,0,1,7129,1
3936,-89,-57,0,0,0,7129,0
3937,84,-115,1,0,1,-2531,1
3938,27,2,1,0,1,-2477,1
3939,-88,-9,1,0,1,-1685,1
3940,-101,-56,1,0,0,-1685,0
3941,-18,118,1,0,0,-1685,0
3942,19,-55,0,0,1,-1685,0
3943,-8,-124,0,0,0,-1685,0
3944,102,-41,1,0,0,-1685,0
3945,-69,45,0,0,1,-1685,0
3946,31,20,1,0,0,-1685,0
3947,-77,100,1,0,0,-1685,0
3948,-6,-80,0,0,1,-1685,0
3949,-60,8,0,0,1,-1685,0
3950,-18,50,1,0,1,-2585,1
3951,10,8,1,0,1,-2505,1
3952,96,22,0,0,1,-2505,0
3953,122,53,1,0,0,-2505,0
3954,-125,-75,0,0,0,-2505,0
3955,23,26,0,0,1,-2505,0
3956,-2,-117,0,0,0,-2505,0
3957,52,-53,0,0,1,-2505,0
3958,46,78,0,0,0,-2505,0
3959,-12,22,0,0,0,-2505,0
3960,38,-121,1,0,1,-7103,1
3961,29,-27,0,0,0,-7103,0
3962,7,-20,1,0,0,-7103,0
3963,-36,-66,0,0,0,-7103,0
3964,-103,67,1,0,1,-14004,1
3965,-32,-69,0,0,0,-14004,0
3966,-95,65,1,0,1,-20179,1
3967,-12,67,1,0,0,-20179,0
3968,-79,98,0,0,0,-20179,0
3969,58,-90,0,0,1,-20179,0
3970,97,8,1,0,1,-19403,1
3971,-17,102,0,0,1,-19403,0
3972,105,4,0,0,1,-19403,0
3973,42,69,1,0,0,-19403,0
3974,51,-81,1,0,0,-19403,0
3975,-12,-75,0,0,0,-19403,0
3976,-70,13,1,0,1,-20313,1
3977,-111,28,1,0,0,-20313,0
3978,32,-89,0,0,0,-20313,0
3979,103,-124,1,0,0,-20313,0
3980,-127,-111,0,0,0,-20313,0
3981,-117,-79,0,0,1,-20313,0
3982,-5,60,1,0,0,-20313,0
3983,-34,-24,1,0,1,-19497,1
3984,-120,118,0,0,1,-19497,0
3985,-109,76,1,0,0,-19497,0
3986,-47,-93,0,0,0,-19497,0
3987,-110,23,1,0,0,-19497,0
3988,24,120,1,0,1,-16617,1
3989,-86,10,1,0,1,-17477,1
3990,-106,15,0,0,0,-17477,0
3991,-80,-94,0,0,1,-17477,0
3992,4,-91,1,0,1,-17841,1
3993,-55,-103,1,0,1,-12176,1
3994,60,27,1,0,0,-12176,0
3995,-28,10,1,0,1,-12456,1
3996,41,110,1,0,1,-7946,1
3997,37,-107,0,0,1,-7946,0
3998,125,82,0,0,0,-7946,0
3999,-92,85,0,0,0,-7946,0
4000,117,-117,0,0,0,-7946,0
4001,-123,70,1,0,0,-7946,0
4002,-118,33,1,0,0,-7946,0
4003,-47,-107,1,0,1,-2917,1
4004,-123,97,0,0,1,-2917,0
4005,88,113,1,0,1,7027,1
4006,40,110,1,0,0,7027,0
4007,82,-89,0,0,1,7027,0
4008,-53,52,0,0,1,7027,0
4009,-124,65,0,0,1,7027,0
4010,-43,-41,1,0,0,7027,0
4011,-99,89,1,0,1,-1784,1
4012,9,-54,1,0,1,-2270,1
4013,-76,-38,0,0,1,-2270,0
4014,-75,-77,1,0,1,3505,1
4015,-54,-119,1,0,1,9931,1
4016,53,-108,0,0,0,9931,0
4017,103,-49,1,0,0,9931,0
4018,-56,79,0,1,1,0,0
4019,-7,71,0,0,1,0,0
4020,48,-15,1,0,0,0,0
4021,56,-100,1,0,0,0,0
4022,-107,79,1,0,0,0,0
4023,60,-69,1,0,1,-4140,1
4024,110,62,0,0,0,-4140,0
4025,82,-8,1,0,0,-4140,0
4026,-17,89,0,0,0,-4140,0
4027,95,-31,1,0,0,-4140,0
4028,62,-73,1,0,0,-4140,0
4029,-75,0,0,0,0,-4140,0
4030,57,75,1,0,0,-4140,0
4031,-114,64,1,0,1,-11436,1
4032,-3,107,0,0,0,-11436,0
4033,-75,-54,0,0,0,-11436,0
4034,-24,-43,0,0,1,-11436,0
4035,-50,-30,0,0,1,-11436,0
4036,2,17,1,0,1,-11402,1
4037,-79,113,0,0,1,-11402,0
4038,19,-106,1,0,0,-11402,0
4039,74,92,1,1,1,0,0
4040,-58,-3,1,0,1,174,1
4041,-23,-71,1,0,0,174,0
4042,55,-85,0,1,0,0,0
4043,-36,68,0,0,1,0,0
4044,-85,-17,1,0,0,0,0
4045,43,35,0,0,1,0,0
4046,115,5,0,0,0,0,0
4047,-25,-5,0,0,1,0,0
4048,-82,105,1,0,1,-8610,1
4049,48,-99,0,0,1,-8610,0
4050,76,44,0,0,0,-8610,0
4051,-98,-114,1,0,1,2562,1
4052,32,-113,1,0,0,2562,0
4053,-39,25,0,0,0,2562,0
4054,88,-122,0,0,0,2562,0
4055,-47,64,1,0,0,2562,0
4056,42,116,1,0,0,2562,0
4057,93,78,1,0,1,9816,1
4058,-23,67,0,0,0,9816,0
4059,6,-16,0,0,0,9816,0
4060,63,-112,1,0,1,2760,1
4061,9,-77,0,0,0,2760,0
4062,-27,40,1,0,0,2760,0
4063,113,-104,0,0,1,2760,0
4064,-114,12,0,0,0,2760,0
4065,48,22,0,0,1,2760,0
4066,48,-94,0,0,1,2760,0
4067,127,3,0,0,0,2760,0
4068,-12,74,0,0,1,2760,0
4069,113,-105,1,0,1,-9105,1
4070,-118,70,0,0,1,-9105,0
4071,80,85,0,0,0,-9105,0
4072,-38,-26,0,0,0,-9105,0
4073,57,87,1,0,0,-9105,0
4074,-51,-60,0,0,0,-9105,0
4075,47,5,0,0,1,-9105,0
4076,-104,17,0,0,1,-9105,0
4077,-106,-107,0,0,1,-9105,0
4078,95,-43,0,0,1,-9105,0
4079,75,-104,1,0,1,-16905,1
4080,18,-52,0,0,0,-16905,0
4081,8,-93,1,0,1,-17649,1
4082,-60,62,1,0,1,-21369,1
4083,-35,-26,0,0,1,-21369,0
4084,-40,125,1,0,1,-26369,1
4085,-11,-67,1,0,1,-25632,1
4086,23,52,1,0,1,-24436,1
4087,74,127,0,0,0,-24436,0
4088,91,22,0,0,0,-24436,0
4089,87,92,0,0,1,-24436,0
4090,-116,51,0,0,1,-24436,0
4091,-127,88,0,0,0,-24436,0
4092,53,38,1,0,0,-24436,0
4093,-101,-107,0,0,1,-24436,0
4094,-76,-40,1,0,1,-21396,1
4095,115,-120,0,0,0,-21396,0
4096,-1,-61,0,0,0,-21396,0
4097,-62,88,1,0,0,-21396,0
4098,36,98,1,0,1,-17868,1
4099,-27,8,0,0,1,-17868,0
4100,-8,-106,0,0,0,-17868,0
4101,108,51,0,0,0,-17868,0
4102,-102,48,1,0,1,-22764,1
4103,-101,72,0,1,1,0,0
4104,23,-89,0,0,1,0,0
4105,-83,78,1,0,1,-6474,1
4106,-109,-97,0,0,1,-6474,0
4107,34,0,0,0,1,-6474,0
4108,-23,123,0,0,0,-6474,0
4109,25,93,1,0,0,-6474,0
4110,-68,-54,1,0,0,-6474,0
4111,41,116,0,0,1,-6474,0
4112,72,-32,1,0,1,-8778,1
4113,-23,59,1,0,1,-10135,1
4114,-127,-27,0,0,0,-10135,0
4115,36,-74,0,0,0,-10135,0
4116,102,-125,1,0,0,-10135,0
4117,4,87,1,0,1,-9787,1
4118,-20,81,0,0,0,-9787,0
4119,-55,-76,1,0,0,-9787,0
4120,-96,-40,0,0,0,-9787,0
4121,100,8,1,0,1,-8987,1
4122,-24,63,1,0,1,-10499,1
4123,-111,109,1,0,1,-22598,1
4124,-32,7,0,0,1,-22598,0
4125,101,58,0,0,1,-22598,0
4126,112,39,1,0,1,-18230,1
4127,-39,-28,1,0,1,-17138,1
4128,113,-59,1,1,1,0,0
4129,-42,-104,0,0,0,0,0
4130,-97,-81,1,1,0,0,0
4131,91,-45,1,0,0,0,0
4132,-114,-3,1,0,0,0,0
4133,32,-2,1,0,1,-64,1
4134,15,-78,0,0,1,-64,0
4135,1,103,0,0,0,-64,0
4136,47,115,1,0,0,-64,0
4137,-94,61,0,0,1,-64,0
4138,85,19,0,0,1,-64,0
4139,1,2,0,0,0,-64,0
4140,14,76,1,0,0,-64,0
4141,-65,76,0,0,0,-64,0
4142,-76,-126,0,0,1,-64,0
4143,-61,2,0,0,1,-64,0
4144,-80,127,1,0,0,-64,0
4145,-92,46,1,0,1,-4296,1
4146,15,19,0,0,1,-4296,0
4147,-92,71,1,0,0,-4296,0
4148,-25,117,1,0,1,-7221,1
4149,-111,74,1,0,1,-15435,1
4150,25,-25,0,0,0,-15435,0
4151,95,9,1,0,1,-14580,1
4152,19,37,1,1,1,0,0
4153,-107,7,1,0,1,-749,1
4154,37,-76,0,0,0,-749,0
4155,47,-17,0,0,1,-749,0
4156,-92,54,0,0,0,-749,0
4157,-99,47,1,0,1,-5402,1
4158,11,36,0,0,1,-5402,0
4159,59,-11,0,0,0,-5402,0
4160,-44,47,1,0,0,-5402,0
4161,103,23,1,0,0,-5402,0
4162,-20,-78,1,0,1,-3842,1
4163,121,-47,1,0,0,-3842,0
4164,64,15,0,0,0,-3842,0
4165,25,-15,0,0,0,-3842,0
4166,-59,-91,1,0,1,1527,1
4167,12,-22,1,0,0,1527,0
4168,18,-19,0,0,0,1527,0
4169,54,8,1,0,0,1527,0
4170,-27,-117,1,0,1,4686,1
4171,27,15,1,0,0,4686,0
4172,16,124,0,0,1,4686,0
4173,48,-103,1,0,1,-258,1
4174,-106,-99,0,0,1,-258,0
4175,9,-64,0,0,1,-258,0
4176,7,-73,1,0,1,-769,1
4177,-104,78,1,0,0,-769,0
4178,-101,-11,1,0,0,-769,0
4179,59,105,1,0,1,5426,1
4180,28,-98,1,0,1,2682,1
4181,-103,100,1,0,0,2682,0
4182,49,-74,0,0,0,2682,0
4183,-29,55,0,0,1,2682,0
4184,-87,-28,1,0,1,5118,1
4185,-41,54,1,0,1,2904,1
4186,-113,-124,0,0,0,2904,0
4187,89,50,0,0,0,2904,0
4188,67,52,0,0,0,2904,0
4189,-36,117,1,0,0,2904,0
4190,-105,-53,0,0,0,2904,0
4191,6,-98,1,0,0,2904,0
4192,-16,-83,1,0,1,4232,1
4193,11,59,1,0,1,4881,1
4194,-11,125,1,0,0,4881,0
4195,-32,64,0,0,0,4881,0
4196,61,45,1,0,1,7626,1
4197,83,-7,1,0,0,7626,0
4198,28,-91,1,0,1,5078,1
4199,124,-2,0,0,0,5078,0
4200,46,-82,0,0,0,5078,0
4201,1,92,1,0,1,5170,1
4202,72,64,0,0,1,5170,0
4203,-74,57,0,0,1,5170,0
4204,5,-19,1,0,1,5075,1
4205,26,22,1,0,0,5075,0
4206,114,88,1,0,1,15107,1
4207,-16,-82,1,0,1,16419,1
4208,58,-33,0,0,0,16419,0
4209,96,121,1,0,1,28035,1
4210,-78,102,0,0,0,28035,0
4211,49,5,0,0,1,28035,0
4212,45,-87,1,0,0,28035,0
4213,-28,-94,0,0,1,28035,0
4214,-19,93,1,0,1,26268,1
4215,-33,51,1,0,0,26268,0
4216,-40,40,1,0,1,24668,1
4217,30,-23,1,0,0,24668,0
4218,109,122,1,0,1,37966,1
4219,92,-71,0,0,0,37966,0
4220,-67,114,0,0,1,37966,0
4221,-1,-52,0,0,0,37966,0
4222,-109,47,0,0,0,37966,0
4223,-1,101,1,0,1,37865,1
4224,-53,-14,0,0,1,37865,0
4225,-33,-14,1,0,0,37865,0
4226,-119,-109,0,0,1,37865,0
4227,-22,85,1,0,0,37865,0
4228,-111,90,0,0,0,37865,0
4229,-65,7,0,0,1,37865,0
4230,94,-43,0,0,1,37865,0
4231,99,92,0,0,1,37865,0
4232,-100,23,1,0,0,37865,0
4233,30,-61,1,0,0,37865,0
4234,-94,115,0,0,0,37865,0
4235,93,112,0,0,0,37865,0
4236,-29,40,0,0,0,37865,0
4237,117,1,1,0,0,37865,0
4238,-85,-105,1,0,0,37865,0
4239,-100,-5,0,0,0,37865,0
4240,-8,-49,0,0,0,37865,0
4241,69,-32,1,0,1,35657,1
4242,92,-104,0,0,1,35657,0
4243,-35,87,1,0,1,32612,1
4244,93,27,1,0,0,32612,0
4245,79,-40,1,0,1,29452,1
4246,39,34,1,0,1,30778,1
4247,112,-95,0,0,0,30778,0
4248,-107,31,0,0,1,30778,0
4249,18,5,1,0,0,30778,0
4250,-49,-82,1,0,0,30778,0
4251,27,-120,0,0,1,30778,0
4252,82,-25,0,0,1,30778,0
4253,-8,25,0,0,0,30778,0
4254,34,72,0,0,1,30778,0
4255,12,-92,0,0,0,30778,0
4256,108,62,0,0,0,30778,0
4257,-115,-73,0,0,1,30778,0
4258,-20,-80,0,0,1,30778,0
4259,82,120,1,0,1,40618,1
4260,78,-74,0,0,0,40618,0
4261,-18,114,0,0,0,40618,0
4262,50,27,1,0,0,40618,0
4263,-46,-87,0,0,0,40618,0
4264,123,111,0,0,1,40618,0
4265,-60,-63,0,0,0,40618,0
4266,-103,-15,1,0,0,40618,0
4267,57,116,1,0,0,40618,0
4268,-75,107,1,0,0,40618,0
4269,-71,-100,0,1,0,0,0
4270,-70,104,1,0,0,0,0
4271,65,126,1,0,1,8190,1
4272,-86,25,0,0,1,8190,0
4273,88,81,0,0,1,8190,0
4274,-27,63,1,0,0,8190,0
4275,-3,94,1,0,1,7908,1
4276,38,30,0,0,0,7908,0
4277,-25,-92,0,0,1,7908,0
4278,-22,76,0,0,1,7908,0
4279,75,-66,1,0,1,2958,1
4280,32,-38,1,0,0,2958,0
4281,-56,-13,0,0,0,2958,0
4282,-84,55,0,0,1,2958,0
4283,-85,-94,1,1,0,0,0
4284,-35,-118,1,1,0,0,0
4285,95,-122,0,1,0,0,0
4286,-78,-100,1,0,0,0,0
4287,47,64,1,0,0,0,0
4288,97,-95,1,0,1,-9215,1
4289,-79,49,0,0,0,-9215,0
4290,-97,-88,0,0,1,-9215,0
4291,-73,-36,0,0,0,-9215,0
4292,-92,-96,1,0,0,-9215,0
4293,-12,126,1,0,0,-9215,0
4294,53,75,1,0,0,-9215,0
4295,-102,-35,0,0,1,-9215,0
4296,-7,31,0,0,1,-9215,0
4297,30,72,0,0,0,-9215,0
4298,120,65,1,0,0,-9215,0
4299,-12,-59,0,0,0,-9215,0
4300,88,117,1,0,1,1081,1
4301,70,-117,1,0,0,1081,0
4302,85,-63,0,0,0,1081,0
4303,-66,89,1,0,0,1081,0
4304,88,95,1,1,0,0,0
4305,121,34,1,0,0,0,0
4306,16,122,1,0,0,0,0
4307,-19,1,1,0,1,-19,1
4308,-85,-55,0,0,1,-19,0
4309,108,34,1,0,1,3653,1
4310,17,-9,0,0,1,3653,0
4311,74,115,1,0,1,12163,1
4312,-115,-45,0,0,1,12163,0
4313,28,-71,0,0,0,12163,0
4314,77,100,1,0,0,12163,0
4315,-55,-62,1,0,0,12163,0
4316,-73,85,1,0,0,12163,0
4317,97,-120,0,0,1,12163,0
4318,111,91,0,0,1,12163,0
4319,123,-74,1,0,0,12163,0
4320,71,-68,1,0,0,12163,0
4321,88,-99,1,0,1,3451,1
4322,75,121,0,0,0,3451,0
4323,-29,-84,0,0,1,3451,0
4324,-97,53,1,0,1,-1690,1
4325,-95,-42,1,0,1,2300,1
4326,-116,-16,1,0,1,4156,1
4327,-84,-88,1,0,0,4156,0
4328,47,-31,1,0,0,4156,0
4329,87,27,0,0,0,4156,0
4330,28,-91,1,0,1,1608,1
4331,-83,-37,1,0,0,1608,0
4332,72,-126,0,0,1,1608,0
4333,59,-40,0,0,0,1608,0
4334,-57,-118,0,0,1,1608,0
4335,116,37,0,0,1,1608,0
4336,-34,103,1,1,1,0,0
4337,98,-126,1,0,1,-12348,1
4338,13,7,0,0,0,-12348,0
4339,-104,-34,1,0,0,-12348,0
4340,-11,-112,1,0,1,-11116,1
4341,-38,-85,1,0,0,-11116,0
4342,-7,33,1,0,1,-11347,1
4343,-22,-102,0,0,1,-11347,0
4344,124,83,1,0,0,-11347,0
4345,-16,-91,0,0,0,-11347,0
4346,2,-10,0,0,1,-11347,0
4347,14,59,1,0,0,-11347,0
4348,34,-121,0,0,1,-11347,0
4349,92,63,1,0,0,-11347,0
4350,63,110,0,0,1,-11347,0
4351,0,-40,1,0,0,-11347,0
4352,-36,111,1,0,1,-15343,1
4353,-36,-83,1,0,1,-12355,1
4354,-75,-78,0,0,1,-12355,0
4355,0,-118,1,0,0,-12355,0
4356,-17,88,0,0,1,-12355,0
4357,68,-3,0,0,0,-12355,0
4358,-38,-121,1,0,1,-7757,1
4359,-22,-108,1,0,0,-7757,0
4360,-111,-15,1,0,0,-7757,0
4361,48,1,0,0,1,-7757,0
4362,101,-74,0,0,0,-7757,0
4363,91,79,1,0,1,-568,1
4364,-52,-48,0,0,0,-568,0
4365,-68,71,1,0,0,-568,0
4366,122,72,0,0,1,-568,0
4367,91,43,1,0,1,3345,1
4368,31,-65,0,0,1,3345,0
4369,-11,22,0,0,0,3345,0
4370,-19,-90,1,0,0,3345,0
4371,-20,126,1,0,0,3345,0
4372,-48,48,1,0,1,1041,1
4373,-98,-110,1,0,1,11821,1
4374,73,-34,1,1,0,0,0
4375,60,92,1,0,0,0,0
4376,-62,-115,1,0,0,0,0
4377,109,-49,1,0,0,0,0
4378,-102,126,1,0,0,0,0
4379,-67,-18,0,0,1,0,0
4380,47,64,0,0,0,0,0
4381,113,-20,1,0,0,0,0
4382,-105,115,0,0,1,0,0
4383,83,105,1,0,1,8715,1
4384,104,-6,0,0,0,8715,0
4385,-3,101,1,0,1,8412,1
4386,7,-91,1,0,0,8412,0
4387,50,9,0,0,1,8412,0
4388,11,-9,1,0,1,8313,1
4389,-63,106,0,0,0,8313,0
4390,111,86,1,0,0,8313,0
4391,-38,-85,0,0,0,8313,0
4392,-63,-73,1,0,1,12912,1
4393,97,-90,0,0,0,12912,0
4394,66,10,0,0,0,12912,0
4395,-83,-69,1,0,1,18639,1
4396,116,-52,0,0,1,18639,0
4397,-72,-59,0,0,1,18639,0
4398,24,-90,0,0,0,18639,0
4399,-30,-37,0,0,1,18639,0
4400,-13,-9,0,0,1,18639,0
4401,45,32,0,0,1,18639,0
4402,86,34,1,1,0,0,0
4403,-127,62,0,0,1,0,0
4404,-68,-114,0,0,1,0,0
4405,64,91,1,0,0,0,0
4406,48,-83,0,0,1,0,0
4407,-118,-124,0,0,0,0,0
4408,-71,38,1,0,1,-2698,1
4409,-23,-47,1,0,1,-1617,1
4410,117,117,0,0,0,-1617,0
4411,-118,-2,1,0,0,-1617,0
4412,-111,-114,1,0,0,-1617,0
4413,108,-58,0,0,0,-1617,0
4414,34,52,0,0,1,-1617,0
4415,-52,-71,0,0,0,-1617,0
4416,-101,-1,0,0,1,-1617,0
4417,-65,-110,1,0,0,-1617,0
4418,95,-28,0,0,1,-1617,0
4419,-18,-114,0,0,0,-1617,0
4420,-101,89,0,0,1,-1617,0
4421,-2,31,0,0,1,-1617,0
4422,1,-105,0,0,1,-1617,0
4423,59,101,0,1,0,0,0
4424,66,85,0,0,0,0,0
4425,66,31,1,0,1,2046,1
4426,-49,-19,0,0,1,2046,0
4427,-71,-79,0,0,0,2046,0
4428,-110,70,0,0,0,2046,0
4429,125,-15,1,0,0,2046,0
4430,-57,-35,1,0,1,4041,1
4431,81,15,1,0,1,5256,1
4432,-120,107,0,0,0,5256,0
4433,124,-38,1,0,0,5256,0
4434,56,-116,1,0,0,5256,0
4435,12,4,1,0,1,5304,1
4436,127,-62,1,0,0,5304,0
4437,58,-80,1,0,0,5304,0
4438,-96,102,0,0,0,5304,0
4439,87,80,1,0,1,12264,1
4440,-20,-80,1,0,1,13864,1
4441,123,-63,1,0,1,6115,1
4442,58,16,0,0,0,6115,0
4443,-106,18,1,0,0,6115,0
4444,-91,-88,1,0,1,14123,1
4445,118,19,0,0,0,14123,0
4446,-92,-117,0,0,1,14123,0
4447,77,-10,1,0,0,14123,0
4448,-42,-5,0,0,0,14123,0
4449,6,-53,0,0,1,14123,0
4450,-112,-59,1,0,1,20731,1
4451,-45,-99,0,0,1,20731,0
4452,118,10,0,0,0,20731,0
4453,116,-111,1,0,0,20731,0
4454,11,-4,1,0,0,20731,0
4455,55,78,0,0,0,20731,0
4456,19,0,1,0,1,20731,1
4457,65,56,1,0,0,20731,0
4458,27,16,0,0,1,20731,0
4459,115,-70,1,0,0,20731,0
4460,24,105,1,0,1,23251,1
4461,52,-98,1,0,1,18155,1
4462,34,-62,0,0,0,18155,0
4463,-118,-101,0,0,1,18155,0
4464,-41,119,1,0,1,13276,1
4465,123,51,0,0,1,13276,0
4466,118,24,0,0,0,13276,0
4467,-122,88,0,0,1,13276,0
4468,-6,114,0,0,0,13276,0
4469,-80,-31,0,0,1,13276,0
4470,96,-99,1,0,0,13276,0
4471,-9,102,1,0,0,13276,0
4472,-126,43,0,0,1,13276,0
4473,-87,77,1,0,1,6577,1
4474,-13,-120,1,0,1,8137,1
4475,-41,50,0,0,1,8137,0
4476,99,-54,1,0,0,8137,0
4477,-47,-66,0,1,1,0,0
4478,50,125,0,0,1,0,0
4479,-48,45,0,0,1,0,0
4480,67,-67,0,0,1,0,0
4481,-120,18,1,0,1,-2160,1
4482,58,77,0,0,0,-2160,0
4483,-64,83,1,0,0,-2160,0
4484,38,127,0,0,1,-2160,0
4485,-77,-33,1,0,0,-2160,0
4486,30,-122,1,0,1,-5820,1
4487,122,39,1,0,1,-1062,1
4488,48,-86,1,0,0,-1062,0
4489,-48,-73,0,0,0,-1062,0
4490,-97,124,0,0,0,-1062,0
4491,-53,-89,0,0,0,-1062,0
4492,98,52,1,0,1,4034,1
4493,99,-17,0,0,0,4034,0
4494,118,42,1,0,1,8990,1
4495,-11,113,1,0,0,8990,0
4496,49,28,1,1,0,0,0
4497,-127,-107,1,0,0,0,0
4498,52,-115,1,0,0,0,0
4499,-101,-48,1,0,0,0,0
4500,-127,-102,1,0,1,12954,1
4501,9,42,1,0,0,12954,0
4502,-7,9,0,0,0,12954,0
4503,97,95,1,0,1,22169,1
4504,-97,-111,1,0,0,22169,0
4505,-111,81,0,0,0,22169,0
4506,-57,28,0,0,1,22169,0
4507,-53,-8,1,0,0,22169,0
4508,-101,-89,0,0,1,22169,0
4509,25,-44,1,0,0,22169,0
4510,-59,-92,1,0,1,27597,1
4511,26,21,0,0,0,27597,0
4512,-71,-17,0,0,1,27597,0
4513,81,120,0,0,1,27597,0
4514,109,64,1,0,1,34573,1
4515,45,82,0,0,0,34573,0
4516,-17,-59,1,0,0,34573,0
4517,-84,100,0,1,0,0,0
4518,-100,40,1,0,0,0,0
4519,-65,-45,1,0,0,0,0
4520,94,-112,1,0,1,-10528,1
4521,107,-102,1,1,1,0,0
4522,-78,-125,1,0,0,0,0
4523,67,99,0,0,0,0,0
4524,-101,17,0,0,0,0,0
4525,8,104,1,0,1,832,1
4526,-121,103,1,0,0,832,0
4527,-89,-75,0,0,0,832,0
4528,-85,51,0,0,0,832,0
4529,-48,47,0,0,0,832,0
4530,-112,-30,1,0,0,832,0
4531,55,75,1,0,1,4957,1
4532,-28,127,1,0,1,1401,1
4533,-75,86,0,0,0,1401,0
4534,79,-109,0,0,0,1401,0
4535,13,-29,0,1,1,0,0
4536,-109,-53,1,0,0,0,0
4537,-105,76,0,0,0,0,0
4538,81,15,1,0,1,1215,1
4539,73,76,0,0,1,1215,0
4540,-94,68,0,0,0,1215,0
4541,90,-109,1,0,1,-8595,1
4542,-127,92,1,0,1,-20279,1
4543,-97,-43,1,0,1,-16108,1
4544,84,16,0,0,1,-16108,0
4545,-26,-24,0,0,0,-16108,0
4546,71,83,0,0,1,-16108,0
4547,-112,95,0,0,1,-16108,0
4548,62,-49,0,0,1,-16108,0
4549,-42,-50,0,0,1,-16108,0
4550,-15,108,0,0,0,-16108,0
4551,64,40,1,0,1,-13548,1
4552,-24,123,0,0,0,-13548,0
4553,120,-23,0,0,0,-13548,0
4554,-28,-122,0,0,0,-13548,0
4555,-1,101,1,0,0,-13548,0
4556,-74,32,0,0,1,-13548,0
4557,-118,-49,0,0,0,-13548,0
4558,32,98,0,0,0,-13548,0
4559,54,40,1,0,1,-11388,1
4560,103,60,0,0,0,-11388,0
4561,0,52,1,0,0,-11388,0
4562,47,49,1,0,1,-9085,1
4563,-33,43,0,0,1,-9085,0
4564,53,90,1,0,1,-4315,1
4565,18,107,0,0,0,-4315,0
4566,126,-22,0,0,0,-4315,0
4567,-118,79,1,0,0,-4315,0
4568,106,69,0,0,0,-4315,0
4569,80,-48,1,0,0,-4315,0
4570,-67,-89,1,0,1,1648,1
4571,26,65,0,0,1,1648,0
4572,80,-50,1,0,0,1648,0
4573,13,-113,0,0,1,1648,0
4574,-111,-114,1,0,0,1648,0
4575,56,-8,0,0,0,1648,0
4576,-121,10,0,0,1,1648,0
4577,78,-80,1,0,1,-4592,1
4578,72,30,1,0,1,-2432,1
4579,12,2,1,0,0,-2432,0
4580,-23,73,0,0,1,-2432,0
4581,-17,37,1,0,0,-2432,0
4582,85,10,0,0,0,-2432,0
4583,52,66,1,0,1,1000,1
4584,-30,-31,1,0,0,1000,0
4585,9,99,0,0,0,1000,0
4586,77,-17,0,0,0,1000,0
4587,112,-99,0,0,1,1000,0
4588,-41,-95,0,0,1,1000,0
4589,-63,-35,1,0,0,1000,0
4590,-59,-102,0,0,0,1000,0
4591,40,51,0,0,0,1000,0
4592,12,-27,0,0,0,1000,0
4593,-110,-54,0,0,1,1000,0
4594,123,-114,1,0,0,1000,0
4595,-30,50,1,0,0,1000,0
4596,34,58,1,0,1,2972,1
4597,77,-107,0,0,0,2972,0
4598,-100,24,0,0,0,2972,0
4599,104,36,1,0,1,6716,1
4600,115,-120,0,0,1,6716,0
4601,72,-93,0,0,1,6716,0
4602,66,-125,0,0,1,6716,0
4603,38,-107,0,0,0,6716,0
4604,-102,-53,1,0,1,12122,1
4605,-117,69,0,0,0,12122,0
4606,54,73,1,0,1,16064,1
4607,64,75,0,0,1,16064,0
4608,-87,5,1,0,1,15629,1
4609,-121,97,0,0,1,15629,0
4610,-37,61,0,0,0,15629,0
4611,-126,92,0,0,0,15629,0
4612,6,-123,0,0,1,15629,0
4613,-22,-60,1,0,0,15629,0
4614,-6,81,0,0,0,15629,0
4615,73,-54,1,0,1,11687,1
4616,-98,-84,1,0,1,19919,1
4617,-101,40,0,0,1,19919,0
4618,-21,-99,1,0,0,19919,0
4619,73,67,1,0,0,19919,0
4620,-84,-23,0,0,0,19919,0
4621,-77,90,1,0,1,12989,1
4622,108,-4,1,0,1,12557,1
4623,127,-3,0,0,1,12557,0
4624,-32,-16,0,0,1,12557,0
4625,-79,79,1,0,1,6316,1
4626,43,61,1,0,1,8939,1
4627,-120,52,1,0,1,2699,1
4628,-51,-112,1,0,0,2699,0
4629,91,-31,1,0,1,-122,1
4630,-3,-10,1,0,0,-122,0
4631,-38,70,0,0,1,-122,0
4632,51,9,0,0,0,-122,0
4633,114,47,0,0,1,-122,0
4634,-121,46,0,0,1,-122,0
4635,38,35,0,0,1,-122,0
4636,-70,72,0,0,0,-122,0
4637,-96,42,0,0,0,-122,0
4638,62,-57,0,0,1,-122,0
4639,69,61,0,0,0,-122,0
4640,-60,-86,1,0,0,-122,0
4641,-70,-73,0,0,1,-122,0
4642,-27,-35,1,0,0,-122,0
4643,-50,15,1,0,0,-122,0
4644,40,-94,1,0,1,-3882,1
4645,125,56,0,0,0,-3882,0
4646,70,24,1,0,1,-2202,1
4647,24,115,1,0,1,558,1
4648,-125,54,1,0,1,-6192,1
4649,46,124,1,0,0,-6192,0
4650,-84,66,0,0,0,-6192,0
4651,9,-120,1,0,1,-7272,1
4652,-25,-68,0,0,1,-7272,0
4653,-72,35,0,0,1,-7272,0
4654,-125,54,0,0,0,-7272,0
4655,-121,-26,0,1,0,0,0
4656,-108,-41,0,0,1,0,0
4657,-12,-6,0,0,0,0,0
4658,100,76,1,0,1,7600,1
4659,-110,-55,0,0,0,7600,0
4660,119,16,0,0,0,7600,0
4661,-64,12,1,0,1,6832,1
4662,-39,73,1,0,0,6832,0
4663,-57,-76,0,0,0,6832,0
4664,-23,80,1,0,0,6832,0
4665,98,-92,1,0,1,-2184,1
4666,104,65,0,0,0,-2184,0
4667,33,73,0,0,1,-2184,0
4668,107,63,0,0,1,-2184,0
4669,-57,-86,1,0,1,2718,1
4670,13,88,0,0,1,2718,0
4671,69,-59,1,0,0,2718,0
4672,104,96,1,0,1,12702,1
4673,95,71,1,0,0,12702,0
4674,84,65,1,0,0,12702,0
4675,63,91,0,0,0,12702,0
4676,30,2,1,0,0,12702,0
4677,-12,-127,1,0,0,12702,0
4678,-80,76,1,0,1,6622,1
4679,7,-34,0,0,1,6622,0
4680,112,-46,0,0,0,6622,0
4681,-43,84,1,0,1,3010,1
4682,-18,-37,0,0,0,3010,0
4683,9,115,1,0,0,3010,0
4684,-93,39,1,0,0,3010,0
4685,50,-91,0,0,0,3010,0
4686,-63,-117,1,0,1,10381,1
4687,-22,-64,1,0,1,11789,1
4688,95,-9,0,0,0,11789,0
4689,-111,127,0,0,1,11789,0
4690,22,49,1,0,1,12867,1
4691,24,-102,1,0,1,10419,1
4692,-46,8,1,0,0,10419,0
4693,31,-61,1,0,0,10419,0
4694,29,107,1,0,1,13522,1
4695,4,-8,1,0,1,13490,1
4696,-117,66,0,0,1,13490,0
4697,-11,23,1,0,1,13237,1
4698,-74,62,0,0,0,13237,0
4699,-18,11,0,0,0,13237,0
4700,83,-12,0,0,1,13237,0
4701,8,18,0,0,1,13237,0
4702,-125,-89,1,0,0,13237,0
4703,-83,-90,1,0,0,13237,0
4704,73,-68,1,0,1,8273,1
4705,28,-72,0,0,0,8273,0
4706,77,36,1,0,0,8273,0
4707,70,113,0,0,0,8273,0
4708,119,91,0,0,1,8273,0
4709,65,-95,1,0,1,2098,1
4710,77,7,0,0,1,2098,0
4711,-15,-38,0,0,0,2098,0
4712,30,31,1,0,0,2098,0
4713,37,8,1,0,1,2394,1
4714,-64,31,1,0,1,410,1
4715,-110,23,1,0,1,-2120,1
4716,122,121,1,0,0,-2120,0
4717,117,-17,0,0,1,-2120,0
4718,19,-69,0,0,0,-2120,0
4719,25,14,1,0,0,-2120,0
4720,44,108,1,0,0,-2120,0
4721,-40,98,0,0,0,-2120,0
4722,-41,-28,0,0,1,-2120,0
4723,-32,-80,0,0,1,-2120,0
4724,114,74,0,0,1,-2120,0
4725,8,-5,0,0,0,-2120,0
4726,66,81,0,0,1,-2120,0
4727,-102,-117,0,0,0,-2120,0
4728,107,53,0,0,0,-2120,0
4729,107,57,0,0,1,-2120,0
4730,78,-99,0,0,1,-2120,0
4731,-28,44,0,0,1,-2120,0
4732,122,-78,0,0,1,-2120,0
4733,-13,10,1,0,1,-2250,1
4734,-23,-36,0,0,1,-2250,0
4735,-28,-43,1,0,0,-2250,0
4736,35,22,0,0,1,-2250,0
4737,-24,67,1,0,0,-2250,0
4738,-11,4,0,0,1,-2250,0
4739,36,-57,1,0,1,-4302,1
4740,89,-114,1,0,0,-4302,0
4741,108,-127,1,0,0,-4302,0
4742,121,-32,1,0,0,-4302,0
4743,85,39,1,0,1,-987,1
4744,36,-95,0,0,1,-987,0
4745,-90,-80,0,0,0,-987,0
4746,-29,-6,0,0,0,-987,0
4747,58,51,0,0,0,-987,0
4748,65,66,0,0,0,-987,0
4749,102,112,0,0,1,-987,0
4750,-50,-107,0,0,1,-987,0
4751,77,15,1,0,1,168,1
4752,-23,96,1,0,0,168,0
4753,76,0,0,0,1,168,0
4754,60,-62,0,0,0,168,0
4755,-118,-22,1,0,0,168,0
4756,49,50,1,0,1,2618,1
4757,78,-33,1,0,1,44,1
4758,-117,101,1,0,0,44,0
4759,27,-36,1,0,1,-928,1
4760,43,-126,1,0,1,-6346,1
4761,-89,91,1,0,0,-6346,0
4762,-87,108,1,0,0,-6346,0
4763,-93,-7,1,0,1,-5695,1
4764,47,36,1,0,1,-4003,1
4765,1,93,0,0,0,-4003,0
4766,-6,57,1,0,1,-4345,1
4767,71,-80,0,0,0,-4345,0
4768,-18,-102,0,0,1,-4345,0
4769,65,-79,1,0,1,-9480,1
4770,109,29,0,0,1,-9480,0
4771,82,40,1,0,0,-9480,0
4772,-15,-17,0,0,1,-9480,0
4773,-94,-65,1,0,0,-9480,0
4774,-78,126,0,0,1,-9480,0
4775,113,102,0,0,1,-9480,0
4776,123,14,1,0,0,-9480,0
4777,11,-16,0,0,0,-9480,0
4778,-47,-94,1,0,1,-5062,1
4779,-53,84,0,0,1,-5062,0
4780,15,-39,1,0,1,-5647,1
4781,52,-101,1,0,1,-10899,1
4782,-14,115,1,0,1,-12509,1
4783,46,-11,0,0,1,-12509,0
4784,108,85,0,0,0,-12509,0
4785,92,-75,1,0,1,-19409,1
4786,101,-10,1,0,1,-20419,1
4787,93,-47,0,0,0,-20419,0
4788,58,102,0,0,0,-20419,0
4789,76,60,1,0,1,-15859,1
4790,54,-115,0,0,1,-15859,0
4791,-79,13,1,0,0,-15859,0
4792,106,21,1,0,1,-13633,1
4793,-35,37,0,0,1,-13633,0
4794,-84,-67,0,0,1,-13633,0
4795,-77,95,1,0,0,-13633,0
4796,52,79,0,0,1,-13633,0
4797,27,0,1,0,1,-13633,1
4798,-8,-26,0,0,1,-13633,0
4799,15,-7,1,0,1,-13738,1
4800,-79,-1,1,0,0,-13738,0
4801,-20,69,1,0,0,-13738,0
4802,-80,104,1,0,1,-22058,1
4803,-123,-11,0,0,1,-22058,0
4804,113,-72,1,0,1,-30194,1
4805,98,44,1,0,0,-30194,0
4806,87,-76,0,0,1,-30194,0
4807,25,-1,1,0,1,-30219,1
4808,-24,-36,0,0,0,-30219,0
4809,81,21,1,0,0,-30219,0
4810,-85,-68,1,0,1,-24439,1
4811,-93,26,0,0,1,-24439,0
4812,54,-118,1,0,0,-24439,0
4813,28,60,0,0,0,-24439,0
4814,-77,-27,1,0,1,-22360,1
4815,77,73,0,0,0,-22360,0
4816,89,83,0,0,0,-22360,0
4817,-6,36,0,0,0,-22360,0
4818,21,-98,0,0,1,-22360,0
4819,17,-114,0,0,0,-22360,0
4820,-19,3,0,0,1,-22360,0
4821,-34,-82,0,0,0,-22360,0
4822,-65,119,0,0,0,-22360,0
4823,20,109,0,0,0,-22360,0
4824,53,85,0,0,1,-22360,0
4825,36,74,1,0,1,-19696,1
4826,-66,47,0,0,1,-19696,0
4827,-91,-53,0,0,1,-19696,0
4828,-72,-86,0,0,0,-19696,0
4829,74,-113,0,0,1,-19696,0
4830,71,28,1,1,0,0,0
4831,-66,24,1,0,1,-1584,1
4832,5,-66,1,0,0,-1584,0
4833,-106,-79,0,0,1,-1584,0
4834,21,-38,0,0,0,-1584,0
4835,-52,67,1,0,1,-5068,1
4836,-43,17,1,0,1,-5799,1
4837,-120,-94,1,0,0,-5799,0
4838,-39,-101,1,1,0,0,0
4839,101,-8,1,0,1,-808,1
4840,88,0,1,0,1,-808,1
4841,7,-55,1,0,1,-1193,1
4842,-120,17,0,0,0,-1193,0
4843,-92,117,1,0,1,-11957,1
4844,-21,87,0,0,1,-11957,0
4845,2,-48,1,0,0,-11957,0
4846,-15,-125,0,0,1,-11957,0
4847,126,60,0,0,1,-11957,0
4848,96,122,0,1,0,0,0
4849,-96,17,0,0,0,0,0
4850,54,-52,1,0,0,0,0
4851,6,39,1,0,1,234,1
4852,70,103,0,0,1,234,0
4853,12,-13,0,0,0,234,0
4854,-125,-57,0,0,0,234,0
4855,-25,-8,1,0,0,234,0
4856,-31,2,1,0,1,172,1
4857,105,-98,0,0,1,172,0
4858,-73,75,1,0,1,-5303,1
4859,102,34,0,0,0,-5303,0
4860,-124,100,1,0,1,-17703,1
4861,-7,-17,0,0,0,-17703,0
4862,-98,-109,0,0,1,-17703,0
4863,-45,-14,0,0,0,-17703,0
4864,30,-117,1,0,1,-21213,1
4865,-20,107,0,0,1,-21213,0
4866,-120,-63,1,0,1,-13653,1
4867,80,-97,1,0,0,-13653,0
4868,22,-71,0,0,1,-13653,0
4869,-1,-10,1,0,0,-13653,0
4870,-98,-28,0,0,0,-13653,0
4871,-74,48,1,0,0,-13653,0
4872,-89,-96,0,0,0,-13653,0
4873,-123,-109,0,0,1,-13653,0
4874,-48,-12,0,0,1,-13653,0
4875,-49,-113,1,0,1,-8116,1
4876,-93,0,1,0,1,-8116,1
4877,78,52,1,0,1,-4060,1
4878,10,-119,1,0,0,-4060,0
4879,-96,117,0,0,0,-4060,0
4880,-99,69,0,0,0,-4060,0
4881,-68,11,1,0,1,-4808,1
4882,106,-46,0,0,0,-4808,0
4883,94,-2,0,0,0,-4808,0
4884,108,-25,1,0,1,-7508,1
4885,-102,108,1,0,0,-7508,0
4886,-69,81,1,0,0,-7508,0
4887,84,-31,0,0,0,-7508,0
4888,-86,-67,0,0,0,-7508,0
4889,90,-94,0,0,0,-7508,0
4890,104,46,1,0,1,-2724,1
4891,4,69,1,0,0,-2724,0
4892,26,14,0,0,0,-2724,0
4893,80,-40,1,0,1,-5924,1
4894,-87,102,0,0,0,-5924,0
4895,68,-118,1,0,0,-5924,0
4896,-87,58,0,0,0,-5924,0
4897,67,2,0,0,0,-5924,0
4898,91,-109,0,0,0,-5924,0
4899,-36,-54,1,0,0,-5924,0
4900,-89,-91,1,0,1,2175,1
4901,58,68,0,0,1,2175,0
4902,79,23,0,0,0,2175,0
4903,-97,22,0,0,1,2175,0
4904,-11,83,1,0,1,1262,1
4905,83,1,1,0,1,1345,1
4906,-125,125,1,0,1,-14280,1
4907,103,-47,1,0,0,-14280,0
4908,-40,-24,0,1,0,0,0
4909,30,23,1,0,0,0,0
4910,-2,-57,1,0,1,114,1
4911,-49,-102,0,0,1,114,0
4912,65,74,0,0,1,114,0
4913,86,-106,1,0,0,114,0
4914,1,-82,0,0,1,114,0
4915,79,-66,1,0,1,-5100,1
4916,62,-82,1,0,0,-5100,0
4917,111,-58,1,0,0,-5100,0
4918,120,-113,1,0,1,-18660,1
4919,39,58,0,0,1,-18660,0
4920,0,-48,0,0,1,-18660,0
4921,92,48,1,0,0,-18660,0
4922,-30,-44,0,0,0,-18660,0
4923,-59,94,0,0,1,-18660,0
4924,-33,95,1,0,0,-18660,0
4925,-30,-57,1,0,0,-18660,0
4926,34,-3,0,0,0,-18660,0
4927,-127,-103,0,0,0,-18660,0
4928,14,-70,0,0,0,-18660,0
4929,-114,-14,1,0,1,-17064,1
4930,40,-22,1,0,1,-17944,1
4931,92,-86,1,0,1,-25856,1
4932,-47,73,0,0,0,-25856,0
4933,-55,-25,1,0,0,-25856,0
4934,70,41,1,0,0,-25856,0
4935,-122,76,0,0,1,-25856,0
4936,92,30,0,0,0,-25856,0
4937,125,-95,1,0,1,-37731,1
4938,-63,83,0,0,0,-37731,0
4939,-125,-121,1,0,1,-22606,1
4940,-45,-44,1,0,0,-22606,0
4941,-53,108,0,0,1,-22606,0
4942,53,8,0,0,0,-22606,0
4943,-91,43,1,0,1,-26519,1
4944,112,-67,1,0,1,-34023,1
4945,94,-49,1,0,0,-34023,0
4946,-9,-116,0,0,1,-34023,0
4947,-56,37,1,0,1,-36095,1
4948,35,-7,0,0,0,-36095,0
4949,-117,-9,0,0,0,-36095,0
4950,57,-11,1,0,1,-36722,1
4951,63,-106,1,0,0,-36722,0
4952,-41,67,0,0,1,-36722,0
4953,127,6,1,1,1,0,0
4954,29,114,1,0,0,0,0
4955,-49,33,1,0,1,-1617,1
4956,76,-67,1,0,0,-1617,0
4957,-92,-17,0,0,1,-1617,0
4958,-124,-125,1,0,0,-1617,0
4959,103,-18,0,0,1,-1617,0
4960,81,67,1,0,0,-1617,0
4961,29,-97,1,0,0,-1617,0
4962,-120,8,1,0,1,-2577,1
4963,36,14,1,0,0,-2577,0
4964,63,112,0,0,0,-2577,0
4965,-68,73,1,0,1,-7541,1
4966,86,73,1,0,0,-7541,0
4967,18,65,1,0,1,-6371,1
4968,-106,73,0,0,1,-6371,0
4969,-125,95,0,0,1,-6371,0
4970,113,-76,0,0,1,-6371,0
4971,-82,-97,1,0,0,-6371,0
4972,63,64,1,0,1,-2339,1
4973,90,-118,1,0,1,-12959,1
4974,73,-25,0,0,1,-12959,0
4975,121,81,1,0,0,-12959,0
4976,-75,83,0,0,0,-12959,0
4977,7,-108,1,0,1,-13715,1
4978,-46,30,0,0,1,-13715,0
4979,-103,-17,0,0,1,-13715,0
4980,100,58,1,0,0,-13715,0
4981,3,36,0,0,1,-13715,0
4982,-44,-107,1,0,0,-13715,0
4983,15,5,0,0,1,-13715,0
4984,-18,-18,1,0,1,-13391,1
4985,-57,60,0,1,0,0,0
4986,-52,-80,1,1,1,0,0
4987,-10,96,0,0,0,0,0
4988,-123,99,0,0,0,0,0
4989,-12,12,1,0,1,-144,1
4990,-35,-78,0,0,0,-144,0
4991,4,96,0,0,1,-144,0
4992,-26,-98,1,0,0,-144,0
4993,27,35,0,0,1,-144,0
4994,-10,-7,0,0,1,-144,0
4995,114,68,1,0,1,7608,1
4996,-54,57,1,0,1,4530,1
4997,117,100,0,0,0,4530,0
4998,-48,-115,0,0,1,4530,0
4999,36,-84,1,0,0,4530,0
5000,-109,-76,1,0,0,4530,0
5001,5,100,0,0,0,4530,0
5002,-27,23,1,0,0,4530,0
5003,68,114,1,0,1,12282,1
5004,-125,5,0,0,1,12282,0
5005,74,114,1,0,1,20718,1
5006,-41,-78,0,0,1,20718,0
5007,125,-61,0,0,0,20718,0
5008,-125,-83,0,0,1,20718,0
5009,-18,-89,0,0,1,20718,0
5010,-54,114,1,0,1,14562,1
5011,-100,87,0,1,0,0,0
5012,91,-1,0,0,0,0,0
5013,-122,59,1,0,0,0,0
5014,70,8,1,0,1,560,1
5015,9,42,1,0,1,938,1
5016,-67,-94,1,0,0,938,0
5017,76,-9,1,0,1,254,1
5018,76,-55,1,0,0,254,0
5019,-26,-22,0,0,0,254,0
5020,71,24,1,0,1,1958,1
5021,-72,-61,1,0,1,6350,1
5022,-113,54,0,0,0,6350,0
5023,-58,3,0,0,1,6350,0
5024,94,-20,1,0,1,4470,1
5025,17,23,1,0,1,4861,1
5026,-67,108,0,1,1,0,0
5027,-24,-59,0,1,1,0,0
5028,116,-48,1,0,1,-5568,1
5029,115,-111,0,0,0,-5568,0
5030,59,-115,1,0,1,-12353,1
5031,17,24,1,0,0,-12353,0
5032,86,2,1,0,1,-12181,1
5033,38,-16,1,0,1,-12789,1
5034,-121,-123,0,0,1,-12789,0
5035,-92,-105,0,0,1,-12789,0
5036,45,12,0,0,1,-12789,0
5037,-23,104,0,0,0,-12789,0
5038,-103,71,0,0,0,-12789,0
5039,-73,107,0,0,0,-12789,0
5040,-114,-52,0,0,0,-12789,0
5041,-124,-120,1,0,0,-12789,0
5042,71,124,0,0,0,-12789,0
5043,0,-38,0,0,1,-12789,0
5044,65,48,1,0,1,-9669,1
5045,112,102,1,0,1,1755,1
5046,-4,-29,0,0,0,1755,0
5047,78,-98,0,0,0,1755,0
5048,-55,-87,0,0,1,1755,0
5049,-39,6,0,0,0,1755,0
5050,41,54,1,0,0,1755,0
5051,117,42,1,0,0,1755,0
5052,-52,-91,1,0,0,1755,0
5053,-10,76,0,0,1,1755,0
5054,-98,39,1,0,1,-2067,1
5055,115,58,0,0,0,-2067,0
5056,84,26,1,0,1,117,1
5057,95,3,0,0,1,117,0
5058,-25,-87,0,0,0,117,0
5059,-118,9,0,0,1,117,0
5060,23,55,0,0,1,117,0
5061,5,89,1,0,1,562,1
5062,11,-32,0,0,0,562,0
5063,115,-18,1,1,0,0,0
5064,27,46,1,0,1,1242,1
5065,92,79,0,0,1,1242,0
5066,-123,120,1,0,0,1242,0
5067,83,118,1,0,0,1242,0
5068,59,7,1,0,1,1655,1
5069,1,-65,1,0,1,1590,1
5070,-10,49,1,0,1,1100,1
5071,-73,64,0,1,0,0,0
5072,-127,69,1,0,0,0,0
5073,-1,7,0,0,0,0,0
5074,94,70,1,0,1,6580,1
5075,-89,124,1,0,0,6580,0
5076,31,115,0,0,1,6580,0
5077,-80,-39,1,0,0,6580,0
5078,-103,-102,0,0,0,6580,0
5079,-108,-88,1,0,0,6580,0
5080,72,69,1,0,0,6580,0
5081,-120,36,0,0,1,6580,0
5082,-2,17,0,0,1,6580,0
5083,-27,12,1,0,1,6256,1
5084,63,107,0,0,0,6256,0
5085,-16,-108,0,0,0,6256,0
5086,-113,-123,0,0,1,6256,0
5087,-39,-89,0,0,0,6256,0
5088,36,117,0,0,0,6256,0
5089,20,-18,0,0,0,6256,0
5090,86,-68,1,0,0,6256,0
5091,50,-98,0,0,1,6256,0
5092,-114,-38,0,0,0,6256,0
5093,-93,37,0,0,0,6256,0
5094,-8,109,0,0,0,6256,0
5095,-86,15,0,0,0,6256,0
5096,113,-100,1,0,1,-5044,1
5097,85,121,1,0,1,5241,1
5098,-67,-13,0,0,0,5241,0
5099,-118,-48,1,0,0,5241,0
5100,-99,12,0,0,1,5241,0
5101,-119,-63,0,0,0,5241,0
5102,39,-119,1,0,1,600,1
5103,-94,110,0,0,1,600,0
5104,-54,-103,0,0,1,600,0
5105,25,-23,0,0,0,600,0
5106,-1,-101,1,0,1,701,1
5107,83,62,1,0,1,5847,1
5108,-16,27,1,0,1,5415,1
5109,104,34,1,0,0,5415,0
5110,96,-18,1,0,1,3687,1
5111,-8,-8,0,0,1,3687,0
5112,123,33,1,0,0,3687,0
5113,-116,48,0,0,1,3687,0
5114,70,20,0,0,1,3687,0
5115,110,-28,0,0,1,3687,0
5116,107,87,1,0,1,12996,1
5117,-110,-77,1,0,1,21466,1
5118,29,6,1,0,1,21640,1
5119,-52,90,0,0,0,21640,0
5120,-68,-97,1,0,1,28236,1
5121,108,-118,0,0,0,28236,0
5122,84,-25,1,0,1,26136,1
5123,-51,-84,0,0,0,26136,0
5124,100,-88,0,0,1,26136,0
5125,7,-10,0,0,1,26136,0
5126,-91,18,0,0,0,26136,0
5127,109,96,1,0,0,26136,0
5128,100,-39,0,0,1,26136,0
5129,39,124,1,0,1,30972,1
5130,-60,-125,0,0,1,30972,0
5131,121,100,0,0,0,30972,0
5132,1,-8,0,0,1,30972,0
5133,-128,-24,0,0,0,30972,0
5134,62,68,0,1,0,0,0
5135,1,-76,0,0,1,0,0
5136,-84,49,0,0,0,0,0
5137,-96,-83,1,0,1,7968,1
5138,-122,22,1,0,1,5284,1
5139,89,12,0,0,1,5284,0
5140,-98,98,0,0,1,5284,0
5141,28,-101,0,0,0,5284,0
5142,-47,-94,1,0,0,5284,0
5143,90,-14,1,0,1,4024,1
5144,95,123,0,1,1,0,0
5145,-51,-6,0,0,0,0,0
5146,-112,62,0,0,1,0,0
5147,46,82,1,0,0,0,0
5148,-38,-21,1,0,0,0,0
5149,26,-66,1,0,1,-1716,1
5150,113,13,0,0,0,-1716,0
5151,66,78,0,0,1,-1716,0
5152,22,-94,1,0,1,-3784,1
5153,-48,53,0,0,0,-3784,0
5154,-103,77,1,0,0,-3784,0
5155,11,-127,1,0,0,-3784,0
5156,50,102,1,0,1,1316,1
5157,-117,-22,1,0,0,1316,0
5158,36,-12,1,0,1,884,1
5159,10,-96,0,0,1,884,0
5160,46,-87,1,0,1,-3118,1
5161,107,109,1,0,0,-3118,0
5162,10,-54,1,0,1,-3658,1
5163,109,-73,0,0,1,-3658,0
5164,115,40,1,0,1,942,1
5165,115,-122,0,0,0,942,0
5166,-28,31,0,0,0,942,0
5167,-23,-37,0,0,1,942,0
5168,126,-111,0,0,0,942,0
5169,-33,122,0,0,0,942,0
5170,6,40,1,0,0,942,0
5171,-50,49,1,0,1,-1508,1
5172,-99,-101,1,0,1,8491,1
5173,115,-20,0,0,0,8491,0
5174,-120,9,0,0,1,8491,0
5175,-123,106,0,0,1,8491,0
5176,-123,39,0,0,0,8491,0
5177,-15,125,1,0,0,8491,0
5178,-57,110,1,0,1,2221,1
5179,-121,48,1,0,0,2221,0
5180,90,-127,0,0,0,2221,0
5181,100,-45,1,0,1,-2279,1
5182,-51,107,0,0,0,-2279,0
5183,22,-29,1,0,0,-2279,0
5184,38,-10,1,0,0,-2279,0
5185,-10,18,1,0,0,-2279,0
5186,98,-103,1,0,1,-12373,1
5187,48,-54,0,0,0,-12373,0
5188,-104,104,0,0,0,-12373,0
5189,-54,73,0,0,0,-12373,0
5190,-106,-62,1,0,0,-12373,0
5191,90,-123,1,0,1,-23443,1
5192,74,-18,1,0,1,-24775,1
5193,-40,20,0,0,1,-24775,0
5194,-53,-106,1,0,0,-24775,0
5195,-4,14,0,0,1,-24775,0
5196,-1,61,0,0,1,-24775,0
5197,-94,-118,0,0,0,-24775,0
5198,-20,89,1,0,1,-26555,1
5199,-39,-27,1,0,1,-25502,1
5200,126,98,0,0,0,-25502,0
5201,96,-112,0,0,1,-25502,0
5202,-43,-120,1,0,0,-25502,0
5203,13,69,0,0,0,-25502,0
5204,-51,33,1,0,1,-27185,1
5205,2,0,0,0,0,-27185,0
5206,-10,99,1,0,0,-27185,0
5207,56,-91,1,0,0,-27185,0
5208,-92,-94,1,0,0,-27185,0
5209,-28,45,0,0,0,-27185,0
5210,-85,106,1,0,1,-36195,1
5211,-81,-60,1,0,1,-31335,1
5212,-4,18,0,0,1,-31335,0
5213,-117,73,0,0,0,-31335,0
5214,-8,48,1,1,0,0,0
5215,-122,-101,1,0,0,0,0
5216,64,-93,0,0,0,0,0
5217,-69,0,0,0,1,0,0
5218,-120,-29,0,0,1,0,0
5219,-2,2,0,0,1,0,0
5220,-17,-28,1,0,0,0,0
5221,-98,101,1,0,0,0,0
5222,-56,-23,0,0,1,0,0
5223,-80,-1,0,0,0,0,0
5224,-85,91,0,0,0,0,0
5225,21,21,0,0,0,0,0
5226,-40,-54,0,0,0,0,0
5227,124,-43,1,0,1,-5332,1
5228,-31,-97,1,0,0,-5332,0
5229,-75,57,0,0,0,-5332,0
5230,-120,-46,0,0,0,-5332,0
5231,-35,-57,0,0,1,-5332,0
5232,85,-87,1,0,1,-12727,1
5233,112,-73,0,0,0,-12727,0
5234,-60,18,0,0,1,-12727,0
5235,-120,108,0,0,1,-12727,0
5236,51,-12,1,0,0,-12727,0
5237,62,-5,1,0,0,-12727,0
5238,-128,41,0,0,1,-12727,0
5239,-74,50,0,0,1,-12727,0
5240,-86,109,1,0,1,-22101,1
5241,93,41,0,0,0,-22101,0
5242,-121,-37,0,0,0,-22101,0
5243,-128,-33,1,0,1,-17877,1
5244,13,-45,0,0,0,-17877,0
5245,-7,36,1,0,1,-18129,1
5246,60,-21,1,0,1,-19389,1
5247,-52,18,1,0,0,-19389,0
5248,-3,-55,0,0,1,-19389,0
5249,57,-69,1,0,1,-23322,1
5250,32,-38,1,0,0,-23322,0
5251,42,68,0,0,1,-23322,0
5252,5,-92,0,0,0,-23322,0
5253,-113,-71,0,0,1,-23322,0
5254,-116,19,0,0,1,-23322,0
5255,-83,-121,0,0,0,-23322,0
5256,21,123,1,0,0,-23322,0
5257,-58,-78,0,0,0,-23322,0
5258,76,63,0,0,1,-23322,0
5259,-124,38,0,0,1,-23322,0
5260,91,42,1,0,1,-19500,1
5261,-121,-107,0,0,1,-19500,0
5262,59,-46,1,0,0,-19500,0
5263,-81,69,1,0,0,-19500,0
5264,43,45,1,0,0,-19500,0
5265,37,-76,1,0,1,-22312,1
5266,-85,-123,1,0,1,-11857,1
5267,-9,60,0,0,1,-11857,0
5268,104,-96,1,0,0,-11857,0
5269,40,32,1,0,0,-11857,0
5270,-119,-71,1,0,0,-11857,0
5271,-103,100,0,0,0,-11857,0
5272,-84,119,0,0,0,-11857,0
5273,67,-120,1,0,0,-11857,0
5274,-45,-90,1,0,1,-7807,1
5275,-6,101,0,0,0,-7807,0
5276,-5,-63,0,0,0,-7807,0
5277,78,92,0,0,0,-7807,0
5278,102,-122,0,0,1,-7807,0
5279,123,40,1,0,1,-2887,1
5280,33,15,0,0,1,-2887,0
5281,27,114,0,0,0,-2887,0
5282,46,70,0,0,0,-2887,0
5283,43,22,0,0,1,-2887,0
5284,-8,-73,1,0,0,-2887,0
5285,-5,-5,0,0,1,-2887,0
5286,95,-54,1,0,1,-8017,1
5287,-98,28,1,0,0,-8017,0
5288,-24,35,1,0,0,-8017,0
5289,64,1,1,0,0,-8017,0
5290,118,115,1,0,0,-8017,0
5291,81,25,1,0,0,-8017,0
5292,-47,120,1,0,0,-8017,0
5293,123,58,1,0,0,-8017,0
5294,-8,-126,1,0,0,-8017,0
5295,-76,20,0,0,0,-8017,0
5296,45,101,1,0,1,-3472,1
5297,-19,-9,0,0,0,-3472,0
5298,82,-49,0,0,0,-3472,0
5299,90,84,1,0,1,4088,1
5300,41,-34,1,0,0,4088,0
5301,-106,-96,1,0,0,4088,0
5302,-1,-63,0,1,0,0,0
5303,98,-16,1,0,0,0,0
5304,-60,-128,1,0,0,0,0
5305,-51,34,0,0,1,0,0
5306,-120,126,1,0,1,-15120,1
5307,-2,104,0,0,1,-15120,0
5308,-117,-118,1,0,1,-1314,1
5309,-106,21,1,0,0,-1314,0
5310,-40,-66,1,0,0,-1314,0
5311,105,-115,1,0,1,-13389,1
5312,97,59,0,0,1,-13389,0
5313,-59,105,1,0,0,-13389,0
5314,1,-14,0,0,0,-13389,0
5315,63,-73,0,0,0,-13389,0
5316,69,-80,0,0,1,-13389,0
5317,-57,114,0,0,0,-13389,0
5318,95,-63,1,0,1,-19374,1
5319,111,70,0,0,1,-19374,0
5320,26,62,0,0,0,-19374,0
5321,110,36,1,0,1,-15414,1
5322,14,-47,1,0,0,-15414,0
5323,115,46,1,0,1,-10124,1
5324,97,-17,1,0,1,-11773,1
5325,76,101,1,0,0,-11773,0
5326,-62,-90,1,0,1,-6193,1
5327,-103,-40,0,0,1,-6193,0
5328,-47,40,0,0,0,-6193,0
5329,56,-6,0,0,1,-6193,0
5330,-100,19,1,0,1,-8093,1
5331,-81,75,0,1,1,0,0
5332,-51,-37,1,0,0,0,0
5333,2,-122,1,0,0,0,0
5334,18,-121,1,0,1,-2178,1
5335,28,-65,1,0,0,-2178,0
5336,-101,-65,0,0,1,-2178,0
5337,-40,-58,0,0,0,-2178,0
5338,7,-124,0,0,0,-2178,0
5339,-1,9,0,0,0,-2178,0
5340,37,-1,0,0,0,-2178,0
5341,-103,64,0,0,0,-2178,0
5342,103,114,0,0,1,-2178,0
5343,-106,45,1,0,1,-6948,1
5344,-33,-87,0,0,1,-6948,0
5345,103,14,1,0,0,-6948,0
5346,-27,-107,0,0,0,-6948,0
5347,100,62,1,0,0,-6948,0
5348,117,40,0,0,0,-6948,0
5349,-6,-22,1,0,1,-6816,1
5350,89,74,1,0,0,-6816,0
5351,117,13,0,0,0,-6816,0
5352,92,60,0,0,1,-6816,0
5353,37,-100,1,0,0,-6816,0
5354,72,-15,0,0,1,-6816,0
5355,124,-91,0,0,1,-6816,0
5356,76,-54,0,0,0,-6816,0
5357,92,-31,0,0,1,-6816,0
5358,-62,-26,0,0,0,-6816,0
5359,-45,29,0,0,1,-6816,0
5360,-95,57,1,0,1,-12231,1
5361,122,116,0,0,1,-12231,0
5362,-10,31,1,0,0,-12231,0
5363,-5,-125,1,0,1,-11606,1
5364,-86,39,0,0,0,-11606,0
5365,68,-112,0,0,0,-11606,0
5366,82,59,0,1,1,0,0
5367,51,114,1,0,1,5814,1
5368,-41,4,1,0,1,5650,1
5369,93,37,1,0,0,5650,0
5370,-111,-57,0,0,0,5650,0
5371,113,74,0,0,0,5650,0
5372,2,107,0,0,1,5650,0
5373,110,29,1,0,1,8840,1
5374,92,-98,0,0,1,8840,0
5375,6,-87,1,0,1,8318,1
5376,118,-118,1,0,0,8318,0
5377,-80,7,1,0,1,7758,1
5378,115,-68,1,0,1,-62,1
5379,-61,53,1,0,0,-62,0
5380,26,-62,0,0,1,-62,0
5381,-43,-101,0,0,0,-62,0
5382,51,88,0,0,0,-62,0
5383,-8,-96,1,0,1,706,1
5384,-13,-18,1,0,0,706,0
5385,109,86,0,0,1,706,0
5386,-72,49,0,0,1,706,0
5387,-13,115,1,0,1,-789,1
5388,109,79,1,0,1,7822,1
5389,17,-103,0,0,0,7822,0
5390,-6,44,0,0,0,7822,0
5391,-101,-109,0,0,1,7822,0
5392,-58,-89,0,0,1,7822,0
5393,-78,3,1,0,0,7822,0
5394,72,-77,0,0,0,7822,0
5395,27,41,1,0,0,7822,0
5396,-45,76,0,0,0,7822,0
5397,-78,-122,0,0,0,7822,0
5398,26,125,0,0,0,7822,0
5399,31,99,1,0,1,10891,1
5400,-103,55,1,0,1,5226,1
5401,14,93,0,0,1,5226,0
5402,-117,59,0,0,0,5226,0
5403,-110,53,1,0,0,5226,0
5404,-123,123,0,0,0,5226,0
5405,-98,62,1,0,0,5226,0
5406,-75,-59,1,0,0,5226,0
5407,-101,91,0,0,0,5226,0
5408,126,51,1,0,1,11652,1
5409,48,29,0,0,0,11652,0
5410,94,88,0,0,0,11652,0
5411,-97,-120,1,0,0,11652,0
5412,81,-85,0,0,0,11652,0
5413,-35,-123,1,0,1,15957,1
5414,22,3,1,0,0,15957,0
5415,-6,28,1,0,1,15789,1
5416,61,32,1,0,0,15789,0
5417,19,-71,0,0,1,15789,0
5418,-84,114,1,0,0,15789,0
5419,-51,40,0,0,0,15789,0
5420,-90,20,1,0,0,15789,0
5421,75,0,0,0,1,15789,0
5422,46,-124,0,0,0,15789,0
5423,-5,67,0,0,0,15789,0
5424,108,-50,1,0,1,10389,1
5425,104,-74,1,0,0,10389,0
5426,74,-122,0,0,1,10389,0
5427,2,100,0,0,0,10389,0
5428,-35,-5,1,0,0,10389,0
5429,8,109,0,0,1,10389,0
5430,114,-116,0,0,1,10389,0
5431,-80,-6,1,0,1,10869,1
5432,77,56,1,0,0,10869,0
5433,100,77,0,0,1,10869,0
5434,-18,10,0,0,0,10869,0
5435,-29,13,0,0,0,10869,0
5436,-27,-95,1,0,0,10869,0
5437,15,-86,1,0,1,9579,1
5438,-91,9,1,0,1,8760,1
5439,45,-83,1,0,1,5025,1
5440,-62,-111,0,0,0,5025,0
5441,100,-60,0,0,1,5025,0
5442,-7,92,0,0,1,5025,0
5443,-27,67,0,0,0,5025,0
5444,-106,57,0,0,1,5025,0
5445,-115,104,1,0,1,-6935,1
5446,72,-37,0,0,1,-6935,0
5447,56,29,1,0,1,-5311,1
5448,-46,105,0,0,0,-5311,0
5449,-24,97,1,0,0,-5311,0
5450,-6,-91,0,0,0,-5311,0
5451,50,5,0,0,1,-5311,0
5452,-31,84,1,0,0,-5311,0
5453,-89,120,1,0,0,-5311,0
5454,65,-104,1,0,0,-5311,0
5455,58,-61,1,1,0,0,0
5456,-19,82,1,0,0,0,0
5457,-71,120,0,0,0,0,0
5458,86,83,0,0,1,0,0
5459,38,67,0,0,1,0,0
5460,87,63,1,0,0,0,0
5461,-107,-94,1,0,0,0,0
5462,-37,27,1,0,0,0,0
5463,106,-99,1,0,1,-10494,1
5464,-117,117,0,0,1,-10494,0
5465,22,89,1,0,1,-8536,1
5466,-99,23,1,0,0,-8536,0
5467,23,3,0,0,1,-8536,0
5468,11,76,1,0,0,-8536,0
5469,-69,-99,1,0,1,-1705,1
5470,26,-41,1,0,1,-2771,1
5471,111,-123,1,0,1,-16424,1
5472,-76,-107,1,0,1,-8292,1
5473,36,120,0,0,1,-8292,0
5474,28,-15,0,0,0,-8292,0
5475,-9,-114,1,0,1,-7266,1
5476,17,74,0,0,1,-7266,0
5477,-96,-123,1,0,1,4542,1
5478,-83,-54,0,0,0,4542,0
5479,-52,-118,1,0,1,10678,1
5480,-94,-112,1,0,0,10678,0
5481,-20,56,1,0,0,10678,0
5482,-17,-70,1,0,1,11868,1
5483,85,104,1,0,1,20708,1
5484,18,-105,1,0,0,20708,0
5485,-34,-106,0,0,1,20708,0
5486,-58,-11,1,0,0,20708,0
5487,-22,109,0,0,1,20708,0
5488,-106,-1,1,0,1,20814,1
5489,39,-16,0,0,1,20814,0
5490,49,-123,0,0,1,20814,0
5491,-46,-91,1,0,1,25000,1
5492,-69,-42,1,0,1,27898,1
5493,-89,-24,1,0,1,30034,1
5494,122,30,0,0,0,30034,0
5495,120,-110,1,0,0,30034,0
5496,-59,-6,1,0,1,30388,1
5497,-122,-32,0,0,0,30388,0
5498,-25,-99,0,0,1,30388,0
5499,92,-29,0,0,0,30388,0
5500,99,-119,1,0,0,30388,0
5501,-1,23,0,0,1,30388,0
5502,-93,-34,1,0,0,30388,0
5503,-128,106,1,0,0,30388,0
5504,-8,-83,0,0,1,30388,0
5505,93,-103,1,0,0,30388,0
5506,57,78,1,0,0,30388,0
5507,119,41,0,0,0,30388,0
5508,120,12,1,0,0,30388,0
5509,113,-61,0,0,0,30388,0
5510,122,-47,0,0,0,30388,0
5511,-27,-111,1,0,1,33385,1
5512,86,-24,0,0,0,33385,0
5513,3,118,0,0,1,33385,0
5514,93,-94,1,0,0,33385,0
5515,-85,-115,0,0,0,33385,0
5516,34,87,1,0,0,33385,0
5517,-108,94,0,0,1,33385,0
5518,106,46,0,0,1,33385,0
5519,107,31,0,0,1,33385,0
5520,-90,-6,1,0,0,33385,0
5521,-15,47,1,0,1,32680,1
5522,-52,0,1,0,0,32680,0
5523,-111,-7,1,0,0,32680,0
5524,93,68,1,0,0,32680,0
5525,-85,47,1,0,1,28685,1
5526,20,-29,1,0,1,28105,1
5527,93,83,0,0,1,28105,0
5528,-115,2,1,0,1,27875,1
5529,48,-100,0,0,1,27875,0
5530,15,-99,1,0,0,27875,0
5531,7,88,1,0,1,28491,1
5532,126,42,1,0,1,33783,1
5533,120,-106,1,0,1,21063,1
5534,70,-99,0,0,1,21063,0
5535,-104,-90,1,0,1,30423,1
5536,29,-87,1,0,1,27900,1
5537,100,-42,0,0,0,27900,0
5538,-93,-13,0,0,1,27900,0
5539,100,55,1,0,1,33400,1
5540,-82,-70,0,0,1,33400,0
5541,-27,-25,0,0,1,33400,0
5542,61,78,0,0,0,33400,0
5543,-47,-98,1,0,0,33400,0
5544,87,40,1,0,0,33400,0
5545,-117,-52,0,0,0,33400,0
5546,93,-61,0,0,0,33400,0
5547,-86,-101,1,0,1,42086,1
5548,64,37,0,0,0,42086,0
5549,-106,-68,0,0,1,42086,0
5550,111,-82,0,0,1,42086,0
5551,-70,98,0,0,0,42086,0
5552,70,-97,1,0,0,42086,0
5553,51,-1,1,0,1,42035,1
5554,75,-41,1,0,1,38960,1
5555,-15,45,0,0,0,38960,0
5556,22,-96,0,0,0,38960,0
5557,21,-128,0,0,1,38960,0
5558,-114,-1,1,0,1,39074,1
5559,-59,-77,0,0,0,39074,0
5560,90,-78,1,0,0,39074,0
5561,-43,-27,0,0,0,39074,0
5562,102,79,0,0,0,39074,0
5563,114,-73,0,0,0,39074,0
5564,-110,26,1,0,1,36214,1
5565,-101,-101,0,0,0,36214,0
5566,18,-115,0,0,1,36214,0
5567,38,-112,1,0,1,31958,1
5568,6,124,1,0,0,31958,0
5569,-34,0,1,0,1,31958,1
5570,-8,-107,1,0,0,31958,0
5571,-126,53,1,0,0,31958,0
5572,75,35,1,0,1,34583,1
5573,-6,20,0,0,1,34583,0
5574,110,-41,1,0,1,30073,1
5575,119,5,1,0,0,30073,0
5576,8,-86,1,0,1,29385,1
5577,103,-61,1,0,1,23102,1
5578,-108,63,0,0,1,23102,0
5579,10,-121,1,0,1,21892,1
5580,114,-9,1,0,1,20866,1
5581,-72,60,0,0,1,20866,0
5582,87,62,0,0,1,20866,0
5583,116,-65,0,0,0,20866,0
5584,79,-93,0,0,1,20866,0
5585,-66,64,1,0,1,16642,1
5586,84,-3,1,0,0,16642,0
5587,0,120,1,0,1,16642,1
5588,-128,-75,1,0,1,26242,1
5589,-88,117,0,0,1,26242,0
5590,91,-65,0,0,0,26242,0
5591,-77,64,0,1,0,0,0
5592,121,118,1,0,0,0,0
5593,112,96,0,0,0,0,0
5594,-27,-22,0,0,1,0,0
5595,127,-72,1,0,0,0,0
5596,126,71,0,0,1,0,0
5597,-108,31,0,0,1,0,0
5598,113,-94,0,0,1,0,0
5599,-65,11,1,0,1,-715,1
5600,85,35,1,0,0,-715,0
5601,-127,116,0,0,1,-715,0
5602,-15,68,1,0,1,-1735,1
5603,-5,58,0,0,1,-1735,0
5604,127,37,0,0,0,-1735,0
5605,-27,-93,1,0,1,776,1
5606,-87,-61,0,0,0,776,0
5607,-120,-2,0,0,1,776,0
5608,-118,-108,1,0,1,13520,1
5609,66,-93,0,0,0,13520,0
5610,68,78,0,0,1,13520,0
5611,-92,-72,1,0,0,13520,0
5612,2,25,0,0,1,13520,0
5613,-29,-117,1,0,1,16913,1
5614,98,-84,1,0,0,16913,0
5615,21,-17,0,0,1,16913,0
5616,-107,-116,0,0,0,16913,0
5617,-63,63,0,0,1,16913,0
5618,42,-98,1,0,1,12797,1
5619,110,-20,1,0,0,12797,0
5620,-14,-33,1,0,1,13259,1
5621,54,-52,0,0,1,13259,0
5622,-36,51,0,0,1,13259,0
5623,-122,51,0,0,0,13259,0
5624,-102,-93,1,0,0,13259,0
5625,57,97,0,0,1,13259,0
5626,-66,49,1,0,0,13259,0
5627,-86,50,1,0,1,8959,1
5628,92,-61,0,0,1,8959,0
5629,122,11,1,0,1,10301,1
5630,-58,90,1,0,1,5081,1
5631,-99,-84,1,0,1,13397,1
5632,-53,-72,1,0,1,17213,1
5633,-76,-66,0,0,0,17213,0
5634,-93,-122,1,0,1,28559,1
5635,-50,111,1,0,1,23009,1
5636,72,-34,1,0,1,20561,1
5637,-24,-105,0,0,1,20561,0
5638,-24,-99,1,0,0,20561,0
5639,12,75,1,0,0,20561,0
5640,80,90,0,0,1,20561,0
5641,-60,-8,0,0,0,20561,0
5642,-14,-72,0,0,1,20561,0
5643,62,7,1,0,1,20995,1
5644,-116,-120,0,0,0,20995,0
5645,-48,32,1,0,0,20995,0
5646,-57,-59,0,0,1,20995,0
5647,17,-13,0,0,1,20995,0
5648,-85,6,1,0,1,20485,1
5649,51,14,1,0,1,21199,1
5650,-47,62,1,0,1,18285,1
5651,-110,-49,0,0,1,18285,0
5652,-65,-26,1,0,1,19975,1
5653,23,-44,1,0,0,19975,0
5654,-81,-52,0,0,0,19975,0
5655,-67,-96,0,0,1,19975,0
5656,103,32,1,0,1,23271,1
5657,-76,3,0,0,1,23271,0
5658,-103,11,1,0,1,22138,1
5659,52,-36,1,0,1,20266,1
5660,-60,31,1,0,1,18406,1
5661,86,26,0,0,1,18406,0
5662,-116,18,0,0,0,18406,0
5663,-112,95,0,0,1,18406,0
5664,-11,-84,0,0,0,18406,0
5665,-50,-76,0,0,1,18406,0
5666,-46,-5,1,0,0,18406,0
5667,-87,-71,0,0,0,18406,0
5668,21,-118,0,0,1,18406,0
5669,125,-95,1,0,0,18406,0
5670,-76,32,0,0,0,18406,0
5671,35,-45,1,0,0,18406,0
5672,-26,74,0,0,1,18406,0
5673,-75,108,1,0,1,10306,1
5674,32,0,0,0,1,10306,0
5675,4,-31,0,0,1,10306,0
5676,69,-81,0,0,1,10306,0
5677,-36,-77,0,0,1,10306,0
5678,76,-86,1,0,1,3770,1
5679,108,111,1,0,0,3770,0
5680,41,-68,0,0,0,3770,0
5681,65,-3,0,0,0,3770,0
5682,25,61,1,0,1,5295,1
5683,-40,-117,1,0,1,9975,1
5684,101,122,0,0,1,9975,0
5685,115,-75,1,0,0,9975,0
5686,31,-88,0,0,1,9975,0
5687,17,95,0,0,1,9975,0
5688,82,-118,0,0,0,9975,0
5689,103,-76,1,0,0,9975,0
5690,-109,-67,1,0,0,9975,0
5691,-41,-85,1,0,1,13460,1
5692,45,67,1,0,0,13460,0
5693,101,-107,1,0,0,13460,0
5694,-2,112,1,0,1,13236,1
5695,-70,16,0,0,0,13236,0
5696,-77,-63,0,0,1,13236,0
5697,-39,123,1,0,0,13236,0
5698,-10,-5,0,0,1,13236,0
5699,-16,-48,1,0,0,13236,0
5700,-88,-44,1,0,1,17108,1
5701,-83,-10,1,0,0,17108,0
5702,-6,-69,0,0,1,17108,0
5703,36,-46,0,0,0,17108,0
5704,71,-43,1,0,0,17108,0
5705,-46,76,0,0,0,17108,0
5706,-32,26,0,0,0,17108,0
5707,59,-74,0,0,0,17108,0
5708,-126,56,1,0,1,10052,1
5709,-90,-12,0,0,0,10052,0
5710,-105,43,1,0,0,10052,0
5711,-108,-48,1,0,0,10052,0
5712,-38,0,0,0,0,10052,0
5713,42,63,0,0,1,10052,0
5714,71,-115,1,0,1,1887,1
5715,99,96,1,0,1,11391,1
5716,-111,86,0,0,1,11391,0
5717,33,85,1,0,1,14196,1
5718,-100,48,0,0,1,14196,0
5719,-4,-101,1,0,0,14196,0
5720,93,-68,1,0,1,7872,1
5721,-112,64,0,0,0,7872,0
5722,-13,-114,0,0,1,7872,0
5723,-84,39,0,0,1,7872,0
5724,6,50,1,0,0,7872,0
5725,24,-127,1,0,1,4824,1
5726,70,-39,1,0,0,4824,0
5727,-16,51,1,0,0,4824,0
5728,-40,-45,1,0,0,4824,0
5729,27,59,0,0,1,4824,0
5730,-126,-58,1,0,0,4824,0
5731,76,-104,1,0,0,4824,0
5732,110,93,1,0,1,15054,1
5733,124,-97,1,0,1,3026,1
5734,16,61,0,0,0,3026,0
5735,-108,-112,1,0,1,15122,1
5736,-50,-116,0,0,1,15122,0
5737,-32,-2,0,0,0,15122,0
5738,-128,49,0,0,0,15122,0
5739,-9,118,1,0,1,14060,1
5740,-47,-114,1,0,0,14060,0
5741,101,89,1,1,1,0,0
5742,-13,45,1,0,0,0,0
5743,54,-84,1,0,0,0,0
5744,49,-96,0,0,0,0,0
5745,85,120,0,0,1,0,0
5746,-42,-9,1,0,0,0,0
5747,-113,-78,0,0,0,0,0
5748,44,-126,0,0,1,0,0
5749,53,-3,0,0,0,0,0
5750,-5,-84,1,0,1,420,1
5751,-83,109,1,0,0,420,0
5752,-111,-128,0,0,0,420,0
5753,29,-69,1,0,1,-1581,1
5754,-124,-19,1,0,0,-1581,0
5755,40,-66,0,0,0,-1581,0
5756,-101,42,1,0,1,-5823,1
5757,47,35,1,0,1,-4178,1
5758,124,-9,1,0,0,-4178,0
5759,-36,-126,1,0,1,358,1
5760,1,13,1,0,1,371,1
5761,-66,-6,0,0,1,371,0
5762,-26,0,0,0,0,371,0
5763,-2,56,0,0,0,371,0
5764,-103,-60,1,0,0,371,0
5765,-2,-45,0,0,1,371,0
5766,-97,102,0,0,0,371,0
5767,69,124,0,0,0,371,0
5768,-105,-33,0,0,1,371,0
5769,-29,48,0,0,0,371,0
5770,-118,119,0,0,0,371,0
5771,56,-68,1,0,1,-3437,1
5772,57,-63,0,0,0,-3437,0
5773,-51,-127,1,0,0,-3437,0
5774,-72,-68,1,0,0,-3437,0
5775,104,-44,0,0,0,-3437,0
5776,108,29,1,0,1,-305,1
5777,-101,113,1,0,1,-11718,1
5778,-106,-74,0,0,0,-11718,0
5779,12,-109,1,0,0,-11718,0
5780,0,-18,0,0,0,-11718,0
5781,107,34,1,0,0,-11718,0
5782,123,-25,1,0,0,-11718,0
5783,8,58,1,0,1,-11254,1
5784,32,-59,1,0,1,-13142,1
5785,-122,27,0,0,0,-13142,0
5786,-112,-3,1,0,0,-13142,0
5787,-101,73,0,1,0,0,0
5788,74,-127,0,0,1,0,0
5789,-5,-51,0,0,1,0,0
5790,58,-65,1,0,1,-3770,1
5791,-55,57,1,0,0,-3770,0
5792,83,-42,0,1,1,0,0
5793,83,-79,0,0,1,0,0
5794,-92,-59,1,0,0,0,0
5795,107,-35,1,0,0,0,0
5796,-14,93,1,0,1,-1302,1
5797,65,21,1,0,0,-1302,0
5798,-41,20,0,0,0,-1302,0
5799,-110,-92,0,0,0,-1302,0
5800,1,67,0,1,1,0,0
5801,52,94,1,0,1,4888,1
5802,104,79,1,0,0,4888,0
5803,-118,-124,1,0,1,19520,1
5804,126,73,0,0,0,19520,0
5805,49,67,0,0,1,19520,0
5806,1,-69,0,0,0,19520,0
5807,98,-70,1,0,0,19520,0
5808,53,-24,0,0,0,19520,0
5809,-30,26,0,0,0,19520,0
5810,32,125,0,0,1,19520,0
5811,-128,-107,1,1,0,0,0
5812,-49,-69,0,0,0,0,0
5813,40,-23,1,0,1,-920,1
5814,56,116,1,0,1,5576,1
5815,2,15,0,0,1,5576,0
5816,61,-118,1,0,0,5576,0
5817,92,8,1,0,1,6312,1
5818,60,12,1,0,0,6312,0
5819,-28,21,0,0,1,6312,0
5820,65,-5,0,0,1,6312,0
5821,116,18,0,0,0,6312,0
5822,62,-78,0,0,0,6312,0
5823,85,-16,0,0,1,6312,0
5824,-87,105,1,0,0,6312,0
5825,42,-69,1,0,1,3414,1
5826,119,-120,1,0,1,-10866,1
5827,85,-11,1,0,0,-10866,0
5828,52,-82,0,0,1,-10866,0
5829,46,97,1,0,1,-6404,1
5830,-41,24,1,0,0,-6404,0
5831,-30,-57,0,0,0,-6404,0
5832,16,56,1,0,0,-6404,0
5833,-91,78,1,0,0,-6404,0
5834,-19,24,1,0,0,-6404,0
5835,-47,-106,1,0,0,-6404,0
5836,-21,-4,1,0,0,-6404,0
5837,49,-77,1,0,0,-6404,0
5838,64,-119,1,1,1,0,0
5839,94,55,0,0,0,0,0
5840,59,32,1,0,0,0,0
5841,99,-41,1,0,0,0,0
5842,42,-12,0,0,0,0,0
5843,42,-14,0,0,1,0,0
5844,-116,78,0,0,1,0,0
5845,91,-87,0,0,1,0,0
5846,28,-19,0,0,0,0,0
5847,12,-46,0,0,0,0,0
5848,32,88,0,0,1,0,0
5849,74,-94,0,0,1,0,0
5850,32,-77,0,0,0,0,0
5851,-128,-111,0,0,0,0,0
5852,28,-9,0,0,1,0,0
5853,26,58,0,0,0,0,0
5854,90,126,1,0,1,11340,1
5855,-119,-87,0,0,1,11340,0
5856,127,-32,1,0,1,7276,1
5857,35,-17,0,0,0,7276,0
5858,-115,-98,1,0,1,18546,1
5859,-76,-128,1,0,1,28274,1
5860,123,-85,1,0,1,17819,1
5861,-38,-121,1,0,0,17819,0
5862,50,-71,1,0,0,17819,0
5863,4,-42,0,0,1,17819,0
5864,113,8,0,0,1,17819,0
5865,111,-4,1,0,1,17375,1
5866,49,-49,0,0,0,17375,0
5867,-66,109,1,0,1,10181,1
5868,-56,-57,0,0,0,10181,0
5869,-33,-29,0,0,0,10181,0
5870,-126,-59,1,0,0,10181,0
5871,63,85,1,0,0,10181,0
5872,108,-29,0,0,1,10181,0
5873,-119,-94,1,0,0,10181,0
5874,-24,34,0,0,1,10181,0
5875,-83,92,0,0,0,10181,0
5876,108,105,1,0,0,10181,0
5877,13,-114,0,0,0,10181,0
5878,-44,19,1,0,0,10181,0
5879,-28,-19,0,0,1,10181,0
5880,24,22,1,0,1,10709,1
5881,26,-55,1,0,1,9279,1
5882,-62,-82,1,0,1,14363,1
5883,54,95,0,0,1,14363,0
5884,10,-103,0,0,1,14363,0
5885,-50,-105,1,0,0,14363,0
5886,66,38,1,0,1,16871,1
5887,-54,-121,1,0,1,23405,1
5888,34,-116,1,0,1,19461,1
5889,-38,-112,1,0,1,23717,1
5890,-17,-32,0,0,1,23717,0
5891,118,44,0,0,1,23717,0
5892,-29,-104,0,0,1,23717,0
5893,-108,18,0,0,0,23717,0
5894,-115,-40,0,0,1,23717,0
5895,-63,-32,1,0,1,25733,1
5896,86,12,1,0,0,25733,0
5897,74,95,1,0,1,32763,1
5898,-127,124,0,0,0,32763,0
5899,-6,27,1,0,0,32763,0
5900,-45,103,1,0,0,32763,0
5901,29,102,0,0,1,32763,0
5902,77,-17,1,0,1,31454,1
5903,-24,56,0,0,1,31454,0
5904,-115,55,0,0,1,31454,0
5905,-64,-51,1,0,1,34718,1
5906,-85,-47,1,0,0,34718,0
5907,73,-34,1,0,1,32236,1
5908,-49,-18,0,0,0,32236,0
5909,-117,-86,1,0,0,32236,0
5910,-77,5,0,0,1,32236,0
5911,-93,-84,1,0,1,40048,1
5912,-64,68,1,0,1,35696,1
5913,46,7,0,0,0,35696,0
5914,71,-69,0,0,1,35696,0
5915,51,-113,1,0,0,35696,0
5916,56,31,1,0,1,37432,1
5917,-83,19,1,0,1,35855,1
5918,-95,-98,1,0,0,35855,0
5919,98,32,0,0,1,35855,0
5920,-112,-83,0,0,0,35855,0
5921,74,-7,1,0,1,35337,1
5922,-102,112,1,0,0,35337,0
5923,-82,67,0,0,1,35337,0
5924,33,113,0,0,1,35337,0
5925,-97,-2,0,0,1,35337,0
5926,-72,96,0,0,0,35337,0
5927,-70,34,1,0,0,35337,0
5928,123,-77,1,0,1,25866,1
5929,-43,5,0,0,1,25866,0
5930,-29,80,1,0,0,25866,0
5931,-72,-84,0,0,0,25866,0
5932,14,-26,0,0,1,25866,0
5933,-111,-78,1,0,1,34524,1
5934,123,97,1,0,0,34524,0
5935,87,14,0,0,1,34524,0
5936,66,55,1,0,0,34524,0
5937,25,70,1,0,0,34524,0
5938,-50,-121,1,0,0,34524,0
5939,-112,-57,0,0,0,34524,0
5940,98,41,0,0,1,34524,0
5941,-34,72,0,1,0,0,0
5942,107,-92,1,0,1,-9844,1
5943,12,31,0,0,0,-9844,0
5944,-29,-105,0,0,0,-9844,0
5945,-1,40,1,0,1,-9884,1
5946,-15,73,0,0,1,-9884,0
5947,-75,80,1,0,0,-9884,0
5948,-92,-92,0,0,0,-9884,0
5949,-18,76,1,0,0,-9884,0
5950,66,-107,1,0,1,-16946,1
5951,-96,11,0,0,1,-16946,0
5952,95,-1,0,0,0,-16946,0
5953,-100,45,0,0,0,-16946,0
5954,-37,93,0,0,1,-16946,0
5955,-24,-13,1,0,0,-16946,0
5956,23,19,0,0,0,-16946,0
5957,28,12,0,0,0,-16946,0
5958,86,-10,1,1,1,0,0
5959,4,-106,0,0,0,0,0
5960,5,80,1,0,1,400,1
5961,-44,-86,1,0,0,400,0
5962,72,-86,1,0,0,400,0
5963,-68,-29,0,0,0,400,0
5964,75,-123,0,0,0,400,0
5965,-65,-116,0,0,1,400,0
5966,-79,-24,1,0,1,2296,1
5967,26,-125,1,0,1,-954,1
5968,-23,-52,1,0,0,-954,0
5969,-66,-119,1,0,0,-954,0
5970,62,16,1,0,1,38,1
5971,80,-78,1,0,1,-6202,1
5972,30,76,1,0,0,-6202,0
5973,-61,-34,1,0,0,-6202,0
5974,35,-9,1,0,1,-6517,1
5975,86,-105,0,0,1,-6517,0
5976,12,86,0,0,1,-6517,0
5977,60,-107,1,0,0,-6517,0
5978,-122,-108,1,0,1,6659,1
5979,-68,-127,0,0,0,6659,0
5980,-3,6,0,0,1,6659,0
5981,12,75,0,0,0,6659,0
5982,-125,93,1,0,1,-4966,1
5983,-109,-12,0,0,0,-4966,0
5984,-123,-126,0,0,1,-4966,0
5985,-53,-81,0,0,1,-4966,0
5986,-113,49,1,0,1,-10503,1
5987,-96,93,0,0,0,-10503,0
5988,39,-120,1,0,1,-15183,1
5989,120,80,1,0,0,-15183,0
5990,-93,-85,0,0,0,-15183,0
5991,84,15,0,0,1,-15183,0
5992,67,-87,0,0,0,-15183,0
5993,36,21,0,0,1,-15183,0
5994,120,49,0,1,1,0,0
5995,-94,-53,0,0,0,0,0
5996,-43,-60,1,0,1,2580,1
5997,90,-83,1,0,0,2580,0
5998,108,-38,0,0,1,2580,0
5999,-1,43,1,0,0,2580,0
6000,-97,11,1,0,1,1513,1
6001,-109,-94,0,0,1,1513,0
6002,51,-122,1,0,1,-4709,1
6003,35,75,1,0,1,-2084,1
6004,-78,64,0,0,0,-2084,0
6005,76,-111,1,0,1,-10520,1
6006,-45,-14,0,0,0,-10520,0
6007,-25,-105,1,0,1,-7895,1
6008,-98,99,1,0,0,-7895,0
6009,61,51,0,0,1,-7895,0
6010,-33,46,0,1,0,0,0
6011,-85,4,0,0,1,0,0
6012,121,14,0,0,1,0,0
6013,-7,-91,1,0,0,0,0
6014,-30,95,1,0,1,-2850,1
6015,-89,-12,0,1,0,0,0
6016,-7,-75,0,0,0,0,0
6017,6,-67,0,0,1,0,0
6018,-33,5,0,0,1,0,0
6019,93,28,0,0,0,0,0
6020,0,40,0,0,1,0,0
6021,-128,90,0,0,0,0,0
6022,-97,34,0,0,0,0,0
6023,-87,-60,1,0,0,0,0
6024,-89,125,1,1,0,0,0
6025,-53,-63,1,0,0,0,0
6026,4,-121,0,0,1,0,0
6027,8,-89,0,0,0,0,0
6028,-9,-43,0,0,1,0,0
6029,-114,38,1,0,0,0,0
6030,-106,56,1,0,0,0,0
6031,-86,-58,1,0,1,4988,1
6032,-14,64,1,0,0,4988,0
6033,13,-89,0,0,0,4988,0
6034,124,61,0,0,0,4988,0
6035,-109,-22,1,0,0,4988,0
6036,12,7,0,1,0,0,0
6037,-89,-5,0,0,0,0,0
6038,102,-65,0,0,1,0,0
6039,6,29,1,0,0,0,0
6040,72,-50,1,0,1,-3600,1
6041,-87,87,0,0,1,-3600,0
6042,45,84,0,0,0,-3600,0
6043,-113,-102,1,0,0,-3600,0
6044,-41,52,0,0,0,-3600,0
6045,-114,-23,0,1,1,0,0
6046,-92,119,1,0,0,0,0
6047,-110,11,0,0,0,0,0
6048,-63,-102,1,0,1,6426,1
6049,-123,-74,0,0,1,6426,0
6050,111,3,1,0,1,6759,1
6051,8,-16,1,0,0,6759,0
6052,-86,112,0,0,0,6759,0
6053,10,124,1,0,0,6759,0
6054,-58,-81,1,0,1,11457,1
6055,-23,-93,0,0,0,11457,0
6056,49,-49,1,0,0,11457,0
6057,54,-63,0,0,1,11457,0
6058,-61,-54,0,0,0,11457,0
6059,-10,-19,1,0,0,11457,0
6060,125,84,1,0,1,21957,1
6061,87,-4,0,0,1,21957,0
6062,13,86,0,0,0,21957,0
6063,-45,123,0,0,1,21957,0
6064,73,40,1,0,0,21957,0
6065,-87,-94,1,0,0,21957,0
6066,-122,-7,1,0,0,21957,0
6067,-127,127,0,0,1,21957,0
6068,-28,0,0,0,0,21957,0
6069,-76,84,0,0,0,21957,0
6070,48,42,1,0,1,23973,1
6071,70,21,0,0,0,23973,0
6072,-9,-86,0,0,1,23973,0
6073,22,1,0,0,0,23973,0
6074,12,-17,0,0,1,23973,0
6075,46,-38,0,0,1,23973,0
6076,-26,111,0,0,1,23973,0
6077,90,-83,0,0,0,23973,0
6078,-59,-36,1,0,0,23973,0
6079,105,116,0,0,0,23973,0
6080,54,80,0,0,0,23973,0
6081,-74,77,1,0,1,18275,1
6082,14,53,1,0,1,19017,1
6083,-62,-117,1,0,1,26271,1
6084,58,42,1,0,0,26271,0
6085,9,83,1,0,0,26271,0
6086,-101,-81,0,0,1,26271,0
6087,-71,-51,1,0,0,26271,0
6088,78,67,0,0,0,26271,0
6089,-101,-122,0,0,1,26271,0
6090,31,118,1,0,0,26271,0
6091,14,29,0,0,0,26271,0
6092,62,48,0,0,1,26271,0
6093,37,18,1,0,0,26271,0
6094,-11,-112,0,0,1,26271,0
6095,-80,-84,0,0,0,26271,0
6096,0,-38,0,0,1,26271,0
6097,-120,22,0,0,0,26271,0
6098,93,50,1,0,0,26271,0
6099,65,60,0,0,1,26271,0
6100,-18,99,0,0,0,26271,0
6101,-51,-105,0,0,1,26271,0
6102,-68,-38,0,0,1,26271,0
6103,53,-26,0,0,1,26271,0
6104,-127,-58,1,0,1,33637,1
6105,-109,-27,1,0,0,33637,0
6106,-66,104,0,0,1,33637,0
6107,-78,80,1,0,1,27397,1
6108,14,48,1,0,1,28069,1
6109,-49,94,1,0,1,23463,1
6110,-34,-73,0,0,1,23463,0
6111,-79,-118,1,0,0,23463,0
6112,-102,81,1,0,0,23463,0
6113,60,41,1,0,0,23463,0
6114,-80,-80,1,0,1,29863,1
6115,127,-45,0,0,0,29863,0
6116,-64,68,0,0,0,29863,0
6117,98,108,1,0,0,29863,0
6118,-77,109,1,0,0,29863,0
6119,-23,-21,0,0,1,29863,0
6120,-27,89,0,0,1,29863,0
6121,-90,-87,0,0,1,29863,0
6122,-12,97,1,0,1,28699,1
6123,-126,69,1,1,1,0,0
6124,125,-83,1,0,0,0,0
6125,-32,108,1,0,0,0,0
6126,-41,-79,1,0,0,0,0
6127,-73,13,1,0,0,0,0
6128,-76,-25,0,0,0,0,0
6129,-45,-103,0,0,0,0,0
6130,-73,-86,0,0,0,0,0
6131,-93,63,1,0,1,-5859,1
6132,-113,-45,1,0,1,-774,1
6133,-117,123,1,0,1,-15165,1
6134,52,-13,0,1,1,0,0
6135,96,114,1,0,1,10944,1
6136,61,-31,0,0,1,10944,0
6137,-7,-83,1,0,1,11525,1
6138,43,26,0,0,0,11525,0
6139,52,38,1,0,0,11525,0
6140,-50,77,1,0,0,11525,0
6141,-114,61,0,0,1,11525,0
6142,-103,-78,1,0,1,19559,1
6143,-51,-76,1,0,0,19559,0
6144,-13,17,1,0,1,19338,1
6145,-4,-25,0,0,1,19338,0
6146,-62,-14,1,0,0,19338,0
6147,20,-81,1,0,1,17718,1
6148,-48,100,0,0,0,17718,0
6149,0,34,1,0,1,17718,1
6150,122,-97,1,0,0,17718,0
6151,-103,59,1,0,0,17718,0
6152,7,-110,0,0,1,17718,0
6153,-114,-15,0,0,0,17718,0
6154,48,48,0,0,1,17718,0
6155,-84,123,1,0,1,7386,1
6156,-101,-70,0,0,0,7386,0
6157,62,35,1,0,0,7386,0
6158,47,-14,0,0,0,7386,0
6159,112,64,1,0,0,7386,0
6160,120,15,1,0,1,9186,1
6161,72,-81,0,0,0,9186,0
6162,103,26,1,0,1,11864,1
6163,80,-71,0,0,1,11864,0
6164,-16,29,0,0,1,11864,0
6165,-96,106,0,0,1,11864,0
6166,-120,-50,1,0,0,11864,0
6167,70,-13,1,0,1,10954,1
6168,-104,75,1,0,1,3154,1
6169,-20,-50,1,0,0,3154,0
6170,19,-109,1,0,1,1083,1
6171,99,91,1,0,1,10092,1
6172,-77,-38,0,0,0,10092,0
6173,-65,54,0,0,1,10092,0
6174,-13,-65,0,0,0,10092,0
6175,106,-19,0,0,1,10092,0
6176,-56,100,1,0,0,10092,0
6177,43,-60,1,0,1,7512,1
6178,63,20,0,0,1,7512,0
6179,118,-69,0,0,0,7512,0
6180,84,-46,1,0,1,3648,1
6181,-120,43,0,0,1,3648,0
6182,-38,45,1,0,0,3648,0
6183,92,101,0,0,0,3648,0
6184,93,34,1,0,0,3648,0
6185,-122,24,0,0,0,3648,0
6186,76,-81,0,0,0,3648,0
6187,-61,-83,1,0,0,3648,0
6188,20,74,1,0,0,3648,0
6189,64,-100,0,0,1,3648,0
6190,-26,127,0,0,0,3648,0
6191,-15,-19,1,0,0,3648,0
6192,123,127,1,0,1,19269,1
6193,-44,-104,0,0,0,19269,0
6194,-29,43,0,0,0,19269,0
6195,32,94,1,0,1,22277,1
6196,-56,59,0,0,0,22277,0
6197,-87,-89,0,0,1,22277,0
6198,-87,127,1,0,1,11228,1
6199,-42,1,0,0,0,11228,0
6200,15,-41,1,0,0,11228,0
6201,125,12,1,0,1,12728,1
6202,-9,-57,1,0,0,12728,0
6203,-85,-91,1,0,0,12728,0
6204,-83,-17,1,0,0,12728,0
6205,107,-110,1,0,1,958,1
6206,76,-21,1,0,0,958,0
6207,-60,76,0,0,0,958,0
6208,84,54,1,1,1,0,0
6209,39,-47,1,0,0,0,0
6210,-86,-125,1,0,0,0,0
6211,-61,-98,1,0,0,0,0
6212,52,52,0,0,0,0,0
6213,96,68,1,0,1,6528,1
6214,80,-86,1,0,0,6528,0
6215,118,100,1,0,0,6528,0
6216,-13,35,0,0,0,6528,0
6217,66,-64,0,0,0,6528,0
6218,-41,35,1,0,1,5093,1
6219,3,103,0,0,1,5093,0
6220,-62,-55,0,0,0,5093,0
6221,119,85,0,0,0,5093,0
6222,-119,-24,0,0,0,5093,0
6223,-68,34,0,0,0,5093,0
6224,26,66,0,0,0,5093,0
6225,-78,-42,0,0,0,5093,0
6226,-9,-7,1,0,0,5093,0
6227,-68,82,0,0,0,5093,0
6228,-18,68,0,0,0,5093,0
6229,-30,-19,1,0,0,5093,0
6230,-32,-70,0,0,0,5093,0
6231,97,-67,1,0,1,-1406,1
6232,-48,76,1,0,1,-5054,1
6233,-73,61,1,0,0,-5054,0
6234,-54,45,0,0,1,-5054,0
6235,-10,-118,0,0,1,-5054,0
6236,-59,-16,0,0,1,-5054,0
6237,68,50,1,0,0,-5054,0
6238,57,-49,1,0,1,-7847,1
6239,-24,-124,1,0,0,-7847,0
6240,-80,-46,1,0,0,-7847,0
6241,-115,26,0,0,1,-7847,0
6242,-43,122,1,0,1,-13093,1
6243,98,-12,1,0,1,-14269,1
6244,17,91,0,0,0,-14269,0
6245,-79,-16,0,0,1,-14269,0
6246,68,64,0,0,0,-14269,0
6247,-109,91,0,0,0,-14269,0
6248,68,25,1,0,0,-14269,0
6249,10,-98,1,1,1,0,0
6250,-25,42,0,0,0,0,0
6251,31,-28,0,0,0,0,0
6252,-127,-127,0,0,1,0,0
6253,-26,-47,0,0,1,0,0
6254,-10,27,0,0,1,0,0
6255,-22,28,0,0,0,0,0
6256,-104,79,1,0,0,0,0
6257,56,115,0,0,0,0,0
6258,42,125,1,0,0,0,0
6259,102,111,0,0,0,0,0
6260,-101,85,0,0,0,0,0
6261,41,70,1,0,0,0,0
6262,27,15,1,0,0,0,0
6263,0,-108,1,0,0,0,0
6264,37,-69,0,0,0,0,0
6265,-52,-52,0,0,0,0,0
6266,-25,-95,0,0,1,0,0
6267,-1,-102,0,0,1,0,0
6268,-4,103,1,0,0,0,0
6269,-80,45,0,0,1,0,0
6270,-94,69,1,0,1,-6486,1
6271,-81,37,0,0,0,-6486,0
6272,-75,-128,0,0,0,-6486,0
6273,-60,-46,1,0,0,-6486,0
6274,-15,-120,1,0,1,-4686,1
6275,16,56,1,0,1,-3790,1
6276,37,-30,0,0,1,-3790,0
6277,-8,-24,0,0,0,-3790,0
6278,-55,48,0,0,0,-3790,0
6279,-35,127,0,0,1,-3790,0
6280,21,-91,1,0,1,-5701,1
6281,-10,-5,1,0,0,-5701,0
6282,66,82,1,0,0,-5701,0
6283,59,-124,1,0,1,-13017,1
6284,76,122,0,0,0,-13017,0
6285,-76,105,1,0,1,-20997,1
6286,16,0,0,0,1,-20997,0
6287,12,20,1,0,0,-20997,0
6288,-69,37,1,0,1,-23550,1
6289,6,-123,1,0,0,-23550,0
6290,65,-39,1,0,0,-23550,0
6291,-112,41,1,0,0,-23550,0
6292,-59,125,0,0,0,-23550,0
6293,72,82,0,0,0,-23550,0
6294,69,63,1,0,1,-19203,1
6295,-52,-115,1,0,1,-13223,1
6296,-41,39,0,0,1,-13223,0
6297,34,-110,0,0,1,-13223,0
6298,50,-13,1,1,1,0,0
6299,-119,119,1,0,1,-14161,1
6300,13,21,0,0,0,-14161,0
6301,-70,-75,0,0,1,-14161,0
6302,-103,-27,0,0,0,-14161,0
6303,28,59,1,0,0,-14161,0
6304,-51,-49,0,0,1,-14161,0
6305,1,71,0,0,1,-14161,0
6306,119,-99,0,0,1,-14161,0
6307,101,13,1,0,0,-14161,0
6308,-115,105,1,0,0,-14161,0
6309,32,-123,1,0,0,-14161,0
6310,115,43,0,0,0,-14161,0
6311,-89,-23,1,0,1,-12114,1
6312,-16,-104,1,0,1,-10450,1
6313,-65,123,1,0,0,-10450,0
6314,101,-74,0,0,1,-10450,0
6315,-67,-11,1,0,1,-9713,1
6316,59,-35,0,0,0,-9713,0
6317,-14,78,0,0,0,-9713,0
6318,-101,114,0,0,0,-9713,0
6319,84,-118,1,0,1,-19625,1
6320,19,49,0,0,0,-19625,0
6321,-100,37,1,0,1,-23325,1
6322,28,5,0,0,1,-23325,0
6323,13,-78,1,0,1,-24339,1
6324,-14,122,0,0,0,-24339,0
6325,-1,117,1,0,1,-24456,1
6326,0,44,1,0,1,-24456,1
6327,64,-47,0,0,1,-24456,0
6328,60,-94,1,0,1,-30096,1
6329,-29,66,1,0,0,-30096,0
6330,-39,-51,1,0,0,-30096,0
6331,89,97,1,0,0,-30096,0
6332,11,26,1,0,1,-29810,1
6333,-118,21,0,0,1,-29810,0
6334,-74,52,1,0,1,-33658,1
6335,54,96,0,0,1,-33658,0
6336,-23,-48,1,0,1,-32554,1
6337,-73,-71,1,0,0,-32554,0
6338,-106,-21,1,0,1,-30328,1
6339,-73,83,0,0,0,-30328,0
6340,-54,-98,0,0,0,-30328,0
6341,-47,74,1,0,0,-30328,0
6342,94,-6,0,0,0,-30328,0
6343,-61,-96,0,0,1,-30328,0
6344,-2,-127,1,0,0,-30328,0
6345,-42,20,1,0,1,-31168,1
6346,87,99,1,0,0,-31168,0
6347,-58,-115,1,0,1,-24498,1
6348,81,63,1,0,0,-24498,0
6349,-34,80,0,0,0,-24498,0
6350,39,91,1,0,0,-24498,0
6351,-57,-2,0,0,0,-24498,0
6352,-91,-51,0,0,0,-24498,0
6353,103,24,0,0,0,-24498,0
6354,78,-51,0,0,1,-24498,0
6355,-79,127,1,0,1,-34531,1
6356,95,91,1,0,1,-25886,1
6357,45,47,1,0,1,-23771,1
6358,-81,22,0,0,1,-23771,0
6359,-51,85,1,0,1,-28106,1
6360,30,-73,1,0,0,-28106,0
6361,-32,86,0,0,1,-28106,0
6362,-103,-63,1,0,1,-21617,1
6363,91,8,1,0,0,-21617,0
6364,11,86,0,0,0,-21617,0
6365,45,-104,1,1,0,0,0
6366,31,-44,0,0,0,0,0
6367,19,-37,1,0,1,-703,1
6368,115,-91,1,0,0,-703,0
6369,-85,-119,0,0,0,-703,0
6370,-26,18,0,0,0,-703,0
6371,-64,14,0,0,0,-703,0
6372,-67,31,0,0,0,-703,0
6373,-1,-50,0,0,0,-703,0
6374,42,-119,1,0,0,-703,0
6375,78,106,1,0,1,7565,1
6376,76,0,0,0,0,7565,0
6377,-67,-72,0,0,0,7565,0
6378,14,27,1,0,1,7943,1
6379,-89,-20,0,0,0,7943,0
6380,24,-32,0,0,1,7943,0
6381,-41,-38,0,0,0,7943,0
6382,82,-8,0,0,1,7943,0
6383,-22,-63,0,0,1,7943,0
6384,-124,72,1,0,1,-985,1
6385,47,-28,0,0,0,-985,0
6386,-25,82,1,0,0,-985,0
6387,-58,12,1,0,1,-1681,1
6388,22,64,1,0,0,-1681,0
6389,-3,12,1,0,0,-1681,0
6390,-81,-78,0,0,1,-1681,0
6391,98,-52,0,0,1,-1681,0
6392,-109,-75,0,0,1,-1681,0
6393,-44,117,1,0,1,-6829,1
6394,-39,-87,0,0,0,-6829,0
6395,61,-107,1,0,1,-13356,1
6396,112,-23,0,0,0,-13356,0
6397,90,-93,0,0,1,-13356,0
6398,-56,-3,1,0,1,-13188,1
6399,28,20,0,0,1,-13188,0
6400,35,8,1,0,0,-13188,0
6401,-107,-126,0,0,0,-13188,0
6402,-118,50,0,0,1,-13188,0
6403,69,-124,1,0,0,-13188,0
6404,126,-90,0,0,1,-13188,0
6405,121,-81,0,0,1,-13188,0
6406,87,36,1,0,1,-10056,1
6407,106,-34,1,0,0,-10056,0
6408,-60,35,0,0,1,-10056,0
6409,-4,-96,1,0,0,-10056,0
6410,-95,-113,0,0,0,-10056,0
6411,122,-18,1,0,0,-10056,0
6412,-53,26,0,0,1,-10056,0
6413,30,78,1,0,0,-10056,0
6414,-69,-118,0,0,1,-10056,0
6415,72,23,1,0,1,-8400,1
6416,-81,73,1,0,1,-14313,1
6417,-4,-42,1,0,0,-14313,0
6418,108,14,1,0,0,-14313,0
6419,41,-49,1,0,1,-16322,1
6420,-37,-61,1,0,0,-16322,0
6421,-8,-23,0,0,1,-16322,0
6422,91,88,1,0,1,-8314,1
6423,12,77,1,0,0,-8314,0
6424,-90,-75,0,0,0,-8314,0
6425,-68,95,0,0,1,-8314,0
6426,-106,-25,0,0,1,-8314,0
6427,-95,-57,1,0,0,-8314,0
6428,-123,103,0,0,1,-8314,0
6429,-30,-128,1,0,1,-4474,1
6430,21,-73,1,0,1,-6007,1
6431,-35,103,1,0,0,-6007,0
6432,60,40,0,0,1,-6007,0
6433,-4,1,0,0,1,-6007,0
6434,-66,-62,1,0,0,-6007,0
6435,10,-115,1,0,0,-6007,0
6436,-34,92,1,0,0,-6007,0
6437,111,-92,1,0,0,-6007,0
6438,-3,-88,0,0,0,-6007,0
6439,25,119,1,0,1,-3032,1
6440,-9,-13,1,0,1,-2915,1
6441,122,73,0,0,0,-2915,0
6442,-125,-82,1,0,1,7335,1
6443,-38,29,0,0,1,7335,0
6444,15,84,0,0,1,7335,0
6445,-90,-9,0,0,0,7335,0
6446,-82,-101,1,0,0,7335,0
6447,-28,68,1,0,1,5431,1
6448,-28,-83,0,0,0,5431,0
6449,-16,89,0,0,0,5431,0
6450,-68,-81,0,0,1,5431,0
6451,-10,117,1,0,1,4261,1
6452,-25,-46,0,0,1,4261,0
6453,-55,75,1,0,0,4261,0
6454,-114,-68,0,0,0,4261,0
6455,-52,-103,0,0,1,4261,0
6456,86,-90,0,0,1,4261,0
6457,-48,105,1,0,1,-779,1
6458,40,75,0,0,1,-779,0
6459,17,-80,0,0,0,-779,0
6460,81,-19,0,0,1,-779,0
6461,-27,96,0,0,0,-779,0
6462,8,52,1,0,1,-363,1
6463,34,123,0,0,0,-363,0
6464,92,88,1,0,0,-363,0
6465,-43,-55,0,0,1,-363,0
6466,-98,105,0,0,1,-363,0
6467,35,26,1,0,1,547,1
6468,-103,72,0,0,1,547,0
6469,-104,9,0,0,0,547,0
6470,-1,25,0,0,1,547,0
6471,-37,119,1,0,0,547,0
6472,52,-53,0,0,1,547,0
6473,32,-20,0,0,0,547,0
6474,103,113,0,0,0,547,0
6475,53,27,0,0,1,547,0
6476,91,114,1,0,1,10921,1
6477,-80,115,1,0,1,1721,1
6478,-97,122,0,0,1,1721,0
6479,34,34,0,0,1,1721,0
6480,-25,-6,1,0,1,1871,1
6481,-110,-23,1,0,1,4401,1
6482,125,116,0,0,0,4401,0
6483,17,-120,0,0,1,4401,0
6484,5,-55,0,0,0,4401,0
6485,-75,10,0,0,1,4401,0
6486,-124,113,0,0,1,4401,0
6487,-104,29,0,0,1,4401,0
6488,-17,72,0,0,0,4401,0
6489,53,124,0,0,1,4401,0
6490,-46,-111,0,0,0,4401,0
6491,48,30,1,0,1,5841,1
6492,-60,70,0,0,1,5841,0
6493,27,-21,1,0,1,5274,1
6494,74,99,1,0,0,5274,0
6495,106,75,1,0,0,5274,0
6496,83,-36,1,0,1,2286,1
6497,-125,4,0,0,1,2286,0
6498,-25,-24,1,0,0,2286,0
6499,108,25,0,0,0,2286,0
6500,59,92,1,0,0,2286,0
6501,69,-81,0,0,1,2286,0
6502,114,-64,0,0,1,2286,0
6503,29,34,0,0,1,2286,0
6504,-85,-87,1,0,0,2286,0
6505,38,21,1,0,1,3084,1
6506,36,26,1,0,1,4020,1
6507,13,105,1,0,1,5385,1
6508,-23,-23,0,0,1,5385,0
6509,122,-20,1,0,0,5385,0
6510,-96,-116,0,0,0,5385,0
6511,-68,-31,1,0,0,5385,0
6512,-108,-41,0,0,1,5385,0
6513,-102,75,0,0,0,5385,0
6514,20,-80,1,0,1,3785,1
6515,-110,3,1,0,1,3455,1
6516,5,85,1,1,1,0,0
6517,-15,-24,0,0,0,0,0
6518,-100,115,1,0,1,-11500,1
6519,-89,-74,0,0,1,-11500,0
6520,59,-38,0,0,1,-11500,0
6521,-25,15,1,0,0,-11500,0
6522,80,-122,1,0,1,-21260,1
6523,98,120,1,0,0,-21260,0
6524,118,79,1,0,0,-21260,0
6525,116,-74,0,0,0,-21260,0
6526,-30,121,0,0,1,-21260,0
6527,70,-44,0,0,0,-21260,0
6528,-75,-36,1,0,0,-21260,0
6529,87,89,1,0,0,-21260,0
6530,-105,-27,0,0,0,-21260,0
6531,-106,-74,1,0,1,-13416,1
6532,-126,-89,0,0,0,-13416,0
6533,96,118,1,0,1,-2088,1
6534,-14,124,0,0,1,-2088,0
6535,-84,66,1,0,0,-2088,0
6536,81,-118,1,0,1,-11646,1
6537,109,-101,0,0,1,-11646,0
6538,-102,-36,0,0,1,-11646,0
6539,51,34,1,0,1,-9912,1
6540,-12,96,0,0,0,-9912,0
6541,-1,-64,1,0,1,-9848,1
6542,-82,-69,0,0,0,-9848,0
6543,50,104,0,0,0,-9848,0
6544,10,-5,1,0,0,-9848,0
6545,65,-67,1,0,1,-14203,1
6546,-15,-53,1,0,1,-13408,1
6547,-6,-90,1,0,0,-13408,0
6548,74,-28,1,0,0,-13408,0
6549,-61,117,0,0,1,-13408,0
6550,5,-49,1,0,1,-13653,1
6551,40,-34,0,0,0,-13653,0
6552,57,68,1,0,1,-9777,1
6553,87,-108,1,0,0,-9777,0
6554,-105,6,0,1,1,0,0
6555,-98,58,0,0,0,0,0
6556,115,25,1,0,1,2875,1
6557,58,102,1,0,1,8791,1
6558,-33,38,0,0,1,8791,0
6559,0,-65,0,0,0,8791,0
6560,-23,106,0,0,1,8791,0
6561,108,127,1,0,0,8791,0
6562,-96,27,1,0,0,8791,0
6563,-125,126,1,0,0,8791,0
6564,76,-120,0,0,0,8791,0
6565,-113,105,1,0,1,-3074,1
6566,114,123,1,1,0,0,0
6567,125,-21,0,0,0,0,0
6568,-57,-113,0,0,1,0,0
6569,71,87,0,1,1,0,0
6570,-125,-85,1,0,1,10625,1
6571,100,57,1,0,1,16325,1
6572,-104,57,0,0,1,16325,0
6573,71,29,1,0,1,18384,1
6574,31,-79,0,0,0,18384,0
6575,97,18,1,0,1,20130,1
6576,-103,-21,1,0,0,20130,0
6577,48,-15,0,0,1,20130,0
6578,106,4,0,0,0,20130,0
6579,-11,102,1,0,1,19008,1
6580,-36,96,1,0,1,15552,1
6581,2,-59,0,0,0,15552,0
6582,97,47,1,0,0,15552,0
6583,-34,34,1,0,1,14396,1
6584,95,64,0,0,1,14396,0
6585,-104,-29,1,0,0,14396,0
6586,103,2,1,0,0,14396,0
6587,-88,-2,0,0,1,14396,0
6588,-70,123,1,0,1,5786,1
6589,-56,-74,1,0,1,9930,1
6590,13,73,1,0,1,10879,1
6591,-6,-113,1,0,1,11557,1
6592,42,-88,0,0,1,11557,0
6593,106,-92,0,0,1,11557,0
6594,56,-73,0,0,1,11557,0
6595,-55,-81,1,0,0,11557,0
6596,56,80,1,0,0,11557,0
6597,-92,6,1,0,1,11005,1
6598,36,-98,0,0,0,11005,0
6599,-5,100,0,0,0,11005,0
6600,79,-105,1,0,1,2710,1
6601,-25,-80,0,0,0,2710,0
6602,-87,-80,0,0,0,2710,0
6603,99,-67,0,0,1,2710,0
6604,-55,107,1,0,1,-3175,1
6605,-61,-55,0,0,0,-3175,0
6606,97,-81,1,0,0,-3175,0
6607,109,109,1,0,0,-3175,0
6608,-99,-107,0,0,0,-3175,0
6609,-26,-127,0,0,0,-3175,0
6610,-76,103,0,0,1,-3175,0
6611,-38,114,0,0,1,-3175,0
6612,-124,16,1,0,1,-5159,1
6613,81,12,1,0,0,-5159,0
6614,5,85,1,0,1,-4734,1
6615,-123,111,0,0,1,-4734,0
6616,-105,-70,0,0,0,-4734,0
6617,124,78,1,0,1,4938,1
6618,-106,-15,0,0,1,4938,0
6619,-125,96,1,0,0,4938,0
6620,-72,-76,1,0,1,10410,1
6621,63,-101,0,0,1,10410,0
6622,46,72,0,0,1,10410,0
6623,-73,75,0,0,1,10410,0
6624,-91,-123,0,0,1,10410,0
6625,30,87,0,0,1,10410,0
6626,91,-101,0,0,0,10410,0
6627,92,77,1,0,0,10410,0
6628,-19,121,1,0,1,8111,1
6629,-34,2,0,0,1,8111,0
6630,-86,-7,1,0,1,8713,1
6631,-111,17,1,0,1,6826,1
6632,32,-118,1,0,1,3050,1
6633,-73,81,1,0,0,3050,0
6634,58,9,1,0,0,3050,0
6635,-124,49,0,0,0,3050,0
6636,127,42,0,0,1,3050,0
6637,83,1,0,0,0,3050,0
6638,-28,-99,0,0,0,3050,0
6639,-60,127,1,0,1,-4570,1
6640,84,63,1,0,0,-4570,0
6641,35,87,0,0,1,-4570,0
6642,13,-74,1,0,0,-4570,0
6643,6,-51,1,0,0,-4570,0
6644,38,-38,1,0,1,-6014,1
6645,36,-113,1,0,1,-10082,1
6646,-125,-24,1,0,1,-7082,1
6647,-100,-9,1,0,0,-7082,0
6648,-30,39,1,0,1,-8252,1
6649,-16,-31,1,0,1,-7756,1
6650,-114,-95,0,0,1,-7756,0
6651,-106,-14,0,0,1,-7756,0
6652,-24,39,1,0,0,-7756,0
6653,61,-2,0,0,0,-7756,0
6654,-73,-59,1,0,0,-7756,0
6655,14,22,1,0,1,-7448,1
6656,-88,-127,0,0,0,-7448,0
6657,-33,-103,0,0,0,-7448,0
6658,89,-125,1,0,0,-7448,0
6659,79,89,0,0,1,-7448,0
6660,-53,-87,1,0,1,-2837,1
6661,-47,-111,0,0,0,-2837,0
6662,-27,-93,0,0,1,-2837,0
6663,47,85,1,0,1,1158,1
6664,-35,75,0,0,0,1158,0
6665,112,-4,0,0,0,1158,0
6666,91,89,1,0,1,9257,1
6667,25,-52,1,0,1,7957,1
6668,103,-49,1,0,0,7957,0
6669,49,125,1,0,1,14082,1
6670,-107,125,0,0,1,14082,0
6671,-99,-78,0,0,0,14082,0
6672,95,93,0,0,0,14082,0
6673,-82,-12,1,0,0,14082,0
6674,93,68,1,0,1,20406,1
6675,-65,12,1,0,0,20406,0
6676,-30,49,1,0,1,18936,1
6677,21,-7,0,0,1,18936,0
6678,41,51,1,0,1,21027,1
6679,-122,96,0,1,1,0,0
6680,-52,-120,1,0,0,0,0
6681,-6,-66,1,0,0,0,0
6682,-44,74,1,0,0,0,0
6683,14,49,1,0,0,0,0
6684,29,-95,0,0,0,0,0
6685,-24,-38,1,0,0,0,0
6686,-51,-78,1,0,0,0,0
6687,91,88,1,0,0,0,0
6688,8,0,1,0,1,0,1
6689,85,52,1,0,1,4420,1
6690,123,-106,0,0,1,4420,0
6691,22,31,1,0,1,5102,1
6692,-17,-93,1,0,0,5102,0
6693,15,-30,1,0,1,4652,1
6694,-19,86,0,0,0,4652,0
6695,53,-7,1,0,1,4281,1
6696,26,-31,0,0,1,4281,0
6697,-96,7,1,0,1,3609,1
6698,40,-119,0,0,0,3609,0
6699,-114,124,0,0,0,3609,0
6700,47,22,0,0,1,3609,0
6701,-8,-4,1,0,0,3609,0
6702,25,115,1,0,0,3609,0
6703,109,20,1,0,1,5789,1
6704,-2,-84,0,0,1,5789,0
6705,-20,11,0,0,0,5789,0
6706,-90,90,1,0,1,-2311,1
6707,92,25,1,0,1,-11,1
6708,-115,-5,1,0,0,-11,0
6709,18,94,0,0,0,-11,0
6710,115,-85,1,0,1,-9786,1
6711,95,123,1,0,1,1899,1
6712,-95,114,0,0,0,1899,0
6713,70,-57,0,0,0,1899,0
6714,-67,15,1,0,0,1899,0
6715,33,7,0,0,1,1899,0
6716,123,105,0,0,1,1899,0
6717,104,-122,1,0,0,1899,0
6718,-32,84,0,0,1,1899,0
6719,2,90,0,0,0,1899,0
6720,-61,20,0,0,1,1899,0
6721,32,49,0,0,0,1899,0
6722,-25,94,1,0,1,-451,1
6723,-14,72,0,0,1,-451,0
6724,13,41,1,0,1,82,1
6725,60,76,0,0,1,82,0
6726,93,77,1,1,1,0,0
6727,65,58,0,0,1,0,0
6728,34,126,1,0,1,4284,1
6729,-123,-75,1,0,0,4284,0
6730,-108,-82,0,0,1,4284,0
6731,12,66,0,0,0,4284,0
6732,106,45,0,0,0,4284,0
6733,67,94,0,0,0,4284,0
6734,79,32,1,0,0,4284,0
6735,-69,109,1,0,1,-3237,1
6736,-94,35,0,0,0,-3237,0
6737,9,118,1,0,1,-2175,1
6738,-45,51,0,0,1,-2175,0
6739,-43,93,1,0,0,-2175,0
6740,-89,-23,1,0,0,-2175,0
6741,-56,0,1,0,0,-2175,0
6742,62,-36,0,0,0,-2175,0
6743,-68,84,1,0,0,-2175,0
6744,-87,124,1,0,0,-2175,0
6745,106,68,1,0,0,-2175,0
6746,-5,-32,0,0,1,-2175,0
6747,-13,72,0,1,0,0,0
6748,-58,-85,1,0,1,4930,1
6749,10,-126,1,0,1,3670,1
6750,126,57,1,0,0,3670,0
6751,73,-82,1,0,1,-2316,1
6752,42,-55,1,0,0,-2316,0
6753,-125,105,1,0,1,-15441,1
6754,98,44,0,0,1,-15441,0
6755,103,-56,1,0,1,-21209,1
6756,-74,-44,0,0,1,-21209,0
6757,-92,-124,0,0,0,-21209,0
6758,10,45,0,0,1,-21209,0
6759,-36,-95,1,0,0,-21209,0
6760,-63,57,1,0,1,-24800,1
6761,-36,-127,1,0,1,-20228,1
6762,-6,98,1,0,0,-20228,0
6763,120,-117,1,0,1,-34268,1
6764,22,14,0,0,1,-34268,0
6765,110,26,1,0,1,-31408,1
6766,35,40,0,0,0,-31408,0
6767,-53,-106,1,0,0,-31408,0
6768,14,46,0,0,1,-31408,0
6769,52,-82,1,0,0,-31408,0
6770,-95,-105,0,0,1,-31408,0
6771,-117,-125,1,0,1,-16783,1
6772,92,-37,0,0,1,-16783,0
6773,-14,-29,0,0,0,-16783,0
6774,60,-74,0,0,0,-16783,0
6775,-42,108,1,0,1,-21319,1
6776,101,117,1,0,0,-21319,0
6777,84,33,1,0,0,-21319,0
6778,112,-99,0,0,1,-21319,0
6779,-5,79,0,0,0,-21319,0
6780,-98,0,0,0,0,-21319,0
6781,-126,-99,1,1,0,0,0
6782,93,-75,1,0,1,-6975,1
6783,112,-73,1,0,1,-15151,1
6784,-8,-116,1,0,1,-14223,1
6785,46,-112,1,0,0,-14223,0
6786,45,-35,0,0,0,-14223,0
6787,-81,93,0,0,1,-14223,0
6788,50,-45,0,0,1,-14223,0
6789,-26,-124,1,0,0,-14223,0
6790,-112,35,1,0,1,-18143,1
6791,-36,104,0,1,0,0,0
6792,-70,100,0,0,0,0,0
6793,119,-117,1,0,0,0,0
6794,-107,-128,0,0,0,0,0
6795,51,-38,0,0,1,0,0
6796,113,24,0,0,0,0,0
6797,-33,-14,0,0,1,0,0
6798,-1,-75,0,0,1,0,0
6799,-83,122,0,0,1,0,0
6800,24,-83,0,0,0,0,0
6801,88,-61,1,0,0,0,0
6802,-61,17,1,0,1,-1037,1
6803,-38,-6,0,0,1,-1037,0
6804,120,50,0,0,0,-1037,0
6805,5,-87,1,0,0,-1037,0
6806,31,-36,1,0,1,-2153,1
6807,108,-7,0,0,1,-2153,0
6808,18,101,1,0,0,-2153,0
6809,-49,-58,0,0,1,-2153,0
6810,-19,-36,0,0,1,-2153,0
6811,-74,-88,0,1,0,0,0
6812,-115,-8,1,0,1,920,1
6813,-1,-85,1,0,0,920,0
6814,32,27,0,0,0,920,0
6815,-69,-65,1,0,0,920,0
6816,-51,-93,0,0,1,920,0
6817,-3,-8,1,0,0,920,0
6818,93,-29,0,0,0,920,0
6819,35,76,1,0,1,3580,1
6820,-110,-6,0,0,0,3580,0
6821,47,6,0,0,1,3580,0
6822,15,-14,0,0,1,3580,0
6823,-15,117,0,0,1,3580,0
6824,76,-112,1,0,1,-4932,1
6825,59,-53,0,0,1,-4932,0
6826,-67,-114,1,0,1,2706,1
6827,-101,-12,0,0,0,2706,0
6828,4,39,0,0,0,2706,0
6829,83,-110,1,0,0,2706,0
6830,-128,-11,0,0,0,2706,0
6831,-59,113,1,0,0,2706,0
6832,46,56,1,0,1,5282,1
6833,114,-88,1,0,0,5282,0
6834,81,-27,1,0,1,3095,1
6835,100,-24,1,0,1,695,1
6836,118,89,1,0,1,11197,1
6837,-128,-39,0,0,0,11197,0
6838,-65,-21,0,0,0,11197,0
6839,-74,17,0,0,0,11197,0
6840,0,-121,1,0,1,11197,1
6841,-45,93,0,0,0,11197,0
6842,93,-82,1,0,1,3571,1
6843,29,-47,0,0,1,3571,0
6844,-88,33,1,0,1,667,1
6845,-28,35,0,0,0,667,0
6846,75,-120,1,0,0,667,0
6847,124,47,0,0,0,667,0
6848,127,-83,1,0,1,-9874,1
6849,16,82,0,1,1,0,0
6850,61,-125,1,0,0,0,0
6851,-4,-22,0,0,0,0,0
6852,-106,114,1,0,0,0,0
6853,-75,-12,0,0,0,0,0
6854,8,58,1,0,0,0,0
6855,112,94,0,0,1,0,0
6856,113,91,0,0,1,0,0
6857,39,-94,1,0,0,0,0
6858,-111,69,1,0,1,-7659,1
6859,26,-25,1,0,1,-8309,1
6860,90,-105,1,0,1,-17759,1
6861,32,-69,1,0,0,-17759,0
6862,-46,78,0,0,1,-17759,0
6863,-23,105,0,0,1,-17759,0
6864,87,49,1,0,0,-17759,0
6865,119,-79,1,0,1,-27160,1
6866,-35,-92,0,0,1,-27160,0
6867,75,-99,0,0,0,-27160,0
6868,89,18,0,0,0,-27160,0
6869,85,73,1,0,0,-27160,0
6870,122,-68,0,0,1,-27160,0
6871,60,-110,0,0,1,-27160,0
6872,-81,33,1,0,0,-27160,0
6873,-36,-77,1,0,0,-27160,0
6874,125,48,1,0,1,-21160,1
6875,75,-109,1,0,0,-21160,0
6876,-73,-24,0,0,0,-21160,0
6877,15,-79,1,0,0,-21160,0
6878,95,-39,0,0,1,-21160,0
6879,-1,85,0,0,1,-21160,0
6880,-46,88,1,0,1,-25208,1
6881,64,-102,0,0,0,-25208,0
6882,45,-68,0,0,1,-25208,0
6883,-101,-90,0,0,0,-25208,0
6884,-103,-26,1,0,1,-22530,1
6885,9,20,1,0,0,-22530,0
6886,90,74,0,0,1,-22530,0
6887,41,-87,0,0,1,-22530,0
6888,-109,75,0,0,0,-22530,0
6889,-48,-93,1,0,1,-18066,1
6890,-45,102,1,0,0,-18066,0
6891,38,-99,0,0,1,-18066,0
6892,-65,-57,1,0,0,-18066,0
6893,-23,123,1,0,1,-20895,1
6894,-2,-74,0,0,0,-20895,0
6895,-107,31,0,0,1,-20895,0
6896,83,96,1,0,1,-12927,1
6897,14,42,1,0,1,-12339,1
6898,48,10,0,0,0,-12339,0
6899,-115,87,0,0,0,-12339,0
6900,-123,119,0,0,0,-12339,0
6901,42,3,1,0,0,-12339,0
6902,84,17,1,0,0,-12339,0
6903,101,98,0,0,1,-12339,0
6904,-101,-18,1,0,0,-12339,0
6905,80,-80,0,0,0,-12339,0
6906,-103,111,1,0,0,-12339,0
6907,58,11,0,0,0,-12339,0
6908,82,8,0,0,1,-12339,0
6909,-120,-55,1,0,0,-12339,0
6910,107,-82,1,0,1,-21113,1
6911,95,-125,1,0,0,-21113,0
6912,-54,-80,1,0,1,-16793,1
6913,-75,-70,0,0,1,-16793,0
6914,-7,-64,0,0,0,-16793,0
6915,80,24,0,0,0,-16793,0
6916,98,95,0,0,0,-16793,0
6917,25,44,0,0,1,-16793,0
6918,-22,2,1,0,0,-16793,0
6919,82,74,1,0,1,-10725,1
6920,-62,-56,1,0,1,-7253,1
6921,90,125,1,0,1,3997,1
6922,-3,-17,0,0,1,3997,0
6923,73,22,0,0,1,3997,0
6924,-2,79,1,0,0,3997,0
6925,-35,79,0,0,0,3997,0
6926,-118,-105,0,0,1,3997,0
6927,1,104,1,0,0,3997,0
6928,-91,101,0,0,1,3997,0
6929,62,31,0,0,1,3997,0
6930,32,43,0,0,1,3997,0
6931,101,116,0,0,0,3997,0
6932,-30,93,1,0,0,3997,0
6933,107,-46,0,0,0,3997,0
6934,92,-50,1,0,1,-603,1
6935,-81,90,1,0,0,-603,0
6936,57,30,0,1,1,0,0
6937,-24,-90,0,0,0,0,0
6938,2,-63,1,0,0,0,0
6939,-63,-63,1,0,0,0,0
6940,14,116,0,0,1,0,0
6941,66,-104,0,0,0,0,0
6942,10,-81,1,0,1,-810,1
6943,-7,-123,0,0,1,-810,0
6944,19,115,0,0,1,-810,0
6945,-35,36,0,0,1,-810,0
6946,-21,-118,0,0,1,-810,0
6947,99,22,0,0,1,-810,0
6948,22,61,0,0,1,-810,0
6949,-58,8,1,0,1,-1274,1
6950,-84,68,0,0,0,-1274,0
6951,-122,-124,1,0,0,-1274,0
6952,-8,-21,1,0,1,-1106,1
6953,-32,11,0,0,0,-1106,0
6954,95,-91,0,0,1,-1106,0
6955,-82,95,0,0,0,-1106,0
6956,123,2,1,0,1,-860,1
6957,-60,51,0,0,0,-860,0
6958,-49,-108,0,0,1,-860,0
6959,61,-31,1,0,1,-2751,1
6960,-14,-126,1,0,0,-2751,0
6961,-111,26,1,0,1,-5637,1
6962,42,72,1,0,0,-5637,0
6963,3,58,0,0,0,-5637,0
6964,-88,-101,0,0,0,-5637,0
6965,-109,45,0,0,0,-5637,0
6966,98,-128,0,0,0,-5637,0
6967,1,-95,0,0,0,-5637,0
6968,-76,88,0,0,1,-5637,0
6969,-94,-48,1,0,1,-1125,1
6970,-39,100,0,0,1,-1125,0
6971,-50,-71,1,0,0,-1125,0
6972,-45,-112,1,0,1,3915,1
6973,-78,37,1,0,0,3915,0
6974,-72,47,1,0,1,531,1
6975,-66,-30,0,0,1,531,0
6976,-44,-76,0,0,0,531,0
6977,-93,-14,1,0,0,531,0
6978,-2,41,1,0,0,531,0
6979,25,-104,0,0,1,531,0
6980,105,67,1,0,0,531,0
6981,46,-124,1,0,0,531,0
6982,-107,38,1,0,0,531,0
6983,97,-95,0,0,1,531,0
6984,67,81,1,0,1,5958,1
6985,-108,103,1,0,0,5958,0
6986,-126,-30,0,0,1,5958,0
6987,-73,105,1,0,0,5958,0
6988,-38,9,0,0,0,5958,0
6989,-48,61,0,0,0,5958,0
6990,8,18,0,0,1,5958,0
6991,121,-89,1,0,1,-4811,1
6992,2,-18,1,0,1,-4847,1
6993,116,-28,1,0,1,-8095,1
6994,-40,-79,0,0,0,-8095,0
6995,27,45,0,0,1,-8095,0
6996,9,79,1,0,0,-8095,0
6997,18,-35,0,0,0,-8095,0
6998,-106,-17,0,0,1,-8095,0
6999,-57,-42,0,0,1,-8095,0
7000,-117,-7,0,1,1,0,0
7001,59,84,1,0,1,4956,1
7002,-90,71,1,1,1,0,0
7003,-107,29,1,0,0,0,0
7004,85,-122,1,0,0,0,0
7005,122,46,0,0,1,0,0
7006,-12,42,1,0,0,0,0
7007,-55,92,0,0,1,0,0
7008,53,10,1,0,0,0,0
7009,15,110,0,1,1,0,0
7010,83,-66,1,0,1,-5478,1
7011,-12,99,0,0,1,-5478,0
7012,-52,76,1,0,1,-9430,1
7013,-87,-63,0,0,0,-9430,0
7014,63,-98,1,0,0,-9430,0
7015,-14,121,1,0,1,-11124,1
7016,111,65,0,0,0,-11124,0
7017,18,-95,0,0,1,-11124,0
7018,-123,110,1,0,1,-24654,1
7019,-69,-76,0,0,1,-24654,0
7020,84,51,1,0,1,-20370,1
7021,27,119,0,0,0,-20370,0
7022,-16,-36,1,0,0,-20370,0
7023,-91,-113,1,0,0,-20370,0
7024,-108,70,0,0,0,-20370,0
7025,37,-73,0,0,0,-20370,0
7026,58,-36,1,0,0,-20370,0
7027,79,-33,0,0,0,-20370,0
7028,28,72,1,0,0,-20370,0
7029,25,-2,0,0,1,-20370,0
7030,-117,28,0,0,0,-20370,0
7031,115,-10,1,0,0,-20370,0
7032,-17,-22,0,0,1,-20370,0
7033,-34,-83,1,0,0,-20370,0
7034,24,99,0,1,0,0,0
7035,-56,-125,1,0,1,7000,1
7036,60,126,0,1,0,0,0
7037,-126,-103,0,0,0,0,0
7038,38,64,0,0,0,0,0
7039,72,-114,1,0,1,-8208,1
7040,126,72,1,0,0,-8208,0
7041,-47,-74,1,0,1,-4730,1
7042,64,87,0,0,1,-4730,0
7043,-110,-76,1,0,1,3630,1
7044,19,-69,0,0,0,3630,0
7045,103,-123,1,0,0,3630,0
7046,-66,111,0,0,1,3630,0
7047,-122,-60,1,0,0,3630,0
7048,114,-117,1,0,1,-9708,1
7049,-114,-98,0,0,0,-9708,0
7050,-67,-97,1,0,1,-3209,1
7051,8,-37,0,0,1,-3209,0
7052,-27,54,0,0,1,-3209,0
7053,122,-3,0,0,1,-3209,0
7054,-111,28,1,0,0,-3209,0
7055,22,106,1,0,0,-3209,0
7056,9,54,1,0,1,-2723,1
7057,56,-52,0,0,1,-2723,0
7058,45,-127,0,0,1,-2723,0
7059,15,31,1,0,1,-2258,1
7060,-24,61,0,0,1,-2258,0
7061,-19,-36,1,0,0,-2258,0
7062,86,48,0,0,1,-2258,0
7063,-78,-126,1,0,1,7570,1
7064,83,7,0,0,0,7570,0
7065,-12,103,0,0,0,7570,0
7066,44,108,0,0,0,7570,0
7067,124,54,0,1,0,0,0
7068,-29,-97,0,0,0,0,0
7069,-105,77,1,0,0,0,0
7070,-44,88,1,0,1,-3872,1
7071,-13,102,1,0,0,-3872,0
7072,17,86,0,0,0,-3872,0
7073,-13,123,1,0,1,-5471,1
7074,93,80,1,0,1,1969,1
7075,-115,-107,1,1,0,0,0
7076,126,-97,1,0,1,-12222,1
7077,-6,99,1,0,1,-12816,1
7078,126,68,0,0,1,-12816,0
7079,-115,58,0,0,1,-12816,0
7080,71,22,1,0,1,-11254,1
7081,47,22,1,0,0,-11254,0
7082,-81,-116,1,0,0,-11254,0
7083,-107,16,0,0,1,-11254,0
7084,55,13,1,0,0,-11254,0
7085,-94,-85,0,0,1,-11254,0
7086,-8,-2,1,0,0,-11254,0
7087,88,-58,1,0,1,-16358,1
7088,29,21,0,0,0,-16358,0
7089,-34,-13,1,0,0,-16358,0
7090,-10,92,0,0,0,-16358,0
7091,105,22,1,0,1,-14048,1
7092,88,58,0,0,1,-14048,0
7093,59,53,1,0,1,-10921,1
7094,122,84,0,0,0,-10921,0
7095,-60,-71,1,0,1,-6661,1
7096,75,-17,0,0,0,-6661,0
7097,17,60,0,0,1,-6661,0
7098,-21,-60,0,1,0,0,0
7099,-70,20,1,0,1,-1400,1
7100,-4,23,1,0,0,-1400,0
7101,65,-7,0,0,0,-1400,0
7102,-88,-31,1,0,0,-1400,0
7103,84,-99,0,0,1,-1400,0
7104,-33,66,1,0,0,-1400,0
7105,54,55,1,0,0,-1400,0
7106,62,14,1,0,0,-1400,0
7107,30,-128,1,0,0,-1400,0
7108,-105,67,0,0,1,-1400,0
7109,17,51,1,0,0,-1400,0
7110,-125,-29,0,0,1,-1400,0
7111,120,112,0,0,1,-1400,0
7112,-34,-114,0,0,1,-1400,0
7113,-72,-86,0,0,0,-1400,0
7114,116,-8,1,0,1,-2328,1
7115,-10,-113,1,0,1,-1198,1
7116,-3,24,1,0,1,-1270,1
7117,112,120,0,0,1,-1270,0
7118,-109,108,0,0,0,-1270,0
7119,18,77,0,0,0,-1270,0
7120,36,-17,1,0,0,-1270,0
7121,-19,83,0,0,0,-1270,0
7122,20,27,1,0,0,-1270,0
7123,-57,88,1,0,1,-6286,1
7124,74,87,1,0,1,152,1
7125,15,59,0,0,1,152,0
7126,34,-67,1,0,0,152,0
7127,-67,102,0,0,1,152,0
7128,-47,-106,0,0,0,152,0
7129,80,-55,0,0,1,152,0
7130,25,80,0,0,1,152,0
7131,-73,34,0,0,1,152,0
7132,54,28,0,0,0,152,0
7133,124,-94,0,0,1,152,0
7134,-82,-57,0,0,1,152,0
7135,124,-81,0,0,1,152,0
7136,78,-39,1,0,1,-2890,1
7137,-67,-39,0,1,1,0,0
7138,49,-9,0,0,1,0,0
7139,107,80,0,0,1,0,0
7140,56,85,0,0,0,0,0
7141,-113,-61,1,0,0,0,0
7142,-106,56,0,0,0,0,0
7143,-107,92,0,0,1,0,0
7144,-82,-104,0,0,1,0,0
7145,-40,-102,0,0,0,0,0
7146,-60,37,1,0,0,0,0
7147,-52,80,0,0,1,0,0
7148,43,6,0,0,1,0,0
7149,-106,19,0,0,0,0,0
7150,84,-79,0,0,1,0,0
7151,-121,-17,0,0,1,0,0
7152,-117,12,0,0,0,0,0
7153,62,88,0,0,1,0,0
7154,-84,-25,0,0,1,0,0
7155,-68,36,0,0,0,0,0
7156,-63,-98,1,0,0,0,0
7157,99,80,0,0,0,0,0
7158,109,25,0,0,0,0,0
7159,-30,75,0,0,0,0,0
7160,111,-101,0,0,1,0,0
7161,-44,-13,1,0,0,0,0
7162,122,-11,1,0,0,0,0
7163,-89,-87,0,0,0,0,0
7164,-105,87,0,0,1,0,0
7165,-25,57,0,0,0,0,0
7166,-127,-63,1,0,1,8001,1
7167,-81,35,0,0,0,8001,0
7168,63,-53,0,0,1,8001,0
7169,44,105,0,0,0,8001,0
7170,-32,-111,0,0,1,8001,0
7171,102,107,1,0,0,8001,0
7172,-26,-101,0,0,0,8001,0
7173,22,-99,0,0,0,8001,0
7174,-46,-47,1,0,1,10163,1
7175,49,50,0,0,1,10163,0
7176,-114,-84,0,0,0,10163,0
7177,-85,-79,1,0,1,16878,1
7178,-24,28,1,0,0,16878,0
7179,-104,14,0,0,1,16878,0
7180,85,-114,0,0,0,16878,0
7181,-40,38,1,0,0,16878,0
7182,-113,-52,0,0,1,16878,0
7183,-2,-66,1,0,1,17010,1
7184,-101,-41,1,0,0,17010,0
7185,-48,-91,1,0,0,17010,0
7186,101,78,1,0,1,24888,1
7187,9,5,0,0,1,24888,0
7188,-113,-41,1,0,1,29521,1
7189,-89,93,1,0,1,21244,1
7190,-71,-35,0,0,1,21244,0
7191,76,76,0,0,1,21244,0
7192,-1,-17,0,0,1,21244,0
7193,-29,-34,0,0,1,21244,0
7194,-85,88,0,0,0,21244,0
7195,53,15,1,0,0,21244,0
7196,125,97,0,0,0,21244,0
7197,-6,41,0,0,0,21244,0
7198,37,-54,0,0,1,21244,0
7199,94,21,0,0,0,21244,0
7200,49,-69,0,0,1,21244,0
7201,-93,-25,1,0,0,21244,0
7202,17,-7,0,0,0,21244,0
7203,-49,-61,1,0,0,21244,0
7204,-124,-57,1,0,1,28312,1
7205,72,-13,1,0,1,27376,1
7206,24,36,1,0,0,27376,0
7207,100,101,0,0,0,27376,0
7208,-42,122,0,0,1,27376,0
7209,116,9,0,0,1,27376,0
7210,-60,-67,1,0,0,27376,0
7211,65,-44,1,0,1,24516,1
7212,58,-78,0,0,0,24516,0
7213,-63,66,0,0,1,24516,0
7214,39,-89,1,0,1,21045,1
7215,-85,16,0,0,0,21045,0
7216,-22,62,1,0,0,21045,0
7217,-115,-93,0,0,1,21045,0
7218,-97,-123,1,1,0,0,0
7219,56,-24,0,0,0,0,0
7220,-56,-7,0,0,0,0,0
7221,28,95,0,0,0,0,0
7222,-48,48,1,0,1,-2304,1
7223,-1,-7,1,0,0,-2304,0
7224,72,27,1,0,0,-2304,0
7225,108,-99,1,0,0,-2304,0
7226,-78,-2,0,0,1,-2304,0
7227,-60,-42,0,1,1,0,0
7228,0,-21,1,0,0,0,0
7229,-60,27,0,0,0,0,0
7230,115,21,0,0,0,0,0
7231,62,-61,1,0,1,-3782,1
7232,-92,0,0,1,1,0,0
7233,-46,55,1,0,0,0,0
7234,105,109,0,0,1,0,0
7235,-21,102,0,0,1,0,0
7236,109,124,1,0,0,0,0
7237,76,-39,0,0,0,0,0
7238,88,-53,1,0,0,0,0
7239,34,127,0,0,1,0,0
7240,78,44,0,0,0,0,0
7241,60,71,0,0,0,0,0
7242,-43,13,1,0,1,-559,1
7243,88,-15,0,0,1,-559,0
7244,-107,-57,1,0,0,-559,0
7245,-99,60,0,0,0,-559,0
7246,-23,41,1,0,1,-1502,1
7247,-95,-117,0,0,1,-1502,0
7248,-30,25,0,0,1,-1502,0
7249,-43,109,0,0,0,-1502,0
7250,-42,47,0,0,1,-1502,0
7251,117,-9,0,0,1,-1502,0
7252,3,84,0,0,1,-1502,0
7253,-88,-17,0,0,1,-1502,0
7254,-38,-57,1,0,1,664,1
7255,122,76,0,0,1,664,0
7256,-27,-105,1,0,0,664,0
7257,81,-101,1,0,0,664,0
7258,102,-93,0,0,0,664,0
7259,-24,23,1,0,0,664,0
7260,83,-21,0,0,1,664,0
7261,-99,-63,1,0,0,664,0
7262,110,12,1,0,0,664,0
7263,124,-60,1,1,0,0,0
7264,-3,-86,1,0,0,0,0
7265,74,-97,1,0,0,0,0
7266,-83,-37,0,0,0,0,0
7267,112,-92,1,0,1,-10304,1
7268,112,-127,1,0,0,-10304,0
7269,-42,70,1,0,1,-13244,1
7270,-85,35,0,0,0,-13244,0
7271,21,83,0,0,1,-13244,0
7272,-128,-55,1,0,1,-6204,1
7273,-6,-8,1,0,1,-6156,1
7274,-62,6,1,0,1,-6528,1
7275,-29,72,0,0,1,-6528,0
7276,-111,61,1,0,1,-13299,1
7277,-10,107,0,0,1,-13299,0
7278,74,27,0,0,0,-13299,0
7279,-99,90,0,0,1,-13299,0
7280,-93,52,0,0,0,-13299,0
7281,-4,8,1,0,0,-13299,0
7282,73,-82,1,0,1,-19285,1
7283,-73,-100,1,0,0,-19285,0
7284,96,24,0,0,1,-19285,0
7285,49,36,0,0,1,-19285,0
7286,-30,-16,0,0,1,-19285,0
7287,-101,-125,0,0,0,-19285,0
7288,7,91,0,0,0,-19285,0
7289,-23,108,1,0,0,-19285,0
7290,20,63,0,0,1,-19285,0
7291,-34,88,1,0,0,-19285,0
7292,9,100,1,0,1,-18385,1
7293,81,89,0,1,1,0,0
7294,-11,111,1,0,1,-1221,1
7295,-46,-62,1,0,1,1631,1
7296,76,-85,0,0,0,1631,0
7297,-46,107,0,0,0,1631,0
7298,102,-63,1,0,0,1631,0
7299,74,118,0,0,0,1631,0
7300,-85,10,1,0,0,1631,0
7301,-126,42,0,0,1,1631,0
7302,119,-3,1,0,0,1631,0
7303,-57,11,0,0,0,1631,0
7304,-60,-1,0,0,0,1631,0
7305,-8,-90,1,0,1,2351,1
7306,-22,-119,0,0,0,2351,0
7307,81,-66,1,0,0,2351,0
7308,-14,-102,1,0,0,2351,0
7309,-79,22,0,0,1,2351,0
7310,-25,-10,0,1,0,0,0
7311,38,-73,1,0,0,0,0
7312,-26,64,1,0,0,0,0
7313,-18,97,1,0,1,-1746,1
7314,-63,91,0,0,0,-1746,0
7315,27,22,0,0,0,-1746,0
7316,117,-69,0,1,1,0,0
7317,-1,-40,0,0,1,0,0
7318,-114,-31,1,0,1,3534,1
7319,-48,-28,0,0,0,3534,0
7320,-43,91,1,0,0,3534,0
7321,74,-87,0,0,1,3534,0
7322,-6,-45,0,0,0,3534,0
7323,-84,-23,0,0,0,3534,0
7324,-128,23,0,0,1,3534,0
7325,66,72,0,0,1,3534,0
7326,125,54,0,0,0,3534,0
7327,121,39,1,0,0,3534,0
7328,7,53,0,0,1,3534,0
7329,100,-104,0,0,1,3534,0
7330,23,46,1,0,0,3534,0
7331,-61,-125,1,0,0,3534,0
7332,39,-88,1,0,0,3534,0
7333,124,53,0,0,0,3534,0
7334,-98,-28,0,0,0,3534,0
7335,125,46,0,0,0,3534,0
7336,-124,92,1,0,1,-7874,1
7337,67,-82,1,0,0,-7874,0
7338,36,-81,1,0,1,-10790,1
7339,107,38,1,0,0,-10790,0
7340,25,47,1,0,1,-9615,1
7341,-3,42,1,0,1,-9741,1
7342,85,39,1,0,0,-9741,0
7343,85,-52,1,0,0,-9741,0
7344,44,-50,1,0,1,-11941,1
7345,-70,33,1,0,1,-14251,1
7346,120,-12,0,0,0,-14251,0
7347,-95,-50,0,0,1,-14251,0
7348,-53,-69,0,0,0,-14251,0
7349,-57,82,0,0,0,-14251,0
7350,-35,46,0,0,1,-14251,0
7351,51,91,0,0,0,-14251,0
7352,34,-43,0,0,0,-14251,0
7353,42,-45,0,0,1,-14251,0
7354,-77,-104,0,0,1,-14251,0
7355,-5,-99,1,0,1,-13756,1
7356,-125,-17,1,0,1,-11631,1
7357,-87,2,1,0,0,-11631,0
7358,-63,7,1,0,0,-11631,0
7359,5,-50,0,0,1,-11631,0
7360,41,121,0,0,0,-11631,0
7361,21,-49,1,0,0,-11631,0
7362,70,-30,1,0,1,-13731,1
7363,-105,59,0,0,1,-13731,0
7364,104,-94,1,0,1,-23507,1
7365,-98,-54,0,0,1,-23507,0
7366,46,-35,0,0,0,-23507,0
7367,-78,-113,1,0,0,-23507,0
7368,121,-128,1,0,0,-23507,0
7369,-58,127,0,0,1,-23507,0
7370,-46,-103,1,0,1,-18769,1
7371,103,64,1,0,1,-12177,1
7372,-76,0,1,0,0,-12177,0
7373,-28,-74,0,0,0,-12177,0
7374,-12,-115,1,0,1,-10797,1
7375,110,58,0,0,0,-10797,0
7376,35,-33,0,0,0,-10797,0
7377,40,-64,0,0,1,-10797,0
7378,17,105,0,0,1,-10797,0
7379,91,49,0,0,0,-10797,0
7380,-28,-40,1,0,1,-9677,1
7381,107,79,1,0,1,-1224,1
7382,38,83,0,0,0,-1224,0
7383,3,95,1,0,0,-1224,0
7384,64,18,1,0,1,-72,1
7385,36,40,0,0,1,-72,0
7386,13,91,1,0,0,-72,0
7387,-124,-89,0,0,1,-72,0
7388,118,-125,0,0,1,-72,0
7389,-81,74,0,0,0,-72,0
7390,-30,-48,0,0,1,-72,0
7391,-95,63,1,0,1,-6057,1
7392,-15,-8,1,0,0,-6057,0
7393,-55,104,0,0,0,-6057,0
7394,-47,56,0,0,1,-6057,0
7395,-51,73,0,0,0,-6057,0
7396,26,67,1,0,1,-4315,1
7397,25,-69,0,0,0,-4315,0
7398,97,-75,0,0,0,-4315,0
7399,1,-49,1,0,1,-4364,1
7400,125,-60,0,0,1,-4364,0
7401,-39,64,1,0,1,-6860,1
7402,77,84,1,0,1,-392,1
7403,42,-75,0,0,1,-392,0
7404,75,7,1,0,1,133,1
7405,-107,95,1,0,1,-10032,1
7406,82,24,0,0,0,-10032,0
7407,-125,121,1,0,1,-25157,1
7408,32,31,0,0,0,-25157,0
7409,66,-112,0,0,0,-25157,0
7410,-2,19,1,0,0,-25157,0
7411,55,-25,0,0,0,-25157,0
7412,121,-58,1,0,1,-32175,1
7413,-20,-95,0,0,0,-32175,0
7414,34,-118,1,0,0,-32175,0
7415,-8,94,0,0,1,-32175,0
7416,26,39,1,0,0,-32175,0
7417,30,-101,1,0,0,-32175,0
7418,105,9,0,0,1,-32175,0
7419,61,90,1,0,1,-26685,1
7420,-26,19,1,0,0,-26685,0
7421,-6,-99,0,0,1,-26685,0
7422,114,-81,0,0,1,-26685,0
7423,-53,-97,0,0,1,-26685,0
7424,-9,15,1,0,0,-26685,0
7425,-75,102,1,0,1,-34335,1
7426,85,-75,1,0,0,-34335,0
7427,-117,90,0,0,1,-34335,0
7428,75,6,0,0,0,-34335,0
7429,-98,114,1,0,0,-34335,0
7430,-63,-49,0,0,0,-34335,0
7431,70,60,0,0,1,-34335,0
7432,1,-16,1,0,1,-34351,1
7433,-100,-18,1,0,0,-34351,0
7434,-74,46,1,0,1,-37755,1
7435,81,56,1,0,1,-33219,1
7436,121,-125,0,0,1,-33219,0
7437,41,-100,1,0,0,-33219,0
7438,53,-48,1,0,0,-33219,0
7439,116,-126,0,0,0,-33219,0
7440,24,78,0,0,0,-33219,0
7441,-89,-42,0,0,0,-33219,0
7442,-40,51,0,0,1,-33219,0
7443,-123,-72,0,0,0,-33219,0
7444,72,-76,0,0,0,-33219,0
7445,-59,24,1,0,0,-33219,0
7446,23,-24,0,0,0,-33219,0
7447,-57,-106,0,0,1,-33219,0
7448,-1,35,1,0,0,-33219,0
7449,50,91,0,0,0,-33219,0
7450,105,48,0,0,0,-33219,0
7451,-79,47,1,0,1,-36932,1
7452,-64,60,1,0,0,-36932,0
7453,95,-110,1,0,0,-36932,0
7454,117,-69,1,0,1,-45005,1
7455,30,1,0,0,0,-45005,0
7456,30,100,0,0,0,-45005,0
7457,67,-30,0,0,1,-45005,0
7458,33,-56,0,0,0,-45005,0
7459,32,86,0,0,1,-45005,0
7460,63,120,0,0,0,-45005,0
7461,-57,-95,1,0,1,-39590,1
7462,121,45,0,0,0,-39590,0
7463,90,-26,1,0,1,-41930,1
7464,-59,-125,1,0,1,-34555,1
7465,-106,-116,0,0,1,-34555,0
7466,4,94,0,0,1,-34555,0
7467,-74,80,0,0,0,-34555,0
7468,-89,108,0,0,1,-34555,0
7469,-48,7,0,0,0,-34555,0
7470,26,-39,1,0,0,-34555,0
7471,-70,18,1,0,1,-35815,1
7472,51,100,0,0,1,-35815,0
7473,66,25,0,0,0,-35815,0
7474,99,53,0,0,0,-35815,0
7475,57,59,0,0,0,-35815,0
7476,10,-5,1,0,0,-35815,0
7477,25,-58,1,0,1,-37265,1
7478,110,-11,1,0,0,-37265,0
7479,0,-70,1,0,1,-37265,1
7480,-30,-112,0,0,0,-37265,0
7481,23,91,0,0,1,-37265,0
7482,-46,-94,1,0,1,-32941,1
7483,57,116,0,0,0,-32941,0
7484,-13,-35,1,0,0,-32941,0
7485,99,55,1,0,1,-27496,1
7486,10,-118,1,0,1,-28676,1
7487,-63,-125,0,0,1,-28676,0
7488,-118,-88,1,0,1,-18292,1
7489,105,-116,1,0,0,-18292,0
7490,98,-86,0,0,1,-18292,0
7491,-42,118,0,0,0,-18292,0
7492,-14,112,0,0,0,-18292,0
7493,86,14,0,0,1,-18292,0
7494,31,87,1,0,1,-15595,1
7495,-114,88,0,0,1,-15595,0
7496,81,-54,1,0,1,-19969,1
7497,-79,68,1,0,0,-19969,0
7498,-113,-14,0,0,0,-19969,0
7499,-36,-10,1,0,1,-19609,1
7500,-12,-119,1,0,0,-19609,0
7501,126,123,1,0,1,-4111,1
7502,41,-92,1,0,0,-4111,0
7503,92,62,0,0,1,-4111,0
7504,-103,114,1,0,0,-4111,0
7505,27,70,0,0,1,-4111,0
7506,-87,54,0,0,1,-4111,0
7507,-110,27,1,0,0,-4111,0
7508,-82,-98,0,0,1,-4111,0
7509,90,-80,1,0,1,-11311,1
7510,-97,-110,0,0,1,-11311,0
7511,-67,115,1,0,1,-19016,1
7512,-37,-30,1,0,1,-17906,1
7513,-122,27,0,0,1,-17906,0
7514,34,36,1,0,0,-17906,0
7515,1,-30,0,0,0,-17906,0
7516,-25,38,1,0,0,-17906,0
7517,12,-35,0,0,1,-17906,0
7518,-102,83,0,0,0,-17906,0
7519,-102,36,1,0,1,-21578,1
7520,-38,-79,1,0,0,-21578,0
7521,84,90,0,0,0,-21578,0
7522,-84,-121,1,0,0,-21578,0
7523,8,113,0,0,1,-21578,0
7524,-62,12,0,0,0,-21578,0
7525,-116,106,1,0,1,-33874,1
7526,-45,9,0,0,0,-33874,0
7527,-10,31,0,0,1,-33874,0
7528,-100,-128,0,0,1,-33874,0
7529,-67,92,0,0,1,-33874,0
7530,-22,19,1,0,1,-34292,1
7531,118,13,1,0,1,-32758,1
7532,-31,88,1,0,1,-35486,1
7533,15,-116,0,0,0,-35486,0
7534,89,119,0,0,1,-35486,0
7535,19,94,1,0,1,-33700,1
7536,-56,23,1,1,0,0,0
7537,-109,127,0,0,1,0,0
7538,121,76,0,0,1,0,0
7539,113,-64,0,0,1,0,0
7540,-53,52,1,0,0,0,0
7541,111,111,1,0,1,12321,1
7542,-14,16,1,0,1,12097,1
7543,-69,69,0,0,1,12097,0
7544,127,79,1,0,0,12097,0
7545,13,-74,0,0,0,12097,0
7546,50,92,0,0,0,12097,0
7547,50,41,0,0,1,12097,0
7548,86,-92,1,0,0,12097,0
7549,-80,87,0,0,1,12097,0
7550,54,-56,0,0,1,12097,0
7551,32,15,0,0,1,12097,0
7552,12,8,1,0,1,12193,1
7553,-92,-42,0,0,1,12193,0
7554,8,2,0,0,1,12193,0
7555,-19,-66,0,0,1,12193,0
7556,83,-10,1,0,1,11363,1
7557,0,42,0,0,1,11363,0
7558,62,-102,1,0,1,5039,1
7559,5,-95,0,0,0,5039,0
7560,-8,93,1,0,1,4295,1
7561,-73,121,1,0,1,-4538,1
7562,-118,-14,1,0,0,-4538,0
7563,66,-16,1,0,0,-4538,0
7564,-19,86,1,0,0,-4538,0
7565,-71,-69,1,0,0,-4538,0
7566,104,115,1,0,0,-4538,0
7567,2,-63,0,0,0,-4538,0
7568,86,-8,0,0,0,-4538,0
7569,-69,11,1,0,1,-5297,1
7570,75,126,0,1,0,0,0
7571,4,90,0,0,0,0,0
7572,32,-99,0,0,0,0,0
7573,-72,-83,1,0,1,5976,1
7574,-14,-10,0,1,1,0,0
7575,-58,11,0,0,0,0,0
7576,92,-58,0,0,1,0,0
7577,-81,60,0,0,0,0,0
7578,-11,-69,1,0,0,0,0
7579,56,85,0,0,0,0,0
7580,-88,65,1,0,0,0,0
7581,25,58,1,0,0,0,0
7582,-42,-31,1,0,1,1302,1
7583,-95,-34,1,0,0,1302,0
7584,-60,31,0,0,1,1302,0
7585,-25,-113,1,0,1,4127,1
7586,63,80,0,0,1,4127,0
7587,80,66,0,0,1,4127,0
7588,-65,-82,0,0,0,4127,0
7589,-40,88,1,0,0,4127,0
7590,-113,-116,0,0,0,4127,0
7591,110,-126,1,0,0,4127,0
7592,-123,-98,0,0,0,4127,0
7593,116,-67,0,0,0,4127,0
7594,106,18,0,0,0,4127,0
7595,-117,-85,1,0,1,14072,1
7596,-118,17,1,0,1,12066,1
7597,66,-116,1,0,1,4410,1
7598,51,-106,1,0,0,4410,0
7599,41,110,1,0,0,4410,0
7600,116,48,0,0,1,4410,0
7601,-8,2,0,0,1,4410,0
7602,115,-101,1,0,0,4410,0
7603,23,123,0,0,1,4410,0
7604,-51,33,1,0,0,4410,0
7605,-62,-43,0,0,1,4410,0
7606,56,49,1,0,0,4410,0
7607,45,-111,0,0,1,4410,0
7608,91,-111,1,0,0,4410,0
7609,-28,-99,1,0,1,7182,1
7610,71,-61,0,0,0,7182,0
7611,-84,-9,1,0,0,7182,0
7612,-69,97,1,0,1,489,1
7613,-119,-105,1,0,0,489,0
7614,127,67,0,0,0,489,0
7615,30,69,1,0,0,489,0
7616,117,57,1,0,1,7158,1
7617,90,-52,1,0,1,2478,1
7618,52,3,1,0,1,2634,1
7619,-82,-72,0,0,1,2634,0
7620,-22,32,1,0,0,2634,0
7621,36,-62,1,0,0,2634,0
7622,63,97,1,1,0,0,0
7623,-72,-66,1,0,1,4752,1
7624,16,-5,1,0,0,4752,0
7625,-7,56,1,0,0,4752,0
7626,64,117,1,0,0,4752,0
7627,-38,110,0,0,0,4752,0
7628,25,47,0,0,1,4752,0
7629,107,103,1,0,0,4752,0
7630,-9,-69,0,0,1,4752,0
7631,-84,36,0,0,1,4752,0
7632,-87,-28,1,0,0,4752,0
7633,81,-114,1,0,1,-4482,1
7634,34,96,1,0,0,-4482,0
7635,-120,24,0,0,0,-4482,0
7636,-71,-63,1,0,1,-9,1
7637,42,-98,0,0,0,-9,0
7638,-74,36,0,0,0,-9,0
7639,-12,-47,1,0,0,-9,0
7640,-31,22,1,0,0,-9,0
7641,-40,97,0,0,1,-9,0
7642,-85,-72,1,0,0,-9,0
7643,-57,124,0,0,1,-9,0
7644,-81,79,1,0,0,-9,0
7645,81,77,0,0,0,-9,0
7646,8,-30,1,1,0,0,0
7647,63,20,1,0,1,1260,1
7648,41,-72,0,0,0,1260,0
7649,37,-38,0,0,0,1260,0
7650,72,12,0,0,1,1260,0
7651,-63,3,0,0,1,1260,0
7652,-12,-108,1,0,1,2556,1
7653,-106,44,1,0,1,-2108,1
7654,-77,-47,0,0,0,-2108,0
7655,-113,103,1,0,0,-2108,0
7656,18,114,1,0,1,-56,1
7657,-106,90,1,0,0,-56,0
7658,23,-35,0,0,1,-56,0
7659,114,-80,0,0,0,-56,0
7660,-30,111,1,0,0,-56,0
7661,-126,-51,1,0,0,-56,0
7662,63,-25,0,0,0,-56,0
7663,68,-72,1,0,0,-56,0
7664,43,117,0,0,0,-56,0
7665,37,-126,0,0,0,-56,0
7666,62,99,1,0,0,-56,0
7667,-17,-90,0,0,1,-56,0
7668,-114,20,1,0,0,-56,0
7669,-54,107,1,0,0,-56,0
7670,-25,-74,0,0,0,-56,0
7671,45,-10,1,0,0,-56,0
7672,15,-3,0,1,0,0,0
7673,-40,78,0,0,0,0,0
7674,23,-19,1,0,1,-437,1
7675,-116,42,1,0,0,-437,0
7676,-103,127,0,0,1,-437,0
7677,4,37,1,0,0,-437,0
7678,81,-29,0,0,1,-437,0
7679,80,91,0,0,1,-437,0
7680,-29,112,1,0,1,-3685,1
7681,-28,-8,0,0,1,-3685,0
7682,-124,25,1,0,0,-3685,0
7683,-91,-101,0,0,0,-3685,0
7684,52,112,1,0,0,-3685,0
7685,-12,-84,0,0,0,-3685,0
7686,77,-53,0,0,0,-3685,0
7687,-37,-82,0,0,0,-3685,0
7688,18,111,1,0,0,-3685,0
7689,-69,94,1,0,1,-10171,1
7690,-35,126,0,0,0,-10171,0
7691,67,71,1,0,1,-5414,1
7692,-50,35,0,0,0,-5414,0
7693,-97,127,1,0,0,-5414,0
7694,-13,23,1,0,1,-5713,1
7695,24,-37,1,0,1,-6601,1
7696,-118,-104,0,0,0,-6601,0
7697,117,9,0,0,0,-6601,0
7698,62,34,0,0,1,-6601,0
7699,50,-113,0,0,1,-6601,0
7700,-86,23,1,0,0,-6601,0
7701,126,19,1,0,1,-4207,1
7702,20,-98,0,0,0,-4207,0
7703,-95,-93,0,0,0,-4207,0
7704,-89,54,0,0,0,-4207,0
7705,-10,-12,0,0,1,-4207,0
7706,16,9,0,0,0,-4207,0
7707,-11,107,1,0,0,-4207,0
7708,-40,13,0,0,1,-4207,0
7709,-102,-126,1,0,0,-4207,0
7710,0,-34,0,0,0,-4207,0
7711,101,30,1,0,1,-1177,1
7712,-100,109,0,0,0,-1177,0
7713,-122,22,1,0,0,-1177,0
7714,-94,44,0,0,1,-1177,0
7715,107,-81,1,0,0,-1177,0
7716,-8,115,0,0,1,-1177,0
7717,100,-115,1,0,0,-1177,0
7718,-43,36,1,0,1,-2725,1
7719,40,30,1,0,0,-2725,0
7720,-31,-75,1,1,0,0,0
7721,-26,-25,0,0,0,0,0
7722,60,-95,1,1,0,0,0
7723,21,114,1,0,1,2394,1
7724,-128,-62,1,0,1,10330,1
7725,63,-120,0,0,0,10330,0
7726,-100,3,0,0,1,10330,0
7727,49,-77,1,0,0,10330,0
7728,21,-6,0,0,0,10330,0
7729,-56,71,0,0,1,10330,0
7730,42,-77,1,0,1,7096,1
7731,-40,-78,1,0,1,10216,1
7732,96,75,0,0,0,10216,0
7733,68,-72,0,0,1,10216,0
7734,27,10,0,0,0,10216,0
7735,10,-62,1,0,1,9596,1
7736,99,-60,1,0,0,9596,0
7737,107,103,0,0,1,9596,0
7738,96,-37,1,0,0,9596,0
7739,-116,121,1,0,1,-4440,1
7740,-124,21,0,0,1,-4440,0
7741,114,-125,1,0,1,-18690,1
7742,37,-105,0,0,1,-18690,0
7743,36,-90,0,0,1,-18690,0
7744,-88,-113,0,0,0,-18690,0
7745,22,-45,0,0,0,-18690,0
7746,-109,-7,1,0,1,-17927,1
7747,32,-49,0,0,1,-17927,0
7748,-47,7,1,0,0,-17927,0
7749,23,6,0,0,0,-17927,0
7750,41,-3,0,0,1,-17927,0
7751,63,-71,0,0,0,-17927,0
7752,58,-26,0,0,1,-17927,0
7753,-111,83,1,0,1,-27140,1
7754,-117,-33,0,0,0,-27140,0
7755,-46,-16,1,0,0,-27140,0
7756,-126,95,1,0,0,-27140,0
7757,-123,-65,0,0,0,-27140,0
7758,70,-103,0,0,1,-27140,0
7759,47,-69,0,0,0,-27140,0
7760,-88,-40,0,0,1,-27140,0
7761,-124,72,0,0,0,-27140,0
7762,48,69,0,0,0,-27140,0
7763,-81,98,0,1,1,0,0
7764,41,-112,1,0,0,0,0
7765,-116,115,1,0,1,-13340,1
7766,71,-104,1,0,1,-20724,1
7767,-6,-2,1,0,0,-20724,0
7768,11,-51,1,0,0,-20724,0
7769,-29,84,0,0,0,-20724,0
7770,-60,-70,0,0,1,-20724,0
7771,109,-104,0,0,0,-20724,0
7772,4,-24,1,0,1,-20820,1
7773,53,125,1,0,0,-20820,0
7774,115,-108,0,0,1,-20820,0
7775,47,9,0,0,0,-20820,0
7776,20,49,0,0,1,-20820,0
7777,-80,-59,0,0,0,-20820,0
7778,-103,104,0,0,0,-20820,0
7779,-45,-5,1,0,0,-20820,0
7780,-79,-24,0,0,1,-20820,0
7781,-76,69,0,0,0,-20820,0
7782,-27,8,0,0,0,-20820,0
7783,-70,-104,0,0,1,-20820,0
7784,122,60,0,0,1,-20820,0
7785,104,-34,1,0,1,-24356,1
7786,6,89,1,0,0,-24356,0
7787,1,-9,0,0,0,-24356,0
7788,-94,-75,1,0,1,-17306,1
7789,-105,-12,1,0,1,-16046,1
7790,-83,-52,0,0,1,-16046,0
7791,-59,17,0,0,0,-16046,0
7792,-37,40,1,0,0,-16046,0
7793,33,-28,1,0,1,-16970,1
7794,-12,-62,1,0,0,-16970,0
7795,89,43,0,0,0,-16970,0
7796,49,-30,1,0,1,-18440,1
7797,-111,106,1,0,0,-18440,0
7798,60,120,0,0,0,-18440,0
7799,-86,41,0,0,1,-18440,0
7800,121,12,1,0,1,-16988,1
7801,-14,-14,0,0,1,-16988,0
7802,70,116,1,0,0,-16988,0
7803,32,-57,1,0,1,-18812,1
7804,34,44,0,0,1,-18812,0
7805,-103,-36,0,0,0,-18812,0
7806,-87,-14,0,0,0,-18812,0
7807,43,-50,1,0,0,-18812,0
7808,-89,-95,1,0,1,-10357,1
7809,45,9,1,0,0,-10357,0
7810,-53,47,0,0,0,-10357,0
7811,-127,-75,0,0,0,-10357,0
7812,-43,67,1,0,1,-13238,1
7813,-69,110,1,0,0,-13238,0
7814,15,-54,1,0,1,-14048,1
7815,35,21,1,0,1,-13313,1
7816,-119,81,0,0,0,-13313,0
7817,85,4,0,0,1,-13313,0
7818,-28,-3,0,0,1,-13313,0
7819,-21,75,0,0,0,-13313,0
7820,35,47,0,0,1,-13313,0
7821,47,-82,1,0,0,-13313,0
7822,65,79,0,0,1,-13313,0
7823,-5,-9,1,0,1,-13268,1
7824,92,-118,1,0,0,-13268,0
7825,-21,-34,1,0,1,-12554,1
7826,14,68,0,1,1,0,0
7827,-110,-123,1,0,0,0,0
7828,-1,56,0,0,1,0,0
7829,76,58,0,0,0,0,0
7830,-20,-8,1,0,0,0,0
7831,-1,-52,0,0,1,0,0
7832,97,-101,1,0,0,0,0
7833,24,18,1,0,1,432,1
7834,78,11,0,0,0,432,0
7835,40,11,0,0,1,432,0
7836,-69,-110,0,0,0,432,0
7837,-120,83,0,0,0,432,0
7838,33,-91,1,0,1,-2571,1
7839,120,112,0,0,0,-2571,0
7840,-55,-103,0,0,1,-2571,0
7841,-37,71,1,0,0,-2571,0
7842,108,27,1,0,1,345,1
7843,108,-75,0,1,0,0,0
7844,45,-23,1,0,1,-1035,1
7845,-110,-73,0,0,0,-1035,0
7846,-2,116,1,0,0,-1035,0
7847,-46,108,0,0,1,-1035,0
7848,-57,24,1,0,0,-1035,0
7849,22,-71,0,0,0,-1035,0
7850,-32,-4,1,0,1,-907,1
7851,45,-16,1,1,1,0,0
7852,2,108,1,0,0,0,0
7853,36,31,1,0,0,0,0
7854,-60,-58,1,0,0,0,0
7855,-42,-23,0,0,0,0,0
7856,-32,65,0,0,0,0,0
7857,-20,75,1,0,1,-1500,1
7858,-17,-5,1,0,1,-1415,1
7859,-50,83,0,0,0,-1415,0
7860,-100,-100,1,0,1,8585,1
7861,-45,-69,0,0,0,8585,0
7862,7,-60,1,0,0,8585,0
7863,34,-40,0,0,0,8585,0
7864,43,-75,1,0,0,8585,0
7865,38,-114,1,0,1,4253,1
7866,41,-82,0,0,1,4253,0
7867,21,-87,1,0,0,4253,0
7868,119,26,0,0,1,4253,0
7869,87,-23,0,0,0,4253,0
7870,-64,-93,0,0,0,4253,0
7871,104,-39,0,0,0,4253,0
7872,38,95,0,0,1,4253,0
7873,-41,52,0,0,1,4253,0
7874,82,-115,0,0,0,4253,0
7875,53,14,1,0,1,4995,1
7876,52,-98,0,0,0,4995,0
7877,-106,-53,1,0,0,4995,0
7878,-64,7,0,0,0,4995,0
7879,-119,-97,1,0,0,4995,0
7880,-104,55,0,0,0,4995,0
7881,117,-8,0,0,0,4995,0
7882,122,116,1,0,0,4995,0
7883,-109,-63,1,0,1,11862,1
7884,-22,-74,1,0,1,13490,1
7885,14,-33,0,0,1,13490,0
7886,108,101,0,0,1,13490,0
7887,43,12,0,0,1,13490,0
7888,86,22,0,0,1,13490,0
7889,10,-70,0,0,1,13490,0
7890,-124,122,1,0,0,13490,0
7891,69,92,0,0,0,13490,0
7892,-9,63,0,0,1,13490,0
7893,43,14,1,0,1,14092,1
7894,127,100,0,1,0,0,0
7895,36,-115,1,0,1,-4140,1
7896,88,-126,1,0,0,-4140,0
7897,-53,-24,1,0,0,-4140,0
7898,55,-126,0,0,1,-4140,0
7899,62,-96,1,0,1,-10092,1
7900,31,-114,1,0,0,-10092,0
7901,-107,-59,0,0,1,-10092,0
7902,52,109,1,0,1,-4424,1
7903,125,-102,0,0,1,-4424,0
7904,70,83,1,0,0,-4424,0
7905,-26,-3,1,0,0,-4424,0
7906,-111,-97,0,0,1,-4424,0
7907,-44,-71,0,0,1,-4424,0
7908,-73,108,0,0,0,-4424,0
7909,22,-34,0,0,1,-4424,0
7910,-93,86,0,0,1,-4424,0
7911,-62,-71,0,0,1,-4424,0
7912,-46,-121,1,0,1,1142,1
7913,119,-55,1,0,0,1142,0
7914,-63,-6,1,0,1,1520,1
7915,54,-42,0,0,1,1520,0
7916,-114,50,0,0,1,1520,0
7917,-34,4,0,0,0,1520,0
7918,-106,24,0,0,0,1520,0
7919,56,106,0,0,1,1520,0
7920,76,95,0,0,1,1520,0
7921,-56,-50,0,0,1,1520,0
7922,-105,2,0,0,1,1520,0
7923,12,-56,0,0,1,1520,0
7924,-30,-23,0,0,0,1520,0
7925,-28,-122,1,0,0,1520,0
7926,48,127,1,0,0,1520,0
7927,-78,-36,1,0,0,1520,0
7928,33,-90,1,0,0,1520,0
7929,74,17,0,0,0,1520,0
7930,-93,-2,0,0,0,1520,0
7931,62,-101,1,0,1,-4742,1
7932,30,48,1,0,1,-3302,1
7933,-114,16,0,0,1,-3302,0
7934,5,67,1,0,0,-3302,0
7935,-28,67,0,0,1,-3302,0
7936,-42,13,0,0,0,-3302,0
7937,-89,-72,0,0,1,-3302,0
7938,-115,90,1,0,0,-3302,0
7939,-85,122,0,0,1,-3302,0
7940,-54,105,0,0,0,-3302,0
7941,-102,24,0,1,0,0,0
7942,-63,-8,0,0,0,0,0
7943,97,65,1,0,1,6305,1
7944,-3,63,0,0,0,6305,0
7945,33,47,0,0,1,6305,0
7946,-19,-71,0,0,1,6305,0
7947,-123,-110,1,0,1,19835,1
7948,-91,-5,0,0,0,19835,0
7949,-50,15,0,0,1,19835,0
7950,-14,69,0,0,0,19835,0
7951,-25,114,0,0,1,19835,0
7952,61,-68,0,0,1,19835,0
7953,70,83,1,0,1,25645,1
7954,-76,1,1,0,0,25645,0
7955,-62,-33,0,0,1,25645,0
7956,-76,-109,1,0,1,33929,1
7957,-87,-99,0,0,0,33929,0
7958,-117,63,0,0,1,33929,0
7959,9,-5,0,0,1,33929,0
7960,-26,66,1,0,0,33929,0
7961,-95,77,0,0,0,33929,0
7962,-45,24,1,0,1,32849,1
7963,77,56,1,0,0,32849,0
7964,-112,55,0,0,0,32849,0
7965,-54,8,0,0,0,32849,0
7966,-118,97,0,0,1,32849,0
7967,-127,100,0,0,0,32849,0
7968,26,-95,0,0,1,32849,0
7969,-107,-128,1,0,1,46545,1
7970,7,-98,0,0,1,46545,0
7971,0,-111,1,0,0,46545,0
7972,-52,77,1,0,1,42541,1
7973,-17,40,0,0,0,42541,0
7974,88,25,0,0,1,42541,0
7975,-98,76,0,0,0,42541,0
7976,100,-63,0,0,1,42541,0
7977,-58,44,0,0,1,42541,0
7978,-84,-81,1,0,1,49345,1
7979,18,64,1,0,0,49345,0
7980,-36,34,1,0,0,49345,0
7981,-92,86,1,0,1,41433,1
7982,-35,-65,1,0,0,41433,0
7983,20,-122,1,0,0,41433,0
7984,36,-28,0,0,1,41433,0
7985,-125,-128,0,0,1,41433,0
7986,8,-98,0,0,1,41433,0
7987,90,37,0,0,0,41433,0
7988,7,52,0,0,0,41433,0
7989,-5,-115,1,0,1,42008,1
7990,27,123,0,0,0,42008,0
7991,-104,62,0,0,0,42008,0
7992,-64,0,0,0,1,42008,0
7993,-98,95,0,0,0,42008,0
7994,23,21,0,0,1,42008,0
7995,26,-31,0,0,0,42008,0
7996,-91,83,1,0,0,42008,0
7997,19,7,0,0,0,42008,0
7998,106,68,0,0,0,42008,0
7999,38,-32,1,0,1,40792,1
8000,-46,-11,0,0,1,40792,0
8001,0,-99,1,0,1,40792,1
8002,32,-126,1,0,1,36760,1
8003,-11,109,0,0,1,36760,0
8004,-63,-45,0,1,1,0,0
8005,-24,-128,1,0,0,0,0
8006,39,-50,0,0,1,0,0
8007,16,74,1,0,1,1184,1
8008,-38,-90,0,0,1,1184,0
8009,-54,-75,0,0,1,1184,0
8010,-1,18,0,0,1,1184,0
8011,1,-128,0,0,0,1184,0
8012,18,109,0,0,1,1184,0
8013,-86,117,1,0,0,1184,0
8014,115,55,1,0,1,7509,1
8015,-6,-127,1,0,0,7509,0
8016,-20,45,1,0,0,7509,0
8017,-104,31,0,0,1,7509,0
8018,56,118,1,0,1,14117,1
8019,51,-51,0,0,0,14117,0
8020,-108,-46,1,0,0,14117,0
8021,9,87,1,0,1,14900,1
8022,35,-94,0,0,1,14900,0
8023,-58,-65,1,0,0,14900,0
8024,-60,-97,0,0,0,14900,0
8025,114,84,0,0,1,14900,0
8026,-3,-63,1,0,1,15089,1
8027,-51,-22,0,0,1,15089,0
8028,-76,-7,1,0,0,15089,0
8029,-76,91,0,0,1,15089,0
8030,-116,-87,0,0,0,15089,0
8031,24,-73,0,0,0,15089,0
8032,-51,111,1,0,1,9428,1
8033,114,-57,0,0,0,9428,0
8034,119,-97,1,0,0,9428,0
8035,-49,-119,0,0,0,9428,0
8036,115,-6,1,1,0,0,0
8037,117,-75,1,0,0,0,0
8038,91,11,1,0,1,1001,1
8039,-75,-34,1,0,0,1001,0
8040,50,-41,1,0,0,1001,0
8041,-125,-73,0,0,1,1001,0
8042,-64,59,1,1,1,0,0
8043,-33,-108,1,0,1,3564,1
8044,-44,-69,0,0,0,3564,0
8045,-57,68,1,0,0,3564,0
8046,17,10,1,0,1,3734,1
8047,-13,48,1,0,1,3110,1
8048,-1,-113,1,0,1,3223,1
8049,-17,-97,1,0,1,4872,1
8050,-98,85,0,0,0,4872,0
8051,67,79,1,0,0,4872,0
8052,-102,59,1,0,0,4872,0
8053,124,-101,0,0,1,4872,0
8054,119,-94,1,0,0,4872,0
8055,-38,77,1,0,1,1946,1
8056,98,-85,1,0,0,1946,0
8057,-90,114,0,0,1,1946,0
8058,-44,104,0,0,1,1946,0
8059,-103,120,1,0,0,1946,0
8060,-122,-19,0,0,0,1946,0
8061,91,75,0,1,0,0,0
8062,116,-104,0,0,0,0,0
8063,40,-9,0,0,0,0,0
8064,97,79,0,0,1,0,0
8065,-118,115,1,0,0,0,0
8066,-96,126,0,0,0,0,0
8067,89,61,1,0,0,0,0
8068,103,4,0,0,1,0,0
8069,-1,8,1,0,1,-8,1
8070,-66,10,0,0,0,-8,0
8071,51,90,0,0,1,-8,0
8072,-48,-55,1,0,0,-8,0
8073,-60,69,0,0,0,-8,0
8074,-127,28,0,0,1,-8,0
8075,-8,28,1,0,0,-8,0
8076,101,-34,0,1,1,0,0
8077,105,126,1,0,0,0,0
8078,-69,-13,0,0,1,0,0
8079,-90,77,1,0,1,-6930,1
8080,-55,12,1,0,0,-6930,0
8081,-125,-38,0,0,1,-6930,0
8082,25,117,1,0,0,-6930,0
8083,-13,-32,1,0,1,-6514,1
8084,20,-110,1,0,0,-6514,0
8085,-9,-121,0,0,0,-6514,0
8086,18,112,0,0,0,-6514,0
8087,-110,70,1,0,0,-6514,0
8088,-89,-19,0,0,0,-6514,0
8089,-87,-34,0,0,1,-6514,0
8090,-17,82,0,0,0,-6514,0
8091,53,1,1,0,0,-6514,0
8092,-50,47,1,0,1,-8864,1
8093,-72,-17,0,0,1,-8864,0
8094,-72,42,1,0,0,-8864,0
8095,11,-52,1,0,1,-9436,1
8096,-91,-106,1,0,0,-9436,0
8097,-39,-44,1,0,0,-9436,0
8098,10,-48,0,0,1,-9436,0
8099,-91,-57,1,0,0,-9436,0
8100,10,91,0,0,1,-9436,0
8101,57,87,0,0,1,-9436,0
8102,-115,50,1,0,1,-15186,1
8103,21,29,0,0,0,-15186,0
8104,105,79,0,0,1,-15186,0
8105,83,-81,1,0,1,-21909,1
8106,-58,77,0,0,1,-21909,0
8107,-104,-36,0,0,0,-21909,0
8108,47,7,1,0,1,-21580,1
8109,42,60,1,0,1,-19060,1
8110,-18,126,0,0,0,-19060,0
8111,-35,-6,1,0,0,-19060,0
8112,47,-26,0,0,1,-19060,0
8113,-81,-72,1,0,0,-19060,0
8114,80,113,0,0,1,-19060,0
8115,62,72,0,0,1,-19060,0
8116,64,-111,0,0,1,-19060,0
8117,-8,-54,0,0,0,-19060,0
8118,-21,-60,1,0,1,-17800,1
8119,80,-35,0,0,1,-17800,0
8120,-21,50,1,0,1,-18850,1
8121,58,57,1,0,1,-15544,1
8122,-1,-47,0,0,1,-15544,0
8123,-40,-85,1,0,0,-15544,0
8124,63,49,0,0,1,-15544,0
8125,80,-119,1,0,1,-25064,1
8126,91,48,1,0,0,-25064,0
8127,-95,-46,1,0,1,-20694,1
8128,-117,127,0,0,1,-20694,0
8129,120,-84,1,0,0,-20694,0
8130,103,100,0,0,0,-20694,0
8131,109,118,0,0,1,-20694,0
8132,-2,13,0,0,1,-20694,0
8133,101,-39,0,0,0,-20694,0
8134,31,-16,1,0,0,-20694,0
8135,28,5,0,0,0,-20694,0
8136,8,-63,0,0,0,-20694,0
8137,-94,-93,1,0,1,-11952,1
8138,-108,-99,1,0,0,-11952,0
8139,-28,41,0,0,1,-11952,0
8140,65,-10,0,0,1,-11952,0
8141,-120,-27,0,0,1,-11952,0
8142,-67,46,0,0,0,-11952,0
8143,-120,34,1,0,1,-16032,1
8144,-78,-12,0,0,1,-16032,0
8145,-99,-69,1,0,0,-16032,0
8146,-82,-81,1,0,0,-16032,0
8147,-87,-50,0,0,1,-16032,0
8148,-26,-86,0,0,1,-16032,0
8149,123,34,1,0,0,-16032,0
8150,27,-62,0,0,1,-16032,0
8151,87,88,1,0,0,-16032,0
8152,-19,-12,0,0,0,-16032,0
8153,-112,-73,0,0,0,-16032,0
8154,-50,-41,1,0,1,-13982,1
8155,70,-61,1,0,1,-18252,1
8156,9,-74,1,0,1,-18918,1
8157,-39,-22,1,0,0,-18918,0
8158,35,-56,0,0,1,-18918,0
8159,98,-92,0,0,0,-18918,0
8160,65,74,1,0,1,-14108,1
8161,-41,-48,1,0,0,-14108,0
8162,91,126,1,0,1,-2642,1
8163,-41,-28,0,0,0,-2642,0
8164,-57,109,1,0,1,-8855,1
8165,127,78,0,0,1,-8855,0
8166,-58,-27,0,0,1,-8855,0
8167,-100,-53,0,0,0,-8855,0
8168,87,53,0,0,0,-8855,0
8169,39,42,1,0,1,-7217,1
8170,-48,-108,1,0,1,-2033,1
8171,51,-94,1,0,0,-2033,0
8172,-54,-108,0,0,1,-2033,0
8173,127,-31,0,0,0,-2033,0
8174,44,112,0,0,1,-2033,0
8175,61,-91,1,0,1,-7584,1
8176,-20,-60,1,0,0,-7584,0
8177,-22,28,1,0,0,-7584,0
8178,81,78,0,1,0,0,0
8179,69,65,1,0,1,4485,1
8180,28,-74,1,0,0,4485,0
8181,98,93,1,0,1,13599,1
8182,-59,-84,1,0,1,18555,1
8183,73,18,0,1,0,0,0
8184,-73,-75,0,0,1,0,0
8185,95,-6,0,0,0,0,0
8186,-59,100,1,0,1,-5900,1
8187,60,61,0,0,1,-5900,0
8188,15,46,0,0,0,-5900,0
8189,-37,-73,0,0,1,-5900,0
8190,-41,-64,0,0,0,-5900,0
8191,112,95,1,0,0,-5900,0
8192,39,98,1,0,0,-5900,0
8193,47,-19,1,1,1,0,0
8194,-26,-69,0,0,0,0,0
8195,24,86,1,0,1,2064,1
8196,49,11,1,0,0,2064,0
8197,39,-67,1,0,0,2064,0
8198,-120,-127,1,0,0,2064,0
8199,-4,-116,1,0,0,2064,0
8200,-31,110,1,0,1,-1346,1
8201,-69,40,0,0,1,-1346,0
8202,-14,-49,0,0,0,-1346,0
8203,62,4,1,0,0,-1346,0
8204,55,60,1,0,0,-1346,0
8205,-19,-115,0,0,1,-1346,0
8206,57,24,0,0,0,-1346,0
8207,-107,-65,0,0,0,-1346,0
8208,64,72,0,0,0,-1346,0
8209,-67,-119,1,0,1,6627,1
8210,39,28,1,0,1,7719,1
8211,0,-100,1,0,0,7719,0
8212,91,21,0,0,0,7719,0
8213,47,39,1,0,1,9552,1
8214,-36,11,1,0,1,9156,1
8215,-20,67,1,0,0,9156,0
8216,-108,-117,0,0,1,9156,0
8217,-55,73,0,0,0,9156,0
8218,95,-89,1,1,0,0,0
8219,-40,77,0,0,1,0,0
8220,97,-43,0,0,0,0,0
8221,-60,116,1,0,1,-6960,1
8222,92,98,1,0,1,2056,1
8223,13,46,0,0,1,2056,0
8224,-85,27,0,0,0,2056,0
8225,59,-112,1,0,0,2056,0
8226,-15,-59,1,0,0,2056,0
8227,31,-104,0,0,0,2056,0
8228,-114,21,0,0,0,2056,0
8229,112,62,1,0,0,2056,0
8230,13,28,1,0,1,2420,1
8231,98,-52,1,0,1,-2676,1
8232,92,-112,1,0,0,-2676,0
8233,59,61,1,0,1,923,1
8234,33,97,1,0,1,4124,1
8235,21,18,1,0,0,4124,0
8236,-91,-19,1,0,0,4124,0
8237,-48,-86,0,0,0,4124,0
8238,103,-62,0,0,0,4124,0
8239,18,-108,1,0,0,4124,0
8240,-90,-53,0,0,0,4124,0
8241,-32,36,0,0,0,4124,0
8242,-106,6,1,0,1,3488,1
8243,104,-42,0,0,0,3488,0
8244,-42,124,1,0,0,3488,0
8245,-10,-6,1,0,0,3488,0
8246,118,58,0,0,1,3488,0
8247,-62,-29,1,0,0,3488,0
8248,110,22,0,0,0,3488,0
8249,123,-110,1,0,1,-10042,1
8250,-54,-126,1,0,0,-10042,0
8251,-65,60,1,0,1,-13942,1
8252,-82,-7,1,0,1,-13368,1
8253,-36,101,1,0,1,-17004,1
8254,-39,29,1,0,1,-18135,1
8255,113,-124,0,0,1,-18135,0
8256,106,-116,1,0,0,-18135,0
8257,122,-5,0,0,0,-18135,0
8258,-87,-43,0,0,1,-18135,0
8259,-28,-120,1,0,1,-14775,1
8260,63,111,1,0,1,-7782,1
8261,-20,-128,0,0,0,-7782,0
8262,-121,96,0,0,0,-7782,0
8263,-54,45,0,0,0,-7782,0
8264,-51,-50,1,0,1,-5232,1
8265,107,-28,0,0,1,-5232,0
8266,-17,-94,1,0,0,-5232,0
8267,72,-99,1,0,1,-12360,1
8268,-48,-8,1,0,0,-12360,0
8269,-120,-104,0,0,1,-12360,0
8270,87,68,0,0,1,-12360,0
8271,-87,-29,1,0,1,-9837,1
8272,-63,-48,0,0,0,-9837,0
8273,97,-72,0,0,0,-9837,0
8274,89,-86,1,0,0,-9837,0
8275,-88,-84,0,0,1,-9837,0
8276,67,-104,0,0,0,-9837,0
8277,6,58,1,0,0,-9837,0
8278,38,-111,0,0,0,-9837,0
8279,40,-95,0,0,1,-9837,0
8280,-86,49,0,0,1,-9837,0
8281,41,6,1,0,0,-9837,0
8282,-55,91,1,0,1,-14842,1
8283,-26,68,1,0,1,-16610,1
8284,-73,-83,1,0,0,-16610,0
8285,65,79,0,0,1,-16610,0
8286,40,30,1,0,0,-16610,0
8287,-96,89,0,0,0,-16610,0
8288,78,75,1,0,0,-16610,0
8289,-46,109,0,0,0,-16610,0
8290,-63,35,1,0,0,-16610,0
8291,114,99,0,0,0,-16610,0
8292,12,23,1,0,1,-16334,1
8293,21,-10,1,0,1,-16544,1
8294,6,-81,0,0,1,-16544,0
8295,102,95,1,0,0,-16544,0
8296,56,90,0,0,1,-16544,0
8297,27,99,0,0,1,-16544,0
8298,84,-81,1,0,1,-23348,1
8299,46,105,1,0,1,-18518,1
8300,96,70,0,0,1,-18518,0
8301,-33,109,0,0,1,-18518,0
8302,-127,-92,0,0,0,-18518,0
8303,-35,-42,1,0,0,-18518,0
8304,-63,-46,1,0,1,-15620,1
8305,100,-21,0,0,0,-15620,0
8306,9,-49,0,0,0,-15620,0
8307,-16,-106,1,1,0,0,0
8308,103,-16,0,0,0,0,0
8309,35,-59,1,0,1,-2065,1
8310,-103,87,0,0,1,-2065,0
8311,-61,-126,0,0,1,-2065,0
8312,-93,13,1,0,0,-2065,0
8313,22,21,0,0,0,-2065,0
8314,95,-107,1,0,0,-2065,0
8315,113,-77,1,0,0,-2065,0
8316,-56,-82,1,0,0,-2065,0
8317,-39,46,1,0,1,-3859,1
8318,118,53,1,0,0,-3859,0
8319,47,45,1,0,0,-3859,0
8320,-90,-88,0,0,0,-3859,0
8321,-116,46,1,1,0,0,0
8322,-28,-13,1,0,1,364,1
8323,47,-5,0,0,1,364,0
8324,124,114,1,0,0,364,0
8325,-9,88,1,0,1,-428,1
8326,-76,74,1,0,1,-6052,1
8327,38,-10,1,0,1,-6432,1
8328,-125,-12,1,0,0,-6432,0
8329,-54,-8,1,0,0,-6432,0
8330,-17,-65,0,0,0,-6432,0
8331,65,118,0,0,0,-6432,0
8332,47,-42,1,0,1,-8406,1
8333,60,-97,0,0,1,-8406,0
8334,-12,67,1,0,0,-8406,0
8335,-99,101,1,0,0,-8406,0
8336,97,25,0,0,0,-8406,0
8337,-87,-109,1,1,1,0,0
8338,-98,-77,1,0,0,0,0
8339,-31,-52,1,0,0,0,0
8340,53,-100,1,0,1,-5300,1
8341,-17,73,1,0,0,-5300,0
8342,-124,-112,0,0,1,-5300,0
8343,85,-63,0,0,0,-5300,0
8344,117,-98,0,0,0,-5300,0
8345,-29,-36,0,0,1,-5300,0
8346,-29,-67,0,0,0,-5300,0
8347,-127,-59,1,0,1,2193,1
8348,-89,-20,0,0,1,2193,0
8349,-87,47,0,0,1,2193,0
8350,-128,-105,1,0,0,2193,0
8351,-64,-55,0,0,0,2193,0
8352,-25,-80,1,0,0,2193,0
8353,110,83,1,0,0,2193,0
8354,-29,65,1,0,0,2193,0
8355,-45,-22,0,0,0,2193,0
8356,-59,-114,0,0,0,2193,0
8357,56,-52,1,0,1,-719,1
8358,98,-97,0,0,0,-719,0
8359,14,74,0,0,0,-719,0
8360,-127,26,1,0,0,-719,0
8361,15,126,0,0,0,-719,0
8362,-88,48,0,0,1,-719,0
8363,-115,46,1,0,0,-719,0
8364,18,0,0,0,0,-719,0
8365,-87,-70,1,0,0,-719,0
8366,27,74,0,0,0,-719,0
8367,50,-101,0,0,0,-719,0
8368,-83,-35,0,0,1,-719,0
8369,98,124,1,0,0,-719,0
8370,-106,103,0,0,0,-719,0
8371,26,113,1,0,0,-719,0
8372,61,2,0,0,1,-719,0
8373,39,-3,1,0,0,-719,0
8374,27,73,0,0,1,-719,0
8375,-82,-113,0,0,0,-719,0
8376,-63,105,0,0,0,-719,0
8377,-19,-111,1,0,1,1390,1
8378,-2,120,0,0,1,1390,0
8379,-40,16,0,0,1,1390,0
8380,107,-119,1,0,0,1390,0
8381,120,10,1,0,0,1390,0
8382,-2,-5,1,0,1,1400,1
8383,44,60,0,0,1,1400,0
8384,-15,-91,1,0,1,2765,1
8385,-46,-27,0,0,1,2765,0
8386,113,34,1,0,1,6607,1
8387,-17,-11,1,0,1,6794,1
8388,73,-125,0,0,0,6794,0
8389,6,54,1,0,0,6794,0
8390,83,11,0,0,1,6794,0
8391,-13,-65,0,1,1,0,0
8392,113,79,1,0,0,0,0
8393,47,111,1,0,0,0,0
8394,-87,-57,1,0,0,0,0
8395,-116,82,0,0,0,0,0
8396,-43,-41,1,0,0,0,0
8397,-41,103,1,0,0,0,0
8398,102,57,0,0,0,0,0
8399,-51,-110,0,0,1,0,0
8400,48,91,1,0,0,0,0
8401,-37,39,0,0,0,0,0
8402,-20,0,0,0,1,0,0
8403,-121,11,0,0,1,0,0
8404,-48,-117,0,0,1,0,0
8405,65,32,0,0,1,0,0
8406,75,81,0,0,1,0,0
8407,-126,-113,0,0,0,0,0
8408,69,-22,0,0,0,0,0
8409,-50,102,0,0,1,0,0
8410,107,55,1,0,1,5885,1
8411,74,-78,1,0,0,5885,0
8412,-113,90,0,0,1,5885,0
8413,97,24,1,1,0,0,0
8414,69,-8,0,0,1,0,0
8415,-96,-4,0,0,0,0,0
8416,-11,-50,0,0,0,0,0
8417,-84,63,1,0,0,0,0
8418,-90,111,0,0,0,0,0
8419,122,-66,0,0,1,0,0
8420,43,-91,1,0,0,0,0
8421,-33,101,1,0,0,0,0
8422,-14,55,0,0,1,0,0
8423,-4,-112,1,0,0,0,0
8424,126,-111,1,0,1,-13986,1
8425,-95,92,1,0,0,-13986,0
8426,103,-40,1,0,0,-13986,0
8427,-55,101,1,0,0,-13986,0
8428,-14,-47,1,0,1,-13328,1
8429,-117,7,0,0,1,-13328,0
8430,111,64,1,0,1,-6224,1
8431,-108,-3,1,0,0,-6224,0
8432,82,59,1,0,1,-1386,1
8433,-60,-111,1,0,0,-1386,0
8434,53,-51,1,0,0,-1386,0
8435,-97,41,0,0,1,-1386,0
8436,-114,-15,0,0,0,-1386,0
8437,121,33,1,0,1,2607,1
8438,104,-42,1,0,0,2607,0
8439,70,-10,1,0,0,2607,0
8440,-67,68,0,0,1,2607,0
8441,20,8,0,0,0,2607,0
8442,38,-93,1,0,1,-927,1
8443,33,-102,0,0,1,-927,0
8444,59,39,0,0,1,-927,0
8445,-8,59,0,0,1,-927,0
8446,17,115,0,0,1,-927,0
8447,-25,-82,0,0,0,-927,0
8448,60,117,0,0,1,-927,0
8449,117,-36,1,0,1,-5139,1
8450,-116,50,1,0,0,-5139,0
8451,-117,67,1,0,0,-5139,0
8452,83,-78,1,0,0,-5139,0
8453,5,64,1,0,1,-4819,1
8454,54,-68,1,0,1,-8491,1
8455,-25,-6,1,0,1,-8341,1
8456,107,67,1,0,1,-1172,1
8457,-1,-47,0,0,0,-1172,0
8458,-77,-52,1,0,1,2832,1
8459,119,126,0,0,1,2832,0
8460,-73,109,1,0,1,-5125,1
8461,-54,9,0,0,0,-5125,0
8462,31,-14,0,0,1,-5125,0
8463,-125,102,1,0,1,-17875,1
8464,-51,-120,1,0,0,-17875,0
8465,-92,-49,0,0,1,-17875,0
8466,16,22,1,0,1,-17523,1
8467,-47,-56,0,0,0,-17523,0
8468,-63,16,1,0,0,-17523,0
8469,92,-61,1,0,1,-23135,1
8470,104,-43,1,0,0,-23135,0
8471,68,-90,1,0,1,-29255,1
8472,98,-16,1,0,1,-30823,1
8473,53,56,0,0,1,-30823,0
8474,-89,-58,1,0,0,-30823,0
8475,-90,-37,0,0,0,-30823,0
8476,-109,-1,0,0,0,-30823,0
8477,-96,-64,0,1,0,0,0
8478,33,5,1,0,1,165,1
8479,-38,-115,1,0,0,165,0
8480,69,-34,1,0,0,165,0
8481,-92,82,0,0,0,165,0
8482,-106,64,0,0,0,165,0
8483,62,123,1,0,0,165,0
8484,-43,98,1,0,1,-4049,1
8485,-64,121,0,0,0,-4049,0
8486,76,53,1,1,0,0,0
8487,-103,-77,0,0,1,0,0
8488,76,68,0,0,1,0,0
8489,106,81,0,0,1,0,0
8490,-40,-7,1,0,1,280,1
8491,-27,56,0,0,0,280,0
8492,44,-101,0,0,1,280,0
8493,108,-107,1,0,0,280,0
8494,-33,86,0,0,1,280,0
8495,-125,-106,0,0,0,280,0
8496,-60,-123,1,0,0,280,0
8497,-92,63,0,0,1,280,0
8498,121,85,0,0,0,280,0
8499,-118,83,0,0,1,280,0
8500,93,-73,1,0,1,-6509,1
8501,17,-101,1,0,1,-8226,1
8502,-21,-29,0,0,1,-8226,0
8503,-72,-1,1,0,1,-8154,1
8504,-92,97,1,0,1,-17078,1
8505,121,101,0,0,0,-17078,0
8506,-27,39,0,0,0,-17078,0
8507,127,85,0,0,1,-17078,0
8508,115,-44,0,0,1,-17078,0
8509,-14,-102,0,0,1,-17078,0
8510,-101,94,1,0,0,-17078,0
8511,33,-48,0,0,1,-17078,0
8512,60,-24,1,0,1,-18518,1
8513,-38,37,0,1,1,0,0
8514,-114,33,0,0,0,0,0
8515,-110,-21,0,0,0,0,0
8516,-36,-106,0,0,0,0,0
8517,-89,62,1,0,1,-5518,1
8518,124,81,0,0,0,-5518,0
8519,68,106,0,0,1,-5518,0
8520,-30,-125,1,0,0,-5518,0
8521,-44,18,1,0,1,-6310,1
8522,-18,-112,1,1,0,0,0
8523,-72,-97,0,0,0,0,0
8524,116,-64,1,0,1,-7424,1
8525,-110,70,1,0,0,-7424,0
8526,-110,82,1,0,1,-16444,1
8527,-32,-26,1,0,1,-15612,1
8528,127,114,1,0,1,-1134,1
8529,-91,-114,0,0,1,-1134,0
8530,20,107,1,0,1,1006,1
8531,-46,-75,0,0,1,1006,0
8532,78,-119,0,0,0,1006,0
8533,127,26,0,0,0,1006,0
8534,-128,31,1,0,0,1006,0
8535,73,-9,1,0,0,1006,0
8536,124,-78,1,0,0,1006,0
8537,33,-101,1,0,0,1006,0
8538,109,-89,1,0,1,-8695,1
8539,89,21,0,0,1,-8695,0
8540,45,-110,0,0,1,-8695,0
8541,-83,-124,1,0,1,1597,1
8542,80,1,1,0,1,1677,1
8543,55,-128,1,0,1,-5363,1
8544,-24,-100,0,0,0,-5363,0
8545,44,14,0,0,0,-5363,0
8546,56,96,1,0,0,-5363,0
8547,96,99,1,0,1,4141,1
8548,-21,91,0,0,0,4141,0
8549,-48,10,0,0,0,4141,0
8550,-69,-48,1,0,0,4141,0
8551,56,-42,0,0,1,4141,0
8552,92,-60,1,0,1,-1379,1
8553,27,16,1,0,0,-1379,0
8554,-100,-64,1,0,0,-1379,0
8555,70,91,1,0,0,-1379,0
8556,-65,42,1,0,0,-1379,0
8557,105,-45,0,0,1,-1379,0
8558,-28,-5,1,0,0,-1379,0
8559,-126,2,0,0,1,-1379,0
8560,-62,-42,0,0,0,-1379,0
8561,-47,0,0,0,0,-1379,0
8562,11,-35,0,0,0,-1379,0
8563,-6,73,1,0,0,-1379,0
8564,86,-37,0,0,0,-1379,0
8565,94,-45,0,0,0,-1379,0
8566,3,-108,0,0,1,-1379,0
8567,-64,69,1,0,1,-5795,1
8568,55,-121,0,0,1,-5795,0
8569,16,-36,1,0,0,-5795,0
8570,-31,77,0,0,1,-5795,0
8571,-124,13,0,0,0,-5795,0
8572,91,122,1,0,0,-5795,0
8573,-69,-103,1,0,0,-5795,0
8574,-13,-92,1,0,0,-5795,0
8575,-76,11,0,0,0,-5795,0
8576,22,2,1,0,0,-5795,0
8577,-52,-54,0,0,1,-5795,0
8578,-67,54,1,0,1,-9413,1
8579,-71,-24,0,1,0,0,0
8580,46,19,1,0,1,874,1
8581,-47,-95,0,0,1,874,0
8582,50,-124,1,0,0,874,0
8583,53,120,0,0,1,874,0
8584,40,-29,0,0,1,874,0
8585,7,98,0,0,1,874,0
8586,102,-43,0,0,0,874,0
8587,40,-121,0,0,1,874,0
8588,-85,-1,1,0,0,874,0
8589,-14,44,1,0,0,874,0
8590,51,98,0,0,1,874,0
8591,96,-124,0,0,0,874,0
8592,61,-102,1,0,1,-5348,1
8593,61,-26,1,0,1,-6934,1
8594,-105,54,0,0,1,-6934,0
8595,-114,-108,1,0,0,-6934,0
8596,-16,-96,0,0,1,-6934,0
8597,-1,124,1,0,1,-7058,1
8598,-19,101,0,0,1,-7058,0
8599,7,63,1,0,1,-6617,1
8600,-5,29,1,0,1,-6762,1
8601,39,-98,1,0,0,-6762,0
8602,69,-13,0,0,1,-6762,0
8603,-68,-110,0,0,0,-6762,0
8604,-11,110,1,0,1,-7972,1
8605,20,-21,0,0,1,-7972,0
8606,-9,107,0,0,0,-7972,0
8607,-78,-7,0,0,0,-7972,0
8608,15,-98,1,0,1,-9442,1
8609,80,44,0,0,1,-9442,0
8610,87,65,1,0,0,-9442,0
8611,-100,-65,0,0,0,-9442,0
8612,102,-45,1,0,0,-9442,0
8613,114,3,1,0,0,-9442,0
8614,4,125,0,0,0,-9442,0
8615,63,-83,0,0,1,-9442,0
8616,-59,-30,0,0,1,-9442,0
8617,-100,2,1,0,0,-9442,0
8618,63,-17,1,0,0,-9442,0
8619,106,73,0,0,0,-9442,0
8620,47,29,1,0,0,-9442,0
8621,24,92,1,0,0,-9442,0
8622,-44,-26,1,0,0,-9442,0
8623,-12,47,1,0,1,-10006,1
8624,52,-101,0,0,1,-10006,0
8625,90,-25,1,0,1,-12256,1
8626,-47,98,1,1,1,0,0
8627,33,22,0,0,1,0,0
8628,74,95,1,1,0,0,0
8629,24,-62,0,0,0,0,0
8630,-49,123,1,0,0,0,0
8631,80,-32,0,0,1,0,0
8632,-37,61,1,0,1,-2257,1
8633,-53,101,0,0,0,-2257,0
8634,21,40,0,0,0,-2257,0
8635,-40,76,1,0,1,-5297,1
8636,9,-74,0,0,0,-5297,0
8637,30,-2,1,0,0,-5297,0
8638,6,10,1,0,1,-5237,1
8639,-99,99,1,0,0,-5237,0
8640,52,-63,0,0,0,-5237,0
8641,-8,-110,0,0,1,-5237,0
8642,-97,-23,0,0,1,-5237,0
8643,-16,72,0,0,1,-5237,0
8644,109,4,0,0,0,-5237,0
8645,-52,-87,1,0,0,-5237,0
8646,16,-90,0,0,0,-5237,0
8647,91,-104,1,0,1,-14701,1
8648,63,-19,0,0,1,-14701,0
8649,-69,-87,0,0,0,-14701,0
8650,126,32,1,0,0,-14701,0
8651,115,-47,0,0,1,-14701,0
8652,-71,-64,0,0,1,-14701,0
8653,-36,113,0,0,1,-14701,0
8654,9,58,1,0,1,-14179,1
8655,72,-66,1,0,0,-14179,0
8656,125,-57,0,0,0,-14179,0
8657,13,-51,1,0,0,-14179,0
8658,86,-49,0,0,1,-14179,0
8659,15,67,1,0,0,-14179,0
8660,-21,-63,0,0,1,-14179,0
8661,-6,68,1,0,1,-14587,1
8662,127,38,0,0,0,-14587,0
8663,-57,-47,0,0,0,-14587,0
8664,99,-31,1,0,0,-14587,0
8665,-108,-90,0,0,1,-14587,0
8666,82,27,0,0,0,-14587,0
8667,7,-30,1,0,1,-14797,1
8668,114,-29,1,0,1,-18103,1
8669,-116,-79,0,0,1,-18103,0
8670,-115,-30,1,0,1,-14653,1
8671,-57,22,0,0,1,-14653,0
8672,-50,53,1,0,1,-17303,1
8673,18,59,0,0,1,-17303,0
8674,-124,-62,1,0,0,-17303,0
8675,-120,48,0,0,1,-17303,0
8676,-24,-33,0,0,0,-17303,0
8677,-5,-97,0,0,0,-17303,0
8678,-85,13,1,0,1,-18408,1
8679,66,-17,1,0,0,-18408,0
8680,-31,-119,1,0,1,-14719,1
8681,-33,41,1,0,1,-16072,1
8682,-121,21,0,0,0,-16072,0
8683,-54,-127,0,0,0,-16072,0
8684,106,117,0,0,1,-16072,0
8685,68,114,0,0,0,-16072,0
8686,-9,104,0,0,0,-16072,0
8687,-119,82,1,0,1,-25830,1
8688,81,-110,0,0,1,-25830,0
8689,-102,27,1,0,0,-25830,0
8690,46,-15,0,0,1,-25830,0
8691,6,37,0,0,1,-25830,0
8692,-8,-108,1,0,0,-25830,0
8693,22,53,0,0,0,-25830,0
8694,6,-127,0,0,1,-25830,0
8695,-100,-119,1,0,0,-25830,0
8696,-1,93,1,0,0,-25830,0
8697,118,122,1,0,1,-11434,1
8698,-114,98,1,0,0,-11434,0
8699,-121,65,0,0,1,-11434,0
8700,105,-102,0,0,0,-11434,0
8701,-34,-9,1,0,0,-11434,0
8702,65,-70,1,0,1,-15984,1
8703,37,-10,1,0,1,-16354,1
8704,-5,-92,1,0,1,-15894,1
8705,100,-87,0,0,1,-15894,0
8706,-127,-17,0,0,0,-15894,0
8707,31,78,0,0,1,-15894,0
8708,5,11,0,0,1,-15894,0
8709,-54,103,0,0,1,-15894,0
8710,-112,26,0,0,1,-15894,0
8711,-13,25,1,0,1,-16219,1
8712,-51,4,0,0,0,-16219,0
8713,112,36,0,0,1,-16219,0
8714,97,-10,1,0,0,-16219,0
8715,-105,-6,0,0,0,-16219,0
8716,-44,3,1,0,0,-16219,0
8717,-46,-48,1,0,0,-16219,0
8718,94,-71,1,0,1,-22893,1
8719,-109,-88,0,0,1,-22893,0
8720,4,38,1,0,0,-22893,0
8721,58,26,0,0,0,-22893,0
8722,18,126,1,0,0,-22893,0
8723,5,-30,1,0,1,-23043,1
8724,123,29,0,1,1,0,0
8725,80,-96,1,0,0,0,0
8726,47,6,1,0,1,282,1
8727,-115,96,0,0,0,282,0
8728,-90,-93,0,0,1,282,0
8729,109,-26,0,0,1,282,0
8730,75,109,0,0,1,282,0
8731,-119,-60,0,0,0,282,0
8732,68,112,1,0,0,282,0
8733,64,33,1,0,0,282,0
8734,-72,-17,0,0,0,282,0
8735,77,-10,1,0,0,282,0
8736,-62,68,1,0,1,-3934,1
8737,-83,-64,0,1,0,0,0
8738,-57,-91,0,0,0,0,0
8739,77,-87,0,0,0,0,0
8740,-28,-11,0,0,0,0,0
8741,60,-45,0,0,0,0,0
8742,72,6,1,0,1,432,1
8743,-4,49,0,0,0,432,0
8744,-77,72,0,0,1,432,0
8745,-56,-58,1,0,1,3680,1
8746,97,1,0,0,0,3680,0
8747,119,-25,0,0,0,3680,0
8748,33,86,1,0,0,3680,0
8749,12,114,0,0,0,3680,0
8750,109,-76,1,0,0,3680,0
8751,81,123,1,0,0,3680,0
8752,102,118,1,0,0,3680,0
8753,50,62,1,0,1,6780,1
8754,90,79,1,0,1,13890,1
8755,-89,-128,0,0,1,13890,0
8756,7,-87,0,0,0,13890,0
8757,-61,-36,0,0,0,13890,0
8758,-7,-100,0,0,1,13890,0
8759,59,-63,1,0,1,10173,1
8760,-58,-102,0,0,0,10173,0
8761,-3,125,0,0,1,10173,0
8762,7,-81,0,0,0,10173,0
8763,-108,112,0,0,1,10173,0
8764,-86,-31,0,0,1,10173,0
8765,-109,-67,0,0,0,10173,0
8766,-91,-57,0,0,0,10173,0
8767,88,76,1,0,1,16861,1
8768,-8,-126,1,0,0,16861,0
8769,-10,-38,0,0,1,16861,0
8770,-33,115,0,0,0,16861,0
8771,123,-51,0,0,0,16861,0
8772,101,-64,0,0,0,16861,0
8773,-66,-63,0,0,0,16861,0
8774,-93,-31,0,1,0,0,0
8775,-7,99,1,0,0,0,0
8776,91,-55,1,0,0,0,0
8777,-97,-44,1,0,1,4268,1
8778,-17,-41,0,0,0,4268,0
8779,85,-121,0,0,1,4268,0
8780,3,100,0,0,0,4268,0
8781,-83,105,1,0,0,4268,0
8782,32,-78,1,0,1,1772,1
8783,-59,35,0,0,0,1772,0
8784,-84,-70,0,0,0,1772,0
8785,69,36,0,0,0,1772,0
8786,-118,-15,1,0,1,3542,1
8787,116,-30,1,0,0,3542,0
8788,119,2,0,0,0,3542,0
8789,-120,-20,0,0,1,3542,0
8790,-117,97,1,0,1,-7807,1
8791,-97,81,0,0,0,-7807,0
8792,-55,-54,1,0,1,-4837,1
8793,-50,112,0,0,1,-4837,0
8794,-105,14,0,0,1,-4837,0
8795,93,42,1,0,0,-4837,0
8796,19,-66,1,0,0,-4837,0
8797,103,-86,0,0,0,-4837,0
8798,116,-20,1,0,1,-7157,1
8799,91,73,0,0,0,-7157,0
8800,28,-100,0,0,0,-7157,0
8801,-6,-41,1,0,0,-7157,0
8802,71,73,0,0,1,-7157,0
8803,68,-88,1,0,0,-7157,0
8804,-24,96,1,0,0,-7157,0
8805,68,36,0,0,1,-7157,0
8806,41,73,1,0,0,-7157,0
8807,56,38,0,0,0,-7157,0
8808,-76,22,0,0,1,-7157,0
8809,-120,-127,1,0,0,-7157,0
8810,26,-95,1,0,0,-7157,0
8811,72,-5,0,0,1,-7157,0
8812,-77,69,0,0,0,-7157,0
8813,-118,-33,1,0,0,-7157,0
8814,95,96,0,0,0,-7157,0
8815,-86,24,1,0,1,-9221,1
8816,12,84,1,0,0,-9221,0
8817,54,14,0,0,0,-9221,0
8818,13,95,0,1,1,0,0
8819,30,99,1,0,0,0,0
8820,-91,7,1,0,0,0,0
8821,-50,111,1,0,1,-5550,1
8822,-31,66,0,0,0,-5550,0
8823,-128,102,1,0,1,-18606,1
8824,91,86,0,0,1,-18606,0
8825,-54,-40,0,0,1,-18606,0
8826,4,99,1,0,0,-18606,0
8827,50,-37,1,0,1,-20456,1
8828,-62,57,1,0,0,-20456,0
8829,29,-21,1,0,0,-20456,0
8830,-97,-1,1,0,1,-20359,1
8831,-121,-7,1,0,1,-19512,1
8832,93,-52,0,0,1,-19512,0
8833,78,9,0,0,1,-19512,0
8834,16,71,1,0,0,-19512,0
8835,-22,-8,1,0,1,-19336,1
8836,-107,-117,1,0,0,-19336,0
8837,82,111,0,0,0,-19336,0
8838,-93,-21,1,0,0,-19336,0
8839,109,73,1,0,1,-11379,1
8840,-114,114,0,0,0,-11379,0
8841,-91,11,1,0,0,-11379,0
8842,56,76,0,0,0,-11379,0
8843,52,9,1,0,0,-11379,0
8844,-47,113,1,0,1,-16690,1
8845,25,64,0,0,0,-16690,0
8846,19,124,0,0,1,-16690,0
8847,-124,93,0,0,1,-16690,0
8848,-24,83,0,0,0,-16690,0
8849,-4,-26,1,0,0,-16690,0
8850,-77,-128,1,0,1,-6834,1
8851,119,32,0,0,0,-6834,0
8852,-18,-78,1,0,0,-6834,0
8853,82,52,1,0,1,-2570,1
8854,99,76,0,0,1,-2570,0
8855,-60,77,0,0,0,-2570,0
8856,112,-25,0,0,1,-2570,0
8857,-21,-65,0,0,1,-2570,0
8858,0,73,1,0,1,-2570,1
8859,32,9,1,0,0,-2570,0
8860,15,21,1,0,0,-2570,0
8861,103,-88,0,0,0,-2570,0
8862,-32,-15,0,0,1,-2570,0
8863,46,36,1,0,0,-2570,0
8864,114,89,1,0,1,7576,1
8865,26,-71,0,0,1,7576,0
8866,58,-62,0,0,0,7576,0
8867,99,-14,1,0,1,6190,1
8868,86,69,0,0,0,6190,0
8869,-62,107,1,0,0,6190,0
8870,52,-44,1,0,1,3902,1
8871,-106,-101,1,0,0,3902,0
8872,-125,125,0,0,0,3902,0
8873,-10,-110,1,0,0,3902,0
8874,21,-81,0,0,0,3902,0
8875,-55,79,0,0,1,3902,0
8876,-101,84,1,0,1,-4582,1
8877,-101,-6,0,0,1,-4582,0
8878,-111,-77,1,0,0,-4582,0
8879,-9,-86,0,1,0,0,0
8880,118,-57,1,1,0,0,0
8881,-75,-57,1,0,0,0,0
8882,89,-128,1,0,0,0,0
8883,-62,-30,1,0,1,1860,1
8884,112,7,0,0,0,1860,0
8885,78,35,1,0,0,1860,0
8886,103,-19,0,0,0,1860,0
8887,45,-1,1,0,1,1815,1
8888,61,56,0,0,0,1815,0
8889,73,105,0,0,0,1815,0
8890,107,-7,1,0,1,1066,1
8891,-92,103,1,0,0,1066,0
8892,40,7,1,0,0,1066,0
8893,-88,84,1,0,0,1066,0
8894,13,22,1,0,0,1066,0
8895,5,52,0,0,1,1066,0
8896,45,-11,1,0,1,571,1
8897,80,-56,1,0,1,-3909,1
8898,10,-29,0,0,1,-3909,0
8899,33,-87,0,0,1,-3909,0
8900,72,11,0,0,1,-3909,0
8901,77,106,0,0,1,-3909,0
8902,94,-19,0,0,1,-3909,0
8903,40,44,0,0,0,-3909,0
8904,-92,30,0,0,0,-3909,0
8905,55,-33,1,0,1,-5724,1
8906,-57,-24,1,0,1,-4356,1
8907,-10,-12,0,0,0,-4356,0
8908,52,76,0,0,1,-4356,0
8909,-80,-29,1,0,1,-2036,1
8910,77,-17,0,0,0,-2036,0
8911,121,-52,0,0,1,-2036,0
8912,39,-36,1,0,1,-3440,1
8913,-116,104,0,0,1,-3440,0
8914,-29,10,0,0,0,-3440,0
8915,-97,54,1,0,0,-3440,0
8916,23,-63,1,0,1,-4889,1
8917,-79,108,0,0,0,-4889,0
8918,7,-23,1,0,0,-4889,0
8919,16,-93,0,1,1,0,0
8920,34,-124,0,0,1,0,0
8921,105,-106,0,0,0,0,0
8922,33,37,1,0,1,1221,1
8923,5,-23,0,0,0,1221,0
8924,121,-113,0,0,1,1221,0
8925,-23,-62,0,0,0,1221,0
8926,-33,62,0,0,0,1221,0
8927,-14,84,0,0,1,1221,0
8928,17,-16,1,0,1,949,1
8929,111,111,0,0,0,949,0
8930,39,-76,0,0,1,949,0
8931,-79,114,0,0,1,949,0
8932,-60,14,1,0,0,949,0
8933,-37,-45,0,0,0,949,0
8934,-29,-123,1,0,1,4516,1
8935,-39,107,0,0,0,4516,0
8936,125,-47,1,0,0,4516,0
8937,96,16,1,0,0,4516,0
8938,28,-29,1,0,1,3704,1
8939,-20,105,1,0,0,3704,0
8940,30,-90,1,0,1,1004,1
8941,67,55,0,0,1,1004,0
8942,11,-98,1,0,0,1004,0
8943,25,-27,1,0,1,329,1
8944,112,21,0,1,0,0,0
8945,95,106,1,1,0,0,0
8946,38,-4,0,0,1,0,0
8947,27,91,1,0,0,0,0
8948,-116,111,1,0,0,0,0
8949,-59,105,0,0,0,0,0
8950,46,-5,1,0,0,0,0
8951,-33,-48,0,0,1,0,0
8952,74,122,0,0,1,0,0
8953,-48,4,0,0,0,0,0
8954,36,111,0,0,0,0,0
8955,8,53,1,0,1,424,1
8956,-63,-50,0,0,1,424,0
8957,-14,14,0,0,0,424,0
8958,-36,36,1,0,0,424,0
8959,-87,-80,0,0,0,424,0
8960,111,-52,1,0,0,424,0
8961,85,-59,0,0,1,424,0
8962,-43,54,1,0,1,-1898,1
8963,-69,-112,0,0,1,-1898,0
8964,-90,-84,0,0,0,-1898,0
8965,-52,-20,1,0,0,-1898,0
8966,116,-68,1,0,0,-1898,0
8967,106,-84,0,0,0,-1898,0
8968,-54,-88,1,0,0,-1898,0
8969,51,-63,0,0,1,-1898,0
8970,11,-61,0,0,1,-1898,0
8971,10,-57,1,0,0,-1898,0
8972,-88,-123,1,0,1,8926,1
8973,-39,-125,0,0,0,8926,0
8974,50,-37,0,0,0,8926,0
8975,23,-81,1,0,0,8926,0
8976,111,26,0,0,0,8926,0
8977,89,110,1,0,0,8926,0
8978,-127,95,0,0,0,8926,0
8979,46,2,0,0,1,8926,0
8980,-64,98,0,0,0,8926,0
8981,59,-90,0,0,0,8926,0
8982,-32,-124,0,0,0,8926,0
8983,82,126,0,0,0,8926,0
8984,43,49,1,0,0,8926,0
8985,21,-60,1,0,0,8926,0
8986,20,-24,1,0,1,8446,1
8987,-53,-57,1,0,1,11467,1
8988,45,44,1,1,0,0,0
8989,17,4,0,0,0,0,0
8990,-1,92,1,0,1,-92,1
8991,-96,-94,0,0,1,-92,0
8992,-73,103,0,0,0,-92,0
8993,-21,-81,1,1,1,0,0
8994,31,-5,1,0,1,-155,1
8995,18,-118,1,0,1,-2279,1
8996,-30,22,1,0,0,-2279,0
8997,103,-52,0,0,0,-2279,0
8998,-22,-128,1,0,0,-2279,0
8999,63,-120,1,0,1,-9839,1
9000,15,13,0,0,1,-9839,0
9001,-68,18,0,0,0,-9839,0
9002,107,-60,1,0,1,-16259,1
9003,81,86,0,0,1,-16259,0
9004,30,-77,0,0,0,-16259,0
9005,110,104,0,0,0,-16259,0
9006,-63,-79,1,0,0,-16259,0
9007,-46,-86,0,0,1,-16259,0
9008,101,112,0,0,1,-16259,0
9009,-1,-19,1,0,1,-16240,1
9010,-41,33,0,0,0,-16240,0
9011,39,45,1,0,0,-16240,0
9012,-6,5,0,0,1,-16240,0
9013,5,10,0,0,1,-16240,0
9014,-28,81,1,0,1,-18508,1
9015,-12,-122,1,1,0,0,0
9016,-80,82,0,0,0,0,0
9017,71,-104,0,0,0,0,0
9018,114,5,1,1,0,0,0
9019,-32,103,0,0,0,0,0
9020,0,62,0,0,1,0,0
9021,-105,-113,0,0,0,0,0
9022,-76,-93,1,0,0,0,0
9023,105,123,0,0,1,0,0
9024,-78,-80,0,0,0,0,0
9025,127,-25,0,0,1,0,0
9026,92,92,0,0,0,0,0
9027,-101,-76,0,0,1,0,0
9028,44,20,0,0,1,0,0
9029,103,-17,0,0,0,0,0
9030,17,-74,1,0,1,-1258,1
9031,-122,-96,0,0,0,-1258,0
9032,108,85,0,0,0,-1258,0
9033,113,45,1,0,0,-1258,0
9034,77,-41,0,0,0,-1258,0
9035,-60,-66,1,0,1,2702,1
9036,-108,-16,0,0,1,2702,0
9037,50,85,1,1,0,0,0
9038,64,-29,1,1,0,0,0
9039,0,6,1,0,0,0,0
9040,-73,-78,0,0,0,0,0
9041,59,118,1,0,1,6962,1
9042,116,-64,1,0,1,-462,1
9043,55,-76,0,0,1,-462,0
9044,-78,-106,0,0,0,-462,0
9045,41,-26,0,0,0,-462,0
9046,2,-41,0,0,1,-462,0
9047,-38,121,0,0,1,-462,0
9048,36,-103,0,0,1,-462,0
9049,-91,-60,0,0,0,-462,0
9050,75,-25,0,0,1,-462,0
9051,-56,-53,0,0,1,-462,0
9052,-71,-97,1,0,1,6425,1
9053,-121,-106,1,0,0,6425,0
9054,-25,6,0,0,0,6425,0
9055,75,95,1,0,0,6425,0
9056,61,36,1,0,1,8621,1
9057,-61,30,1,0,0,8621,0
9058,8,67,1,0,1,9157,1
9059,59,43,1,0,1,11694,1
9060,46,-56,1,0,0,11694,0
9061,-44,32,0,0,0,11694,0
9062,119,83,1,0,1,21571,1
9063,114,-113,0,0,1,21571,0
9064,28,-29,1,0,0,21571,0
9065,-128,95,0,0,0,21571,0
9066,116,51,0,0,1,21571,0
9067,-46,-35,0,0,0,21571,0
9068,-80,-8,1,0,0,21571,0
9069,35,-122,0,0,0,21571,0
9070,18,92,0,0,1,21571,0
9071,88,-125,1,0,0,21571,0
9072,-80,-93,0,0,0,21571,0
9073,47,23,1,0,1,22652,1
9074,63,53,1,0,1,25991,1
9075,-27,-15,0,0,0,25991,0
9076,-76,109,0,0,1,25991,0
9077,-93,-84,1,0,1,33803,1
9078,100,-45,0,0,0,33803,0
9079,-103,-99,0,0,0,33803,0
9080,-97,-4,0,0,1,33803,0
9081,-71,-119,0,0,1,33803,0
9082,40,-112,0,0,1,33803,0
9083,39,20,1,0,1,34583,1
9084,122,53,0,0,0,34583,0
9085,-12,123,1,0,0,34583,0
9086,-89,-13,1,0,0,34583,0
9087,64,40,1,0,0,34583,0
9088,-94,56,1,0,1,29319,1
9089,76,-41,1,0,0,29319,0
9090,-15,36,0,0,0,29319,0
9091,63,48,0,0,0,29319,0
9092,-48,-14,1,0,1,29991,1
9093,-59,-90,1,0,0,29991,0
9094,117,-91,0,0,0,29991,0
9095,-113,-75,0,0,1,29991,0
9096,-93,79,0,0,0,29991,0
9097,72,-121,1,0,0,29991,0
9098,52,-11,1,0,1,29419,1
9099,-39,-11,0,0,1,29419,0
9100,-92,-77,0,0,0,29419,0
9101,24,109,0,0,0,29419,0
9102,125,-85,0,0,0,29419,0
9103,27,71,0,0,1,29419,0
9104,37,31,1,0,0,29419,0
9105,82,-55,0,0,0,29419,0
9106,112,-71,1,0,1,21467,1
9107,66,123,1,0,0,21467,0
9108,-98,96,0,0,0,21467,0
9109,119,26,1,0,0,21467,0
9110,112,118,1,0,0,21467,0
9111,29,47,0,0,1,21467,0
9112,-92,8,1,0,0,21467,0
9113,-67,38,0,0,1,21467,0
9114,-80,55,1,0,1,17067,1
9115,-123,-19,1,0,1,19404,1
9116,40,-118,0,0,0,19404,0
9117,-33,108,0,0,0,19404,0
9118,-66,-2,0,0,0,19404,0
9119,-48,-88,0,0,1,19404,0
9120,115,-107,1,0,1,7099,1
9121,-20,16,1,0,0,7099,0
9122,-112,-76,0,0,0,7099,0
9123,-111,34,0,0,1,7099,0
9124,52,8,0,0,0,7099,0
9125,-3,-63,0,0,1,7099,0
9126,91,109,0,0,1,7099,0
9127,6,-105,1,0,0,7099,0
9128,-128,-16,0,0,1,7099,0
9129,-47,-93,0,0,1,7099,0
9130,22,67,1,0,1,8573,1
9131,-48,126,0,0,1,8573,0
9132,-101,46,0,0,0,8573,0
9133,-69,72,1,0,0,8573,0
9134,61,8,1,0,1,9061,1
9135,-114,66,1,0,0,9061,0
9136,-3,44,1,0,0,9061,0
9137,108,-70,1,1,1,0,0
9138,-107,-10,0,0,0,0,0
9139,-23,-76,1,0,1,1748,1
9140,-94,-106,0,0,0,1748,0
9141,37,39,1,0,1,3191,1
9142,1,113,1,0,0,3191,0
9143,-5,79,0,0,0,3191,0
9144,8,-103,0,0,0,3191,0
9145,-86,119,1,0,1,-7043,1
9146,-41,126,0,1,0,0,0
9147,17,39,1,0,1,663,1
9148,9,-10,1,0,0,663,0
9149,74,-100,0,0,1,663,0
9150,-3,-121,0,0,0,663,0
9151,-90,57,0,0,0,663,0
9152,-76,-86,0,0,0,663,0
9153,38,-14,0,0,0,663,0
9154,49,-59,1,0,1,-2228,1
9155,-39,-77,1,0,0,-2228,0
9156,33,122,1,0,1,1798,1
9157,-65,126,1,0,1,-6392,1
9158,-15,-90,1,0,0,-6392,0
9159,-68,119,0,0,1,-6392,0
9160,105,-82,0,0,1,-6392,0
9161,70,71,1,1,0,0,0
9162,33,6,0,0,0,0,0
9163,112,-90,0,0,0,0,0
9164,-91,6,1,0,0,0,0
9165,18,66,0,0,1,0,0
9166,-118,-25,1,0,0,0,0
9167,52,-49,1,0,0,0,0
9168,-13,-117,1,0,1,1521,1
9169,-15,80,1,0,1,321,1
9170,94,-123,1,0,0,321,0
9171,70,18,1,0,0,321,0
9172,-24,107,1,0,1,-2247,1
9173,-7,-23,0,0,0,-2247,0
9174,-113,80,0,0,1,-2247,0
9175,-125,9,0,0,0,-2247,0
9176,-21,5,1,0,1,-2352,1
9177,68,61,1,0,0,-2352,0
9178,1,-107,1,0,0,-2352,0
9179,-57,-78,1,0,1,2094,1
9180,53,83,1,0,0,2094,0
9181,11,-92,1,0,0,2094,0
9182,-123,-36,0,0,1,2094,0
9183,28,-23,0,0,1,2094,0
9184,-55,-8,1,0,0,2094,0
9185,5,96,0,0,0,2094,0
9186,-110,108,1,0,0,2094,0
9187,125,-10,0,0,1,2094,0
9188,106,-7,0,0,1,2094,0
9189,-7,16,0,0,0,2094,0
9190,61,25,0,0,1,2094,0
9191,78,102,0,0,0,2094,0
9192,-18,-51,0,0,1,2094,0
9193,58,-123,0,0,0,2094,0
9194,-113,-12,1,0,1,3450,1
9195,76,-42,0,0,0,3450,0
9196,-34,-1,0,0,0,3450,0
9197,-122,86,0,0,1,3450,0
9198,106,112,0,0,0,3450,0
9199,118,-33,1,1,1,0,0
9200,-75,-75,0,0,1,0,0
9201,-77,1,0,0,0,0,0
9202,107,-120,0,0,1,0,0
9203,-59,7,1,0,1,-413,1
9204,-79,116,0,0,1,-413,0
9205,39,1,0,0,1,-413,0
9206,-41,-13,1,0,0,-413,0
9207,97,27,1,0,1,2206,1
9208,35,-83,1,0,0,2206,0
9209,-16,-101,1,0,1,3822,1
9210,-71,14,1,0,0,3822,0
9211,-78,-55,0,0,0,3822,0
9212,12,-114,0,0,0,3822,0
9213,-29,-38,1,0,1,4924,1
9214,69,-70,1,0,0,4924,0
9215,84,-82,0,0,0,4924,0
9216,93,-92,0,0,1,4924,0
9217,-69,-101,1,0,0,4924,0
9218,2,21,0,0,0,4924,0
9219,-38,43,1,0,1,3290,1
9220,-14,-51,1,0,0,3290,0
9221,-96,-33,0,0,0,3290,0
9222,9,119,0,0,0,3290,0
9223,-119,-124,0,0,1,3290,0
9224,-104,98,1,0,1,-6902,1
9225,-22,-68,1,0,0,-6902,0
9226,41,-105,0,0,0,-6902,0
9227,50,-88,1,0,1,-11302,1
9228,-94,99,1,0,1,-20608,1
9229,119,-97,1,0,1,-32151,1
9230,88,-73,0,0,1,-32151,0
9231,-32,39,1,0,1,-33399,1
9232,-115,84,1,0,0,-33399,0
9233,77,-69,0,0,0,-33399,0
9234,95,-32,1,0,1,-36439,1
9235,-77,-95,1,0,1,-29124,1
9236,-51,4,1,0,0,-29124,0
9237,53,102,1,0,0,-29124,0
9238,80,112,0,1,1,0,0
9239,64,-28,1,0,0,0,0
9240,-127,0,0,0,1,0,0
9241,-36,-49,0,0,1,0,0
9242,25,79,1,0,1,1975,1
9243,-60,-109,0,0,0,1975,0
9244,-118,-87,0,0,1,1975,0
9245,12,-39,0,0,1,1975,0
9246,-60,111,1,0,1,-4685,1
9247,-40,28,1,0,0,-4685,0
9248,111,36,0,0,0,-4685,0
9249,-44,11,1,0,0,-4685,0
9250,58,-40,0,0,0,-4685,0
9251,-117,-42,1,0,0,-4685,0
9252,22,-15,1,0,1,-5015,1
9253,-23,87,1,0,1,-7016,1
9254,-64,-81,1,0,1,-1832,1
9255,88,-121,0,0,1,-1832,0
9256,97,101,1,0,1,7965,1
9257,-97,-23,1,0,1,10196,1
9258,-61,-55,1,0,0,10196,0
9259,81,-12,0,0,1,10196,0
9260,4,107,1,0,1,10624,1
9261,-57,-28,1,0,0,10624,0
9262,38,55,0,0,1,10624,0
9263,105,99,0,0,1,10624,0
9264,71,36,0,0,1,10624,0
9265,-80,-28,0,0,0,10624,0
9266,-25,-52,0,0,1,10624,0
9267,81,-12,1,0,1,9652,1
9268,-5,-2,0,0,1,9652,0
9269,5,0,0,0,0,9652,0
9270,-63,67,1,0,0,9652,0
9271,26,21,0,0,1,9652,0
9272,-89,18,0,0,1,9652,0
9273,-53,-73,0,0,1,9652,0
9274,100,-94,0,0,1,9652,0
9275,-119,-122,1,0,0,9652,0
9276,75,-5,0,0,1,9652,0
9277,-37,-71,0,0,0,9652,0
9278,-105,31,0,0,0,9652,0
9279,1,52,0,0,0,9652,0
9280,28,-71,1,0,1,7664,1
9281,-12,-22,1,0,1,7928,1
9282,29,-22,0,0,1,7928,0
9283,16,-99,0,0,0,7928,0
9284,2,-75,1,0,0,7928,0
9285,-115,-96,1,0,1,18968,1
9286,-47,77,0,0,1,18968,0
9287,10,13,1,0,0,18968,0
9288,30,-93,1,1,0,0,0
9289,-93,-110,0,0,0,0,0
9290,36,-105,1,1,1,0,0
9291,59,107,0,0,1,0,0
9292,-84,-4,1,0,0,0,0
9293,-21,-4,0,0,1,0,0
9294,-70,92,0,0,0,0,0
9295,64,-8,1,0,0,0,0
9296,-114,34,1,0,0,0,0
9297,3,-83,0,0,0,0,0
9298,-124,89,1,0,1,-11036,1
9299,94,-65,1,0,0,-11036,0
9300,29,12,0,0,1,-11036,0
9301,-82,67,0,0,0,-11036,0
9302,-46,68,0,0,1,-11036,0
9303,-80,-27,1,0,0,-11036,0
9304,125,65,1,0,0,-11036,0
9305,22,-35,0,0,0,-11036,0
9306,110,66,0,0,1,-11036,0
9307,-9,66,1,0,0,-11036,0
9308,72,-56,1,0,1,-15068,1
9309,-66,-13,1,0,1,-14210,1
9310,52,110,1,0,0,-14210,0
9311,-28,120,1,0,0,-14210,0
9312,12,-112,0,0,0,-14210,0
9313,-16,111,0,0,1,-14210,0
9314,121,-45,1,0,0,-14210,0
9315,-64,17,0,0,1,-14210,0
9316,-34,12,0,0,0,-14210,0
9317,-61,-72,0,0,1,-14210,0
9318,-112,9,1,0,0,-14210,0
9319,30,-29,1,0,1,-15080,1
9320,22,-105,0,0,1,-15080,0
9321,5,3,1,0,1,-15065,1
9322,60,-47,0,0,0,-15065,0
9323,44,-81,1,0,1,-18629,1
9324,-63,54,1,0,1,-22031,1
9325,-37,112,0,0,1,-22031,0
9326,103,-91,0,0,1,-22031,0
9327,69,-54,0,0,0,-22031,0
9328,8,14,1,0,0,-22031,0
9329,24,23,0,0,1,-22031,0
9330,-116,-46,0,0,1,-22031,0
9331,108,14,0,0,1,-22031,0
9332,-93,11,0,0,1,-22031,0
9333,-15,38,0,0,1,-22031,0
9334,54,-110,0,0,1,-22031,0
9335,36,75,0,0,0,-22031,0
9336,-13,-114,0,0,0,-22031,0
9337,32,51,1,0,1,-20399,1
9338,46,-24,1,1,1,0,0
9339,-51,114,1,0,0,0,0
9340,69,-52,0,0,1,0,0
9341,57,92,0,0,1,0,0
9342,-77,82,1,0,0,0,0
9343,115,97,0,0,0,0,0
9344,2,108,0,0,1,0,0
9345,0,66,1,0,1,0,1
9346,-20,-54,0,0,0,0,0
9347,-100,-43,0,0,0,0,0
9348,96,121,0,0,0,0,0
9349,-125,-2,0,0,0,0,0
9350,-19,120,0,0,1,0,0
9351,47,-49,1,0,1,-2303,1
9352,-28,93,0,0,0,-2303,0
9353,-12,2,0,0,0,-2303,0
9354,20,82,0,0,0,-2303,0
9355,-4,-45,0,0,1,-2303,0
9356,32,112,1,0,1,1281,1
9357,77,-73,1,0,0,1281,0
9358,13,-120,1,0,1,-279,1
9359,-125,6,0,0,0,-279,0
9360,20,27,0,0,0,-279,0
9361,-66,-91,1,0,0,-279,0
9362,-101,-67,1,1,0,0,0
9363,-85,-21,0,0,1,0,0
9364,-32,-95,1,0,0,0,0
9365,-69,-25,1,0,1,1725,1
9366,80,90,0,0,0,1725,0
9367,12,41,1,0,0,1725,0
9368,48,-126,0,0,0,1725,0
9369,42,71,1,0,0,1725,0
9370,103,99,0,0,0,1725,0
9371,120,62,1,0,1,9165,1
9372,-16,71,0,0,1,9165,0
9373,97,57,1,0,0,9165,0
9374,72,14,0,0,1,9165,0
9375,93,-125,0,0,0,9165,0
9376,-50,-42,1,0,1,11265,1
9377,75,104,1,0,0,11265,0
9378,-94,20,1,0,0,11265,0
9379,46,-38,1,0,1,9517,1
9380,-51,-125,1,0,1,15892,1
9381,-32,-87,1,0,0,15892,0
9382,-90,-23,0,0,1,15892,0
9383,-4,111,0,0,0,15892,0
9384,109,17,0,0,0,15892,0
9385,27,-23,0,0,0,15892,0
9386,-34,70,0,0,0,15892,0
9387,-102,58,1,0,1,9976,1
9388,119,70,1,0,0,9976,0
9389,-24,-88,0,0,0,9976,0
9390,57,-82,1,0,1,5302,1
9391,-58,-88,0,0,1,5302,0
9392,101,40,0,0,1,5302,0
9393,-93,-64,1,0,0,5302,0
9394,-29,-63,1,0,0,5302,0
9395,4,-60,1,0,0,5302,0
9396,103,33,0,0,1,5302,0
9397,81,118,0,0,1,5302,0
9398,-46,67,1,1,0,0,0
9399,111,-25,1,0,0,0,0
9400,78,-53,1,0,1,-4134,1
9401,44,80,1,0,0,-4134,0
9402,15,-72,0,0,0,-4134,0
9403,-45,104,0,0,1,-4134,0
9404,-107,-59,1,0,0,-4134,0
9405,-57,-14,1,0,0,-4134,0
9406,82,121,0,0,0,-4134,0
9407,-39,35,0,0,1,-4134,0
9408,-10,-9,0,0,0,-4134,0
9409,-75,31,0,1,0,0,0
9410,-75,48,1,0,0,0,0
9411,-48,-61,1,0,1,2928,1
9412,73,86,0,0,1,2928,0
9413,-77,-91,1,0,1,9935,1
9414,29,-45,1,0,1,8630,1
9415,-95,-108,0,0,1,8630,0
9416,58,-107,1,0,1,2424,1
9417,-89,-67,0,0,1,2424,0
9418,28,-79,1,0,1,212,1
9419,-56,-65,0,0,0,212,0
9420,110,-71,0,0,1,212,0
9421,-81,25,1,0,0,212,0
9422,87,65,0,0,0,212,0
9423,-55,-10,1,0,1,762,1
9424,59,-122,0,0,1,762,0
9425,126,-35,1,0,1,-3648,1
9426,-84,-19,0,0,1,-3648,0
9427,-122,82,0,0,0,-3648,0
9428,55,-57,1,0,0,-3648,0
9429,67,112,1,0,0,-3648,0
9430,105,-19,1,0,1,-5643,1
9431,-40,-27,1,0,1,-4563,1
9432,24,72,1,0,1,-2835,1
9433,-91,-52,0,0,1,-2835,0
9434,-43,-28,1,0,0,-2835,0
9435,51,101,0,0,1,-2835,0
9436,-113,-24,0,0,1,-2835,0
9437,-48,-62,1,0,0,-2835,0
9438,66,-26,1,0,1,-4551,1
9439,-101,93,0,0,0,-4551,0
9440,-56,24,0,0,0,-4551,0
9441,118,98,1,0,0,-4551,0
9442,-10,-78,0,0,0,-4551,0
9443,17,16,0,0,1,-4551,0
9444,-25,-12,1,0,0,-4551,0
9445,3,-104,0,0,0,-4551,0
9446,103,80,0,0,0,-4551,0
9447,69,65,1,0,1,-66,1
9448,-124,4,0,0,0,-66,0
9449,-39,-65,1,0,0,-66,0
9450,59,1,1,0,0,-66,0
9451,104,72,0,0,0,-66,0
9452,60,-22,0,0,0,-66,0
9453,-40,-30,0,0,1,-66,0
9454,-36,99,0,0,0,-66,0
9455,67,-38,1,0,1,-2612,1
9456,70,68,0,0,1,-2612,0
9457,-81,-108,1,0,1,6136,1
9458,10,-61,1,0,1,5526,1
9459,-84,-102,0,0,0,5526,0
9460,-28,-40,1,0,1,6646,1
9461,-125,-94,1,0,0,6646,0
9462,-6,35,0,0,0,6646,0
9463,73,-19,0,1,1,0,0
9464,88,77,0,0,1,0,0
9465,22,-103,0,0,0,0,0
9466,-12,82,0,0,0,0,0
9467,-67,-127,1,0,0,0,0
9468,-65,91,1,1,1,0,0
9469,20,12,0,0,0,0,0
9470,-111,-109,1,0,0,0,0
9471,-66,-35,1,0,0,0,0
9472,-39,-57,1,0,1,2223,1
9473,2,-81,0,0,0,2223,0
9474,120,-44,1,0,0,2223,0
9475,-94,-71,1,0,1,8897,1
9476,12,-110,1,0,0,8897,0
9477,-126,-50,1,0,1,15197,1
9478,-100,-43,1,0,0,15197,0
9479,41,5,1,0,1,15402,1
9480,-43,-113,0,0,1,15402,0
9481,36,71,1,0,1,17958,1
9482,7,-16,1,0,0,17958,0
9483,73,11,0,0,1,17958,0
9484,-120,-126,1,0,1,33078,1
9485,0,-63,0,0,0,33078,0
9486,35,-62,1,0,1,30908,1
9487,68,-56,1,0,1,27100,1
9488,-80,49,1,0,1,23180,1
9489,58,45,1,0,1,25790,1
9490,-117,114,1,0,1,12452,1
9491,-98,8,1,0,1,11668,1
9492,16,-67,1,0,0,11668,0
9493,-41,3,0,0,1,11668,0
9494,123,83,0,0,0,11668,0
9495,-106,-39,0,0,1,11668,0
9496,13,25,0,0,1,11668,0
9497,-51,24,0,0,1,11668,0
9498,-77,28,1,0,0,11668,0
9499,101,-62,0,0,1,11668,0
9500,-76,12,1,0,0,11668,0
9501,126,-96,0,0,1,11668,0
9502,-15,70,1,0,0,11668,0
9503,108,-33,0,0,0,11668,0
9504,-36,-89,1,0,1,14872,1
9505,-88,-104,0,0,0,14872,0
9506,15,-17,1,0,0,14872,0
9507,-94,-124,0,1,1,0,0
9508,-49,-45,0,0,1,0,0
9509,-109,88,1,0,0,0,0
9510,71,37,0,0,1,0,0
9511,-63,121,1,1,1,0,0
9512,32,-106,0,0,0,0,0
9513,-82,72,0,1,0,0,0
9514,37,-66,1,0,0,0,0
9515,-23,-64,1,0,0,0,0
9516,64,-32,1,0,1,-2048,1
9517,-91,91,0,0,1,-2048,0
9518,60,85,1,0,0,-2048,0
9519,-40,-120,0,0,0,-2048,0
9520,120,-52,1,0,0,-2048,0
9521,93,-34,1,0,1,-5210,1
9522,33,1,1,0,0,-5210,0
9523,-121,-23,1,0,1,-2427,1
9524,10,17,1,0,1,-2257,1
9525,-75,-3,1,0,1,-2032,1
9526,46,1,0,0,0,-2032,0
9527,-18,-120,0,0,1,-2032,0
9528,-9,7,0,0,0,-2032,0
9529,-19,84,0,0,1,-2032,0
9530,-87,-16,0,0,0,-2032,0
9531,-70,6,0,0,1,-2032,0
9532,88,-17,0,0,1,-2032,0
9533,-41,-1,1,0,0,-2032,0
9534,-107,-44,1,0,0,-2032,0
9535,100,107,1,0,1,8668,1
9536,-15,-7,1,0,0,8668,0
9537,103,36,1,0,0,8668,0
9538,65,79,1,0,0,8668,0
9539,98,-65,0,0,0,8668,0
9540,-116,-19,0,0,0,8668,0
9541,86,-103,1,0,1,-190,1
9542,45,27,0,0,1,-190,0
9543,58,-87,1,0,1,-5236,1
9544,106,77,1,0,0,-5236,0
9545,27,111,0,0,0,-5236,0
9546,-94,91,1,0,1,-13790,1
9547,84,-49,1,0,1,-17906,1
9548,20,-14,1,0,1,-18186,1
9549,62,-58,1,0,1,-21782,1
9550,92,-65,1,0,1,-27762,1
9551,-32,-71,1,0,1,-25490,1
9552,-94,20,1,0,1,-27370,1
9553,57,-9,1,1,0,0,0
9554,-38,53,0,0,0,0,0
9555,93,81,1,0,1,7533,1
9556,-76,8,1,0,1,6925,1
9557,-52,-22,0,0,0,6925,0
9558,-53,-9,0,0,1,6925,0
9559,-39,117,0,0,1,6925,0
9560,86,109,0,0,0,6925,0
9561,-39,79,0,0,1,6925,0
9562,0,28,0,0,1,6925,0
9563,36,-40,0,0,0,6925,0
9564,-80,122,0,0,0,6925,0
9565,-20,30,0,0,0,6925,0
9566,125,-16,1,0,0,6925,0
9567,100,111,1,0,1,18025,1
9568,64,-20,0,0,1,18025,0
9569,-73,22,1,1,1,0,0
9570,-53,-61,0,0,1,0,0
9571,-37,-6,0,0,0,0,0
9572,-28,-52,0,0,0,0,0
9573,12,-5,1,1,1,0,0
9574,92,-44,1,0,1,-4048,1
9575,-120,-103,1,0,0,-4048,0
9576,-18,69,0,0,1,-4048,0
9577,95,44,1,0,1,132,1
9578,-31,51,1,0,1,-1449,1
9579,45,80,1,0,1,2151,1
9580,27,-50,1,0,1,801,1
9581,33,-5,0,0,1,801,0
9582,-93,-38,0,0,1,801,0
9583,103,-83,1,0,0,801,0
9584,-120,20,0,0,0,801,0
9585,107,-84,1,0,0,801,0
9586,1,102,1,0,1,903,1
9587,101,-57,0,0,1,903,0
9588,-112,114,1,0,0,903,0
9589,-46,111,1,0,0,903,0
9590,-110,-89,0,0,1,903,0
9591,-23,105,0,0,0,903,0
9592,99,-85,1,0,1,-7512,1
9593,-4,19,0,0,1,-7512,0
9594,-79,7,1,0,1,-8065,1
9595,-51,54,1,0,0,-8065,0
9596,-7,-109,0,0,0,-8065,0
9597,118,-64,0,0,0,-8065,0
9598,62,40,0,0,1,-8065,0
9599,67,-99,0,0,1,-8065,0
9600,31,-97,0,0,1,-8065,0
9601,80,5,1,0,1,-7665,1
9602,-60,11,0,0,0,-7665,0
9603,36,85,0,0,1,-7665,0
9604,53,70,0,0,0,-7665,0
9605,-15,104,1,0,1,-9225,1
9606,-43,-99,1,0,0,-9225,0
9607,-18,-47,1,0,0,-9225,0
9608,-27,-97,0,0,1,-9225,0
9609,89,107,1,1,1,0,0
9610,-42,-44,0,0,1,0,0
9611,-124,-116,1,0,0,0,0
9612,-36,-120,0,0,0,0,0
9613,-72,9,1,0,1,-648,1
9614,68,37,0,0,0,-648,0
9615,65,113,1,0,1,6697,1
9616,-46,51,1,0,0,6697,0
9617,57,1,0,0,1,6697,0
9618,57,67,0,0,1,6697,0
9619,122,-63,0,0,1,6697,0
9620,109,108,0,0,0,6697,0
9621,90,-69,1,0,0,6697,0
9622,-34,-43,0,0,1,6697,0
9623,88,60,0,0,1,6697,0
9624,107,-122,1,0,0,6697,0
9625,107,-40,1,0,1,2417,1
9626,50,124,1,0,1,8617,1
9627,107,-91,0,0,1,8617,0
9628,-99,-114,0,0,1,8617,0
9629,20,121,0,0,1,8617,0
9630,-42,-78,0,0,1,8617,0
9631,83,100,0,0,0,8617,0
9632,14,-126,1,1,1,0,0
9633,11,-42,1,0,1,-462,1
9634,-13,-53,1,0,1,227,1
9635,123,5,1,0,0,227,0
9636,-120,-78,0,0,0,227,0
9637,75,-33,1,0,1,-2248,1
9638,-65,89,0,0,0,-2248,0
9639,5,-60,0,0,1,-2248,0
9640,-81,-11,0,0,1,-2248,0
9641,55,-105,1,0,1,-8023,1
9642,4,-57,0,0,0,-8023,0
9643,84,3,1,0,0,-8023,0
9644,20,-45,1,0,1,-8923,1
9645,-123,-123,0,0,0,-8923,0
9646,82,-79,0,0,0,-8923,0
9647,-42,-51,0,0,0,-8923,0
9648,47,68,1,0,1,-5727,1
9649,-109,-25,0,0,0,-5727,0
9650,-64,-30,1,0,1,-3807,1
9651,2,81,1,0,1,-3645,1
9652,72,98,0,0,0,-3645,0
9653,26,-118,1,0,1,-6713,1
9654,15,-85,1,0,0,-6713,0
9655,-71,106,1,0,1,-14239,1
9656,-59,119,1,0,0,-14239,0
9657,94,-53,1,0,1,-19221,1
9658,-89,-120,1,1,0,0,0
9659,-49,50,0,0,0,0,0
9660,-81,-57,1,0,1,4617,1
9661,-99,120,0,0,1,4617,0
9662,-62,67,0,0,0,4617,0
9663,-29,-40,1,0,0,4617,0
9664,2,104,1,0,1,4825,1
9665,14,-126,0,0,0,4825,0
9666,5,95,0,0,0,4825,0
9667,102,30,0,0,0,4825,0
9668,-7,51,0,0,1,4825,0
9669,-9,-83,0,0,1,4825,0
9670,-33,-123,1,0,0,4825,0
9671,-29,-83,1,0,1,7232,1
9672,53,39,1,0,0,7232,0
9673,-128,25,1,0,1,4032,1
9674,-72,95,1,0,1,-2808,1
9675,-7,-43,1,0,1,-2507,1
9676,-15,-43,0,0,1,-2507,0
9677,63,-46,0,0,1,-2507,0
9678,-7,100,1,0,0,-2507,0
9679,65,54,0,0,1,-2507,0
9680,-15,-117,0,0,1,-2507,0
9681,-43,-21,1,0,0,-2507,0
9682,59,-94,0,1,0,0,0
9683,-66,98,1,0,1,-6468,1
9684,-23,-57,0,0,0,-6468,0
9685,101,82,1,0,1,1814,1
9686,41,72,0,0,1,1814,0
9687,3,105,0,0,1,1814,0
9688,-108,-24,1,0,0,1814,0
9689,-108,-69,0,1,1,0,0
9690,-53,65,0,0,0,0,0
9691,-15,8,0,0,0,0,0
9692,-73,4,0,0,1,0,0
9693,-63,24,1,0,0,0,0
9694,-18,12,0,0,0,0,0
9695,-42,-88,1,0,0,0,0
9696,83,54,1,0,0,0,0
9697,41,47,1,0,1,1927,1
9698,-77,-69,0,0,0,1927,0
9699,-118,-90,1,0,0,1927,0
9700,-14,119,0,0,0,1927,0
9701,-90,-21,0,0,1,1927,0
9702,16,63,0,0,0,1927,0
9703,70,97,1,0,0,1927,0
9704,-85,-73,1,0,0,1927,0
9705,-86,-39,1,0,0,1927,0
9706,-37,-36,0,0,1,1927,0
9707,68,124,0,0,0,1927,0
9708,-76,79,0,0,1,1927,0
9709,21,105,1,0,0,1927,0
9710,-108,-15,0,0,1,1927,0
9711,31,121,0,0,0,1927,0
9712,-106,85,0,0,1,1927,0
9713,66,-44,1,0,1,-977,1
9714,-73,-101,1,0,0,-977,0
9715,45,-104,0,0,0,-977,0
9716,-70,-29,0,0,1,-977,0
9717,85,-68,0,0,0,-977,0
9718,86,36,0,0,0,-977,0
9719,-107,-99,1,0,1,9616,1
9720,-56,32,0,0,1,9616,0
9721,-12,-36,0,0,0,9616,0
9722,-49,113,1,0,0,9616,0
9723,-82,-43,0,0,0,9616,0
9724,-98,-31,1,0,0,9616,0
9725,-48,32,0,0,1,9616,0
9726,70,17,1,0,1,10806,1
9727,-119,-43,1,0,0,10806,0
9728,106,94,1,0,1,20770,1
9729,87,28,0,0,0,20770,0
9730,-109,-80,0,0,1,20770,0
9731,14,31,1,0,0,20770,0
9732,-91,123,1,0,1,9577,1
9733,29,-122,1,1,0,0,0
9734,47,21,0,0,0,0,0
9735,108,-60,1,0,1,-6480,1
9736,63,86,1,0,1,-1062,1
9737,56,-39,0,0,1,-1062,0
9738,96,33,1,0,0,-1062,0
9739,-38,74,0,0,1,-1062,0
9740,58,120,0,0,0,-1062,0
9741,18,80,1,0,1,378,1
9742,-54,-84,1,0,1,4914,1
9743,74,89,1,0,0,4914,0
9744,-15,-75,1,0,0,4914,0
9745,55,-50,0,0,0,4914,0
9746,7,-23,0,0,1,4914,0
9747,78,-72,1,0,1,-702,1
9748,6,33,0,0,0,-702,0
9749,24,3,0,0,0,-702,0
9750,-24,78,0,0,1,-702,0
9751,-105,-31,0,0,0,-702,0
9752,-102,-45,0,0,1,-702,0
9753,14,87,0,0,1,-702,0
9754,95,42,1,0,1,3288,1
9755,-105,12,0,0,1,3288,0
9756,-94,8,1,0,1,2536,1
9757,-119,51,0,0,1,2536,0
9758,113,97,1,0,1,13497,1
9759,-121,7,1,0,0,13497,0
9760,-98,-113,1,0,0,13497,0
9761,-39,-5,0,0,0,13497,0
9762,-45,36,1,0,0,13497,0
9763,118,-113,1,0,1,163,1
9764,-18,18,0,0,0,163,0
9765,-113,82,0,0,0,163,0
9766,-39,-27,0,0,0,163,0
9767,60,34,1,0,1,2203,1
9768,117,-120,0,0,0,2203,0
9769,-29,-43,0,0,0,2203,0
9770,-18,-37,0,0,0,2203,0
9771,42,-65,1,0,0,2203,0
9772,-101,116,1,0,1,-9513,1
9773,-100,-33,1,0,1,-6213,1
9774,15,21,1,1,1,0,0
9775,68,64,1,0,1,4352,1
9776,-98,124,0,0,1,4352,0
9777,-91,-93,0,0,0,4352,0
9778,4,36,1,0,1,4496,1
9779,47,93,1,0,1,8867,1
9780,-95,71,0,0,0,8867,0
9781,-80,-115,1,0,0,8867,0
9782,-106,-90,1,0,0,8867,0
9783,56,-20,0,0,0,8867,0
9784,-88,-45,0,0,1,8867,0
9785,88,32,1,0,0,8867,0
9786,-38,-25,1,0,1,9817,1
9787,-8,-84,1,0,0,9817,0
9788,88,-89,1,0,0,9817,0
9789,-52,-71,1,0,1,13509,1
9790,-71,11,0,0,1,13509,0
9791,-100,89,0,0,1,13509,0
9792,-120,-44,0,0,0,13509,0
9793,71,78,0,0,1,13509,0
9794,64,-44,1,0,0,13509,0
9795,96,7,0,0,1,13509,0
9796,110,45,1,0,1,18459,1
9797,-17,-44,1,0,1,19207,1
9798,-68,-41,1,0,0,19207,0
9799,-119,-44,1,0,0,19207,0
9800,-29,121,0,0,0,19207,0
9801,56,-14,0,0,1,19207,0
9802,124,5,1,0,1,19827,1
9803,-10,-114,0,0,0,19827,0
9804,-61,-87,1,0,1,25134,1
9805,57,48,1,0,0,25134,0
9806,120,-50,0,0,1,25134,0
9807,-86,-24,1,0,0,25134,0
9808,123,35,1,0,1,29439,1
9809,-71,113,0,0,1,29439,0
9810,-62,-111,0,0,0,29439,0
9811,-110,84,1,0,0,29439,0
9812,-59,-7,1,0,1,29852,1
9813,62,-28,1,0,0,29852,0
9814,-95,87,0,0,0,29852,0
9815,-7,44,0,0,0,29852,0
9816,118,-3,0,0,1,29852,0
9817,-85,1,0,0,0,29852,0
9818,-83,-18,0,0,1,29852,0
9819,-117,-39,1,0,1,34415,1
9820,-88,125,0,0,0,34415,0
9821,-9,-120,1,0,0,34415,0
9822,-113,-26,0,0,1,34415,0
9823,107,-46,1,0,1,29493,1
9824,77,-20,0,0,0,29493,0
9825,-82,-123,0,0,0,29493,0
9826,114,-46,0,0,0,29493,0
9827,4,-128,1,0,0,29493,0
9828,-108,115,0,0,1,29493,0
9829,-35,-85,1,0,0,29493,0
9830,23,27,1,0,0,29493,0
9831,-100,70,1,0,1,22493,1
9832,25,-59,0,0,1,22493,0
9833,44,-11,0,0,1,22493,0
9834,96,40,1,0,0,22493,0
9835,-8,114,0,0,1,22493,0
9836,-24,34,1,0,0,22493,0
9837,-85,-10,1,0,1,23343,1
9838,-91,24,0,0,1,23343,0
9839,-44,-23,1,0,1,24355,1
9840,-110,-30,1,0,1,27655,1
9841,-46,72,0,0,0,27655,0
9842,58,-82,1,0,0,27655,0
9843,119,96,1,0,1,39079,1
9844,-100,44,1,0,1,34679,1
9845,-44,-34,0,0,0,34679,0
9846,-22,127,1,0,1,31885,1
9847,-5,94,0,0,1,31885,0
9848,112,-38,0,0,0,31885,0
9849,-2,-74,1,0,0,31885,0
9850,-117,113,1,0,1,18664,1
9851,-54,72,0,0,0,18664,0
9852,122,99,0,0,0,18664,0
9853,125,-23,1,0,0,18664,0
9854,64,99,0,0,1,18664,0
9855,-89,-42,1,0,1,22402,1
9856,79,101,0,0,1,22402,0
9857,24,100,1,0,1,24802,1
9858,-3,-22,1,0,1,24868,1
9859,-50,109,1,1,0,0,0
9860,90,21,0,0,1,0,0
9861,5,124,0,0,1,0,0
9862,-18,18,1,0,0,0,0
9863,-58,61,1,0,0,0,0
9864,-12,-46,0,0,0,0,0
9865,114,-82,0,0,0,0,0
9866,72,39,0,0,0,0,0
9867,-112,-5,0,0,1,0,0
9868,22,-13,1,0,1,-286,1
9869,28,81,0,1,1,0,0
9870,-24,15,0,0,1,0,0
9871,36,122,0,1,0,0,0
9872,91,45,0,0,1,0,0
9873,-11,-15,0,0,1,0,0
9874,-80,51,0,0,1,0,0
9875,120,-9,0,0,1,0,0
9876,79,-123,1,0,0,0,0
9877,-128,-116,0,0,0,0,0
9878,-79,-4,0,0,0,0,0
9879,-118,-85,0,0,0,0,0
9880,-33,-15,1,0,1,495,1
9881,-49,38,0,0,1,495,0
9882,39,115,1,0,0,495,0
9883,93,58,1,0,0,495,0
9884,113,-52,0,0,0,495,0
9885,-118,-110,0,0,0,495,0
9886,-67,-118,1,0,1,8401,1
9887,-110,-66,0,0,0,8401,0
9888,95,13,0,0,1,8401,0
9889,-33,-102,1,0,0,8401,0
9890,-126,40,0,0,1,8401,0
9891,-90,-87,0,0,0,8401,0
9892,2,-26,1,0,1,8349,1
9893,-44,-9,1,0,1,8745,1
9894,6,66,0,0,0,8745,0
9895,-46,33,0,0,0,8745,0
9896,65,-23,1,0,1,7250,1
9897,27,91,0,0,1,7250,0
9898,8,80,1,0,0,7250,0
9899,-29,0,0,0,1,7250,0
9900,90,-103,1,0,1,-2020,1
9901,37,-94,1,0,1,-5498,1
9902,-6,-96,1,0,1,-4922,1
9903,-76,70,1,0,1,-10242,1
9904,-83,71,1,0,0,-10242,0
9905,-32,19,0,0,0,-10242,0
9906,-83,0,0,0,0,-10242,0
9907,45,-110,0,0,1,-10242,0
9908,-67,103,1,0,0,-10242,0
9909,76,17,0,0,0,-10242,0
9910,5,4,0,0,1,-10242,0
9911,-88,104,0,0,0,-10242,0
9912,11,-4,0,0,0,-10242,0
9913,-42,-67,0,0,1,-10242,0
9914,-39,19,1,0,1,-10983,1
9915,95,90,1,0,1,-2433,1
9916,-43,56,1,0,1,-4841,1
9917,30,-97,1,0,1,-7751,1
9918,89,-38,0,0,1,-7751,0
9919,47,-97,1,0,0,-7751,0
9920,92,36,1,0,1,-4439,1
9921,-63,-92,0,1,1,0,0
9922,-18,23,1,0,1,-414,1
9923,-70,59,1,0,1,-4544,1
9924,-43,58,1,0,0,-4544,0
9925,-24,83,1,0,0,-4544,0
9926,95,-92,0,0,1,-4544,0
9927,-37,127,1,0,0,-4544,0
9928,-86,5,1,0,0,-4544,0
9929,4,67,1,0,0,-4544,0
9930,44,110,1,0,0,-4544,0
9931,2,-56,0,0,0,-4544,0
9932,-46,77,0,0,1,-4544,0
9933,-80,-97,1,0,0,-4544,0
9934,48,-39,1,0,0,-4544,0
9935,-16,-50,0,0,1,-4544,0
9936,-124,-6,1,0,0,-4544,0
9937,-91,5,0,0,0,-4544,0
9938,-27,111,0,0,0,-4544,0
9939,64,-17,1,0,0,-4544,0
9940,88,72,0,0,1,-4544,0
9941,-33,-8,1,0,0,-4544,0
9942,110,-50,0,0,0,-4544,0
9943,102,113,0,0,1,-4544,0
9944,29,32,1,0,1,-3616,1
9945,-60,1,1,0,1,-3676,1
9946,89,33,0,0,0,-3676,0
9947,29,-13,0,0,0,-3676,0
9948,-118,82,1,0,0,-3676,0
9949,43,98,1,0,1,538,1
9950,19,-72,0,0,1,538,0
9951,63,83,0,0,1,538,0
9952,8,-78,1,0,0,538,0
9953,3,84,1,0,1,790,1
9954,115,-18,1,0,1,-1280,1
9955,-67,-15,1,0,1,-275,1
9956,77,-69,1,0,0,-275,0
9957,92,124,0,0,0,-275,0
9958,0,-122,1,0,0,-275,0
9959,-96,-67,1,0,0,-275,0
9960,112,-126,0,0,0,-275,0
9961,113,22,0,0,0,-275,0
9962,88,110,0,0,0,-275,0
9963,-1,-95,1,0,1,-180,1
9964,71,-27,0,0,0,-180,0
9965,-17,-88,0,0,0,-180,0
9966,1,8,0,0,1,-180,0
9967,-18,-69,0,0,0,-180,0
9968,108,48,0,0,1,-180,0
9969,-72,-23,1,0,1,1476,1
9970,10,-37,1,0,1,1106,1
9971,122,120,1,0,0,1106,0
9972,53,35,0,0,1,1106,0
9973,-83,40,1,0,1,-2214,1
9974,85,58,1,0,1,2716,1
9975,-38,91,0,0,0,2716,0
9976,59,28,1,0,1,4368,1
9977,29,78,1,0,0,4368,0
9978,-55,-32,1,0,0,4368,0
9979,-86,12,1,0,1,3336,1
9980,78,79,1,0,0,3336,0
9981,-67,-5,1,0,0,3336,0
9982,-67,-85,0,0,1,3336,0
9983,56,-81,1,0,1,-1200,1
9984,79,-93,0,0,0,-1200,0
9985,112,-50,1,0,0,-1200,0
9986,92,-65,1,0,0,-1200,0
9987,96,13,0,0,1,-1200,0
9988,24,55,1,0,0,-1200,0
9989,-21,116,0,0,1,-1200,0
9990,15,-88,1,0,0,-1200,0
9991,-76,-58,0,0,0,-1200,0
9992,2,-115,0,0,1,-1200,0
9993,-58,118,1,0,1,-8044,1
9994,41,-30,0,0,0,-8044,0
9995,109,-88,1,0,1,-17636,1
9996,97,20,0,0,1,-17636,0
9997,12,-32,0,0,0,-17636,0
9998,49,-80,0,0,0,-17636,0
9999,40,-51,0,0,1,-17636,0
10000,29,47,1,0,1,-16273,1
10001,-63,-85,1,0,1,-10918,1
10002,53,40,0,0,1,-10918,0
10003,-122,38,1,0,1,-15554,1
10004,-51,37,0,0,0,-15554,0
10005,-67,-110,1,0,0,-15554,0
10006,-113,-104,1,0,1,-3802,1
10007,18,106,0,0,0,-3802,0
10008,-6,83,1,0,0,-3802,0
10009,85,-45,0,0,0,-3802,0
10010,-101,-15,0,0,0,-3802,0
10011,41,102,1,0,1,380,1
