Copyright 1986-2022 Xilinx, Inc. All Rights Reserved. Copyright 2022-2025 Advanced Micro Devices, Inc. All Rights Reserved.
--------------------------------------------------------------------------------------------------------------------------------------------------------------------------------------------------
| Tool Version : Vivado v.2025.2 (win64) Build 6299465 Fri Nov 14 19:35:11 GMT 2025
| Date         : Sun Aug 23 19:05:02 2026
| Host         : Deepan running 64-bit major release  (build 9200)
| Command      : report_timing_summary -delay_type max -max_paths 10 -report_unconstrained -check_timing_verbose -file C:/Users/Deepan08/Desktop/MAC_V/results/vivado/mac_int8/timing_summary.rpt
| Design       : mac_int8
| Device       : 7a35t-cpg236
| Speed File   : -1  PRODUCTION 1.23 2018-06-13
| Design State : Routed
--------------------------------------------------------------------------------------------------------------------------------------------------------------------------------------------------

Timing Summary Report

------------------------------------------------------------------------------------------------
| Timer Settings
| --------------
------------------------------------------------------------------------------------------------

  Enable Multi Corner Analysis               :  Yes
  Enable Pessimism Removal                   :  Yes
  Pessimism Removal Resolution               :  Nearest Common Node
  Enable Input Delay Default Clock           :  No
  Enable Preset / Clear Arcs                 :  No
  Disable Flight Delays                      :  No
  Ignore I/O Paths                           :  No
  Timing Early Launch at Borrowing Latches   :  No
  Borrow Time for Max Delay Exceptions       :  Yes
  Merge Timing Exceptions                    :  Yes
  Inter-SLR Compensation                     :  Conservative

  Corner  Analyze    Analyze    
  Name    Max Paths  Min Paths  
  ------  ---------  ---------  
  Slow    Yes        Yes        
  Fast    Yes        Yes        


------------------------------------------------------------------------------------------------
| Report Methodology
| ------------------
------------------------------------------------------------------------------------------------

Rule       Severity  Description                    Violations  
---------  --------  -----------------------------  ----------  
TIMING-18  Warning   Missing input or output delay  53          

Note: This report is based on the most recent report_methodology run and may not be up-to-date. Run report_methodology on the current design for the latest report.



check_timing report

Table of Contents
-----------------
1. checking no_clock (0)
2. checking constant_clock (0)
3. checking pulse_width_clock (0)
4. checking unconstrained_internal_endpoints (0)
5. checking no_input_delay (20)
6. checking no_output_delay (33)
7. checking multiple_clock (0)
8. checking generated_clocks (0)
9. checking loops (0)
10. checking partial_input_delay (0)
11. checking partial_output_delay (0)
12. checking latch_loops (0)

1. checking no_clock (0)
------------------------
 There are 0 register/latch pins with no clock.


2. checking constant_clock (0)
------------------------------
 There are 0 register/latch pins with constant_clock.


3. checking pulse_width_clock (0)
---------------------------------
 There are 0 register/latch pins which need pulse_width check


4. checking unconstrained_internal_endpoints (0)
------------------------------------------------
 There are 0 pins that are not constrained for maximum delay.

 There are 0 pins that are not constrained for maximum delay due to constant clock.


5. checking no_input_delay (20)
-------------------------------
 There are 20 input ports with no input delay specified. (HIGH)

a[0]
a[1]
a[2]
a[3]
a[4]
a[5]
a[6]
a[7]
b[0]
b[1]
b[2]
b[3]
b[4]
b[5]
b[6]
b[7]
clear_acc
enable
rst_n
valid_in

 There are 0 input ports with no input delay but user has a false path constraint.


6. checking no_output_delay (33)
--------------------------------
 There are 33 ports with no output delay specified. (HIGH)

acc_out[0]
acc_out[10]
acc_out[11]
acc_out[12]
acc_out[13]
acc_out[14]
acc_out[15]
acc_out[16]
acc_out[17]
acc_out[18]
acc_out[19]
acc_out[1]
acc_out[20]
acc_out[21]
acc_out[22]
acc_out[23]
acc_out[24]
acc_out[25]
acc_out[26]
acc_out[27]
acc_out[28]
acc_out[29]
acc_out[2]
acc_out[30]
acc_out[31]
acc_out[3]
acc_out[4]
acc_out[5]
acc_out[6]
acc_out[7]
acc_out[8]
acc_out[9]
valid_out

 There are 0 ports with no output delay but user has a false path constraint

 There are 0 ports with no output delay but with a timing clock defined on it or propagating through it


7. checking multiple_clock (0)
------------------------------
 There are 0 register/latch pins with multiple clocks.


8. checking generated_clocks (0)
--------------------------------
 There are 0 generated clocks that are not connected to a clock source.


9. checking loops (0)
---------------------
 There are 0 combinational loops in the design.


10. checking partial_input_delay (0)
------------------------------------
 There are 0 input ports with partial input delay specified.


11. checking partial_output_delay (0)
-------------------------------------
 There are 0 ports with partial output delay specified.


12. checking latch_loops (0)
----------------------------
 There are 0 combinational latch loops in the design through latch input



------------------------------------------------------------------------------------------------
| Design Timing Summary
| ---------------------
------------------------------------------------------------------------------------------------

    WNS(ns)      TNS(ns)  TNS Failing Endpoints  TNS Total Endpoints     WPWS(ns)     TPWS(ns)  TPWS Failing Endpoints  TPWS Total Endpoints  
    -------      -------  ---------------------  -------------------     --------     --------  ----------------------  --------------------  
      7.175        0.000                      0                   32        4.500        0.000                       0                    33  


All user specified timing constraints are met.


------------------------------------------------------------------------------------------------
| Clock Summary
| -------------
------------------------------------------------------------------------------------------------

Clock       Waveform(ns)       Period(ns)      Frequency(MHz)
-----       ------------       ----------      --------------
system_clk  {0.000 5.000}      10.000          100.000         


------------------------------------------------------------------------------------------------
| Intra Clock Table
| -----------------
------------------------------------------------------------------------------------------------

Clock             WNS(ns)      TNS(ns)  TNS Failing Endpoints  TNS Total Endpoints     WPWS(ns)     TPWS(ns)  TPWS Failing Endpoints  TPWS Total Endpoints  
-----             -------      -------  ---------------------  -------------------     --------     --------  ----------------------  --------------------  
system_clk          7.175        0.000                      0                   32        4.500        0.000                       0                    33  


------------------------------------------------------------------------------------------------
| Inter Clock Table
| -----------------
------------------------------------------------------------------------------------------------

From Clock    To Clock          WNS(ns)      TNS(ns)  TNS Failing Endpoints  TNS Total Endpoints  
----------    --------          -------      -------  ---------------------  -------------------  


------------------------------------------------------------------------------------------------
| Other Path Groups Table
| -----------------------
------------------------------------------------------------------------------------------------

Path Group    From Clock    To Clock          WNS(ns)      TNS(ns)  TNS Failing Endpoints  TNS Total Endpoints  
----------    ----------    --------          -------      -------  ---------------------  -------------------  


------------------------------------------------------------------------------------------------
| User Ignored Path Table
| -----------------------
------------------------------------------------------------------------------------------------

Path Group    From Clock    To Clock    
----------    ----------    --------    


------------------------------------------------------------------------------------------------
| Unconstrained Path Table
| ------------------------
------------------------------------------------------------------------------------------------

Path Group    From Clock    To Clock    
----------    ----------    --------    
(none)        system_clk                  
(none)                      system_clk    


------------------------------------------------------------------------------------------------
| Timing Details
| --------------
------------------------------------------------------------------------------------------------


---------------------------------------------------------------------------------------------------
From Clock:  system_clk
  To Clock:  system_clk

Setup :            0  Failing Endpoints,  Worst Slack        7.175ns,  Total Violation        0.000ns
Hold  :           NA  Failing Endpoints,  Worst Slack           NA  ,  Total Violation           NA
PW    :            0  Failing Endpoints,  Worst Slack        4.500ns,  Total Violation        0.000ns
---------------------------------------------------------------------------------------------------


Max Delay Paths
--------------------------------------------------------------------------------------
Slack (MET) :             7.175ns  (required time - arrival time)
  Source:                 acc_out_reg[1]/C
                            (rising edge-triggered cell FDRE clocked by system_clk  {rise@0.000ns fall@5.000ns period=10.000ns})
  Destination:            acc_out_reg[29]/D
                            (rising edge-triggered cell FDRE clocked by system_clk  {rise@0.000ns fall@5.000ns period=10.000ns})
  Path Group:             system_clk
  Path Type:              Setup (Max at Slow Process Corner)
  Requirement:            10.000ns  (system_clk rise@10.000ns - system_clk rise@0.000ns)
  Data Path Delay:        2.803ns  (logic 2.148ns (76.629%)  route 0.655ns (23.371%))
  Logic Levels:           9  (CARRY4=8 LUT2=1)
  Clock Path Skew:        -0.049ns (DCD - SCD + CPR)
    Destination Clock Delay (DCD):    0.924ns = ( 10.924 - 10.000 ) 
    Source Clock Delay      (SCD):    0.973ns
    Clock Pessimism Removal (CPR):    0.000ns
  Clock Uncertainty:      0.035ns  ((TSJ^2 + TIJ^2)^1/2 + DJ) / 2 + PE
    Total System Jitter     (TSJ):    0.071ns
    Total Input Jitter      (TIJ):    0.000ns
    Discrete Jitter          (DJ):    0.000ns
    Phase Error              (PE):    0.000ns

    Location             Delay type                Incr(ns)  Path(ns)    Netlist Resource(s)
  -------------------------------------------------------------------    -------------------
                         (clock system_clk rise edge)
                                                      0.000     0.000 r  
                                                      0.000     0.000 r  clk (IN)
                         net (fo=32, unset)           0.973     0.973    clk
    SLICE_X43Y67         FDRE                                         r  acc_out_reg[1]/C
  -------------------------------------------------------------------    -------------------
    SLICE_X43Y67         FDRE (Prop_fdre_C_Q)         0.456     1.429 r  acc_out_reg[1]/Q
                         net (fo=1, routed)           0.655     2.084    acc_out[1]
    SLICE_X43Y67         LUT2 (Prop_lut2_I1_O)        0.124     2.208 r  acc_out[3]_i_5/O
                         net (fo=1, routed)           0.000     2.208    acc_out[3]_i_5_n_0
    SLICE_X43Y67         CARRY4 (Prop_carry4_S[1]_CO[3])
                                                      0.550     2.758 r  acc_out_reg[3]_i_1/CO[3]
                         net (fo=1, routed)           0.000     2.758    acc_out_reg[3]_i_1_n_0
    SLICE_X43Y68         CARRY4 (Prop_carry4_CI_CO[3])
                                                      0.114     2.872 r  acc_out_reg[7]_i_1/CO[3]
                         net (fo=1, routed)           0.000     2.872    acc_out_reg[7]_i_1_n_0
    SLICE_X43Y69         CARRY4 (Prop_carry4_CI_CO[3])
                                                      0.114     2.986 r  acc_out_reg[11]_i_1/CO[3]
                         net (fo=1, routed)           0.000     2.986    acc_out_reg[11]_i_1_n_0
    SLICE_X43Y70         CARRY4 (Prop_carry4_CI_CO[3])
                                                      0.114     3.100 r  acc_out_reg[15]_i_1/CO[3]
                         net (fo=1, routed)           0.000     3.100    acc_out_reg[15]_i_1_n_0
    SLICE_X43Y71         CARRY4 (Prop_carry4_CI_CO[3])
                                                      0.114     3.214 r  acc_out_reg[19]_i_1/CO[3]
                         net (fo=1, routed)           0.000     3.214    acc_out_reg[19]_i_1_n_0
    SLICE_X43Y72         CARRY4 (Prop_carry4_CI_CO[3])
                                                      0.114     3.328 r  acc_out_reg[23]_i_1/CO[3]
                         net (fo=1, routed)           0.000     3.328    acc_out_reg[23]_i_1_n_0
    SLICE_X43Y73         CARRY4 (Prop_carry4_CI_CO[3])
                                                      0.114     3.442 r  acc_out_reg[27]_i_1/CO[3]
                         net (fo=1, routed)           0.000     3.442    acc_out_reg[27]_i_1_n_0
    SLICE_X43Y74         CARRY4 (Prop_carry4_CI_O[1])
                                                      0.334     3.776 r  acc_out_reg[31]_i_3/O[1]
                         net (fo=1, routed)           0.000     3.776    acc_out_reg[31]_i_3_n_6
    SLICE_X43Y74         FDRE                                         r  acc_out_reg[29]/D
  -------------------------------------------------------------------    -------------------

                         (clock system_clk rise edge)
                                                     10.000    10.000 r  
                                                      0.000    10.000 r  clk (IN)
                         net (fo=32, unset)           0.924    10.924    clk
    SLICE_X43Y74         FDRE                                         r  acc_out_reg[29]/C
                         clock pessimism              0.000    10.924    
                         clock uncertainty           -0.035    10.889    
    SLICE_X43Y74         FDRE (Setup_fdre_C_D)        0.062    10.951    acc_out_reg[29]
  -------------------------------------------------------------------
                         required time                         10.951    
                         arrival time                          -3.776    
  -------------------------------------------------------------------
                         slack                                  7.175    

Slack (MET) :             7.196ns  (required time - arrival time)
  Source:                 acc_out_reg[1]/C
                            (rising edge-triggered cell FDRE clocked by system_clk  {rise@0.000ns fall@5.000ns period=10.000ns})
  Destination:            acc_out_reg[31]/D
                            (rising edge-triggered cell FDRE clocked by system_clk  {rise@0.000ns fall@5.000ns period=10.000ns})
  Path Group:             system_clk
  Path Type:              Setup (Max at Slow Process Corner)
  Requirement:            10.000ns  (system_clk rise@10.000ns - system_clk rise@0.000ns)
  Data Path Delay:        2.782ns  (logic 2.127ns (76.453%)  route 0.655ns (23.547%))
  Logic Levels:           9  (CARRY4=8 LUT2=1)
  Clock Path Skew:        -0.049ns (DCD - SCD + CPR)
    Destination Clock Delay (DCD):    0.924ns = ( 10.924 - 10.000 ) 
    Source Clock Delay      (SCD):    0.973ns
    Clock Pessimism Removal (CPR):    0.000ns
  Clock Uncertainty:      0.035ns  ((TSJ^2 + TIJ^2)^1/2 + DJ) / 2 + PE
    Total System Jitter     (TSJ):    0.071ns
    Total Input Jitter      (TIJ):    0.000ns
    Discrete Jitter          (DJ):    0.000ns
    Phase Error              (PE):    0.000ns

    Location             Delay type                Incr(ns)  Path(ns)    Netlist Resource(s)
  -------------------------------------------------------------------    -------------------
                         (clock system_clk rise edge)
                                                      0.000     0.000 r  
                                                      0.000     0.000 r  clk (IN)
                         net (fo=32, unset)           0.973     0.973    clk
    SLICE_X43Y67         FDRE                                         r  acc_out_reg[1]/C
  -------------------------------------------------------------------    -------------------
    SLICE_X43Y67         FDRE (Prop_fdre_C_Q)         0.456     1.429 r  acc_out_reg[1]/Q
                         net (fo=1, routed)           0.655     2.084    acc_out[1]
    SLICE_X43Y67         LUT2 (Prop_lut2_I1_O)        0.124     2.208 r  acc_out[3]_i_5/O
                         net (fo=1, routed)           0.000     2.208    acc_out[3]_i_5_n_0
    SLICE_X43Y67         CARRY4 (Prop_carry4_S[1]_CO[3])
                                                      0.550     2.758 r  acc_out_reg[3]_i_1/CO[3]
                         net (fo=1, routed)           0.000     2.758    acc_out_reg[3]_i_1_n_0
    SLICE_X43Y68         CARRY4 (Prop_carry4_CI_CO[3])
                                                      0.114     2.872 r  acc_out_reg[7]_i_1/CO[3]
                         net (fo=1, routed)           0.000     2.872    acc_out_reg[7]_i_1_n_0
    SLICE_X43Y69         CARRY4 (Prop_carry4_CI_CO[3])
                                                      0.114     2.986 r  acc_out_reg[11]_i_1/CO[3]
                         net (fo=1, routed)           0.000     2.986    acc_out_reg[11]_i_1_n_0
    SLICE_X43Y70         CARRY4 (Prop_carry4_CI_CO[3])
                                                      0.114     3.100 r  acc_out_reg[15]_i_1/CO[3]
                         net (fo=1, routed)           0.000     3.100    acc_out_reg[15]_i_1_n_0
    SLICE_X43Y71         CARRY4 (Prop_carry4_CI_CO[3])
                                                      0.114     3.214 r  acc_out_reg[19]_i_1/CO[3]
                         net (fo=1, routed)           0.000     3.214    acc_out_reg[19]_i_1_n_0
    SLICE_X43Y72         CARRY4 (Prop_carry4_CI_CO[3])
                                                      0.114     3.328 r  acc_out_reg[23]_i_1/CO[3]
                         net (fo=1, routed)           0.000     3.328    acc_out_reg[23]_i_1_n_0
    SLICE_X43Y73         CARRY4 (Prop_carry4_CI_CO[3])
                                                      0.114     3.442 r  acc_out_reg[27]_i_1/CO[3]
                         net (fo=1, routed)           0.000     3.442    acc_out_reg[27]_i_1_n_0
    SLICE_X43Y74         CARRY4 (Prop_carry4_CI_O[3])
                                                      0.313     3.755 r  acc_out_reg[31]_i_3/O[3]
                         net (fo=1, routed)           0.000     3.755    acc_out_reg[31]_i_3_n_4
    SLICE_X43Y74         FDRE                                         r  acc_out_reg[31]/D
  -------------------------------------------------------------------    -------------------

                         (clock system_clk rise edge)
                                                     10.000    10.000 r  
                                                      0.000    10.000 r  clk (IN)
                         net (fo=32, unset)           0.924    10.924    clk
    SLICE_X43Y74         FDRE                                         r  acc_out_reg[31]/C
                         clock pessimism              0.000    10.924    
                         clock uncertainty           -0.035    10.889    
    SLICE_X43Y74         FDRE (Setup_fdre_C_D)        0.062    10.951    acc_out_reg[31]
  -------------------------------------------------------------------
                         required time                         10.951    
                         arrival time                          -3.755    
  -------------------------------------------------------------------
                         slack                                  7.196    

Slack (MET) :             7.270ns  (required time - arrival time)
  Source:                 acc_out_reg[1]/C
                            (rising edge-triggered cell FDRE clocked by system_clk  {rise@0.000ns fall@5.000ns period=10.000ns})
  Destination:            acc_out_reg[30]/D
                            (rising edge-triggered cell FDRE clocked by system_clk  {rise@0.000ns fall@5.000ns period=10.000ns})
  Path Group:             system_clk
  Path Type:              Setup (Max at Slow Process Corner)
  Requirement:            10.000ns  (system_clk rise@10.000ns - system_clk rise@0.000ns)
  Data Path Delay:        2.708ns  (logic 2.053ns (75.810%)  route 0.655ns (24.191%))
  Logic Levels:           9  (CARRY4=8 LUT2=1)
  Clock Path Skew:        -0.049ns (DCD - SCD + CPR)
    Destination Clock Delay (DCD):    0.924ns = ( 10.924 - 10.000 ) 
    Source Clock Delay      (SCD):    0.973ns
    Clock Pessimism Removal (CPR):    0.000ns
  Clock Uncertainty:      0.035ns  ((TSJ^2 + TIJ^2)^1/2 + DJ) / 2 + PE
    Total System Jitter     (TSJ):    0.071ns
    Total Input Jitter      (TIJ):    0.000ns
    Discrete Jitter          (DJ):    0.000ns
    Phase Error              (PE):    0.000ns

    Location             Delay type                Incr(ns)  Path(ns)    Netlist Resource(s)
  -------------------------------------------------------------------    -------------------
                         (clock system_clk rise edge)
                                                      0.000     0.000 r  
                                                      0.000     0.000 r  clk (IN)
                         net (fo=32, unset)           0.973     0.973    clk
    SLICE_X43Y67         FDRE                                         r  acc_out_reg[1]/C
  -------------------------------------------------------------------    -------------------
    SLICE_X43Y67         FDRE (Prop_fdre_C_Q)         0.456     1.429 r  acc_out_reg[1]/Q
                         net (fo=1, routed)           0.655     2.084    acc_out[1]
    SLICE_X43Y67         LUT2 (Prop_lut2_I1_O)        0.124     2.208 r  acc_out[3]_i_5/O
                         net (fo=1, routed)           0.000     2.208    acc_out[3]_i_5_n_0
    SLICE_X43Y67         CARRY4 (Prop_carry4_S[1]_CO[3])
                                                      0.550     2.758 r  acc_out_reg[3]_i_1/CO[3]
                         net (fo=1, routed)           0.000     2.758    acc_out_reg[3]_i_1_n_0
    SLICE_X43Y68         CARRY4 (Prop_carry4_CI_CO[3])
                                                      0.114     2.872 r  acc_out_reg[7]_i_1/CO[3]
                         net (fo=1, routed)           0.000     2.872    acc_out_reg[7]_i_1_n_0
    SLICE_X43Y69         CARRY4 (Prop_carry4_CI_CO[3])
                                                      0.114     2.986 r  acc_out_reg[11]_i_1/CO[3]
                         net (fo=1, routed)           0.000     2.986    acc_out_reg[11]_i_1_n_0
    SLICE_X43Y70         CARRY4 (Prop_carry4_CI_CO[3])
                                                      0.114     3.100 r  acc_out_reg[15]_i_1/CO[3]
                         net (fo=1, routed)           0.000     3.100    acc_out_reg[15]_i_1_n_0
    SLICE_X43Y71         CARRY4 (Prop_carry4_CI_CO[3])
                                                      0.114     3.214 r  acc_out_reg[19]_i_1/CO[3]
                         net (fo=1, routed)           0.000     3.214    acc_out_reg[19]_i_1_n_0
    SLICE_X43Y72         CARRY4 (Prop_carry4_CI_CO[3])
                                                      0.114     3.328 r  acc_out_reg[23]_i_1/CO[3]
                         net (fo=1, routed)           0.000     3.328    acc_out_reg[23]_i_1_n_0
    SLICE_X43Y73         CARRY4 (Prop_carry4_CI_CO[3])
                                                      0.114     3.442 r  acc_out_reg[27]_i_1/CO[3]
                         net (fo=1, routed)           0.000     3.442    acc_out_reg[27]_i_1_n_0
    SLICE_X43Y74         CARRY4 (Prop_carry4_CI_O[2])
                                                      0.239     3.681 r  acc_out_reg[31]_i_3/O[2]
                         net (fo=1, routed)           0.000     3.681    acc_out_reg[31]_i_3_n_5
    SLICE_X43Y74         FDRE                                         r  acc_out_reg[30]/D
  -------------------------------------------------------------------    -------------------

                         (clock system_clk rise edge)
                                                     10.000    10.000 r  
                                                      0.000    10.000 r  clk (IN)
                         net (fo=32, unset)           0.924    10.924    clk
    SLICE_X43Y74         FDRE                                         r  acc_out_reg[30]/C
                         clock pessimism              0.000    10.924    
                         clock uncertainty           -0.035    10.889    
    SLICE_X43Y74         FDRE (Setup_fdre_C_D)        0.062    10.951    acc_out_reg[30]
  -------------------------------------------------------------------
                         required time                         10.951    
                         arrival time                          -3.681    
  -------------------------------------------------------------------
                         slack                                  7.270    

Slack (MET) :             7.286ns  (required time - arrival time)
  Source:                 acc_out_reg[1]/C
                            (rising edge-triggered cell FDRE clocked by system_clk  {rise@0.000ns fall@5.000ns period=10.000ns})
  Destination:            acc_out_reg[28]/D
                            (rising edge-triggered cell FDRE clocked by system_clk  {rise@0.000ns fall@5.000ns period=10.000ns})
  Path Group:             system_clk
  Path Type:              Setup (Max at Slow Process Corner)
  Requirement:            10.000ns  (system_clk rise@10.000ns - system_clk rise@0.000ns)
  Data Path Delay:        2.692ns  (logic 2.037ns (75.666%)  route 0.655ns (24.334%))
  Logic Levels:           9  (CARRY4=8 LUT2=1)
  Clock Path Skew:        -0.049ns (DCD - SCD + CPR)
    Destination Clock Delay (DCD):    0.924ns = ( 10.924 - 10.000 ) 
    Source Clock Delay      (SCD):    0.973ns
    Clock Pessimism Removal (CPR):    0.000ns
  Clock Uncertainty:      0.035ns  ((TSJ^2 + TIJ^2)^1/2 + DJ) / 2 + PE
    Total System Jitter     (TSJ):    0.071ns
    Total Input Jitter      (TIJ):    0.000ns
    Discrete Jitter          (DJ):    0.000ns
    Phase Error              (PE):    0.000ns

    Location             Delay type                Incr(ns)  Path(ns)    Netlist Resource(s)
  -------------------------------------------------------------------    -------------------
                         (clock system_clk rise edge)
                                                      0.000     0.000 r  
                                                      0.000     0.000 r  clk (IN)
                         net (fo=32, unset)           0.973     0.973    clk
    SLICE_X43Y67         FDRE                                         r  acc_out_reg[1]/C
  -------------------------------------------------------------------    -------------------
    SLICE_X43Y67         FDRE (Prop_fdre_C_Q)         0.456     1.429 r  acc_out_reg[1]/Q
                         net (fo=1, routed)           0.655     2.084    acc_out[1]
    SLICE_X43Y67         LUT2 (Prop_lut2_I1_O)        0.124     2.208 r  acc_out[3]_i_5/O
                         net (fo=1, routed)           0.000     2.208    acc_out[3]_i_5_n_0
    SLICE_X43Y67         CARRY4 (Prop_carry4_S[1]_CO[3])
                                                      0.550     2.758 r  acc_out_reg[3]_i_1/CO[3]
                         net (fo=1, routed)           0.000     2.758    acc_out_reg[3]_i_1_n_0
    SLICE_X43Y68         CARRY4 (Prop_carry4_CI_CO[3])
                                                      0.114     2.872 r  acc_out_reg[7]_i_1/CO[3]
                         net (fo=1, routed)           0.000     2.872    acc_out_reg[7]_i_1_n_0
    SLICE_X43Y69         CARRY4 (Prop_carry4_CI_CO[3])
                                                      0.114     2.986 r  acc_out_reg[11]_i_1/CO[3]
                         net (fo=1, routed)           0.000     2.986    acc_out_reg[11]_i_1_n_0
    SLICE_X43Y70         CARRY4 (Prop_carry4_CI_CO[3])
                                                      0.114     3.100 r  acc_out_reg[15]_i_1/CO[3]
                         net (fo=1, routed)           0.000     3.100    acc_out_reg[15]_i_1_n_0
    SLICE_X43Y71         CARRY4 (Prop_carry4_CI_CO[3])
                                                      0.114     3.214 r  acc_out_reg[19]_i_1/CO[3]
                         net (fo=1, routed)           0.000     3.214    acc_out_reg[19]_i_1_n_0
    SLICE_X43Y72         CARRY4 (Prop_carry4_CI_CO[3])
                                                      0.114     3.328 r  acc_out_reg[23]_i_1/CO[3]
                         net (fo=1, routed)           0.000     3.328    acc_out_reg[23]_i_1_n_0
    SLICE_X43Y73         CARRY4 (Prop_carry4_CI_CO[3])
                                                      0.114     3.442 r  acc_out_reg[27]_i_1/CO[3]
                         net (fo=1, routed)           0.000     3.442    acc_out_reg[27]_i_1_n_0
    SLICE_X43Y74         CARRY4 (Prop_carry4_CI_O[0])
                                                      0.223     3.665 r  acc_out_reg[31]_i_3/O[0]
                         net (fo=1, routed)           0.000     3.665    acc_out_reg[31]_i_3_n_7
    SLICE_X43Y74         FDRE                                         r  acc_out_reg[28]/D
  -------------------------------------------------------------------    -------------------

                         (clock system_clk rise edge)
                                                     10.000    10.000 r  
                                                      0.000    10.000 r  clk (IN)
                         net (fo=32, unset)           0.924    10.924    clk
    SLICE_X43Y74         FDRE                                         r  acc_out_reg[28]/C
                         clock pessimism              0.000    10.924    
                         clock uncertainty           -0.035    10.889    
    SLICE_X43Y74         FDRE (Setup_fdre_C_D)        0.062    10.951    acc_out_reg[28]
  -------------------------------------------------------------------
                         required time                         10.951    
                         arrival time                          -3.665    
  -------------------------------------------------------------------
                         slack                                  7.286    

Slack (MET) :             7.289ns  (required time - arrival time)
  Source:                 acc_out_reg[1]/C
                            (rising edge-triggered cell FDRE clocked by system_clk  {rise@0.000ns fall@5.000ns period=10.000ns})
  Destination:            acc_out_reg[25]/D
                            (rising edge-triggered cell FDRE clocked by system_clk  {rise@0.000ns fall@5.000ns period=10.000ns})
  Path Group:             system_clk
  Path Type:              Setup (Max at Slow Process Corner)
  Requirement:            10.000ns  (system_clk rise@10.000ns - system_clk rise@0.000ns)
  Data Path Delay:        2.689ns  (logic 2.034ns (75.639%)  route 0.655ns (24.361%))
  Logic Levels:           8  (CARRY4=7 LUT2=1)
  Clock Path Skew:        -0.049ns (DCD - SCD + CPR)
    Destination Clock Delay (DCD):    0.924ns = ( 10.924 - 10.000 ) 
    Source Clock Delay      (SCD):    0.973ns
    Clock Pessimism Removal (CPR):    0.000ns
  Clock Uncertainty:      0.035ns  ((TSJ^2 + TIJ^2)^1/2 + DJ) / 2 + PE
    Total System Jitter     (TSJ):    0.071ns
    Total Input Jitter      (TIJ):    0.000ns
    Discrete Jitter          (DJ):    0.000ns
    Phase Error              (PE):    0.000ns

    Location             Delay type                Incr(ns)  Path(ns)    Netlist Resource(s)
  -------------------------------------------------------------------    -------------------
                         (clock system_clk rise edge)
                                                      0.000     0.000 r  
                                                      0.000     0.000 r  clk (IN)
                         net (fo=32, unset)           0.973     0.973    clk
    SLICE_X43Y67         FDRE                                         r  acc_out_reg[1]/C
  -------------------------------------------------------------------    -------------------
    SLICE_X43Y67         FDRE (Prop_fdre_C_Q)         0.456     1.429 r  acc_out_reg[1]/Q
                         net (fo=1, routed)           0.655     2.084    acc_out[1]
    SLICE_X43Y67         LUT2 (Prop_lut2_I1_O)        0.124     2.208 r  acc_out[3]_i_5/O
                         net (fo=1, routed)           0.000     2.208    acc_out[3]_i_5_n_0
    SLICE_X43Y67         CARRY4 (Prop_carry4_S[1]_CO[3])
                                                      0.550     2.758 r  acc_out_reg[3]_i_1/CO[3]
                         net (fo=1, routed)           0.000     2.758    acc_out_reg[3]_i_1_n_0
    SLICE_X43Y68         CARRY4 (Prop_carry4_CI_CO[3])
                                                      0.114     2.872 r  acc_out_reg[7]_i_1/CO[3]
                         net (fo=1, routed)           0.000     2.872    acc_out_reg[7]_i_1_n_0
    SLICE_X43Y69         CARRY4 (Prop_carry4_CI_CO[3])
                                                      0.114     2.986 r  acc_out_reg[11]_i_1/CO[3]
                         net (fo=1, routed)           0.000     2.986    acc_out_reg[11]_i_1_n_0
    SLICE_X43Y70         CARRY4 (Prop_carry4_CI_CO[3])
                                                      0.114     3.100 r  acc_out_reg[15]_i_1/CO[3]
                         net (fo=1, routed)           0.000     3.100    acc_out_reg[15]_i_1_n_0
    SLICE_X43Y71         CARRY4 (Prop_carry4_CI_CO[3])
                                                      0.114     3.214 r  acc_out_reg[19]_i_1/CO[3]
                         net (fo=1, routed)           0.000     3.214    acc_out_reg[19]_i_1_n_0
    SLICE_X43Y72         CARRY4 (Prop_carry4_CI_CO[3])
                                                      0.114     3.328 r  acc_out_reg[23]_i_1/CO[3]
                         net (fo=1, routed)           0.000     3.328    acc_out_reg[23]_i_1_n_0
    SLICE_X43Y73         CARRY4 (Prop_carry4_CI_O[1])
                                                      0.334     3.662 r  acc_out_reg[27]_i_1/O[1]
                         net (fo=1, routed)           0.000     3.662    acc_out_reg[27]_i_1_n_6
    SLICE_X43Y73         FDRE                                         r  acc_out_reg[25]/D
  -------------------------------------------------------------------    -------------------

                         (clock system_clk rise edge)
                                                     10.000    10.000 r  
                                                      0.000    10.000 r  clk (IN)
                         net (fo=32, unset)           0.924    10.924    clk
    SLICE_X43Y73         FDRE                                         r  acc_out_reg[25]/C
                         clock pessimism              0.000    10.924    
                         clock uncertainty           -0.035    10.889    
    SLICE_X43Y73         FDRE (Setup_fdre_C_D)        0.062    10.951    acc_out_reg[25]
  -------------------------------------------------------------------
                         required time                         10.951    
                         arrival time                          -3.662    
  -------------------------------------------------------------------
                         slack                                  7.289    

Slack (MET) :             7.310ns  (required time - arrival time)
  Source:                 acc_out_reg[1]/C
                            (rising edge-triggered cell FDRE clocked by system_clk  {rise@0.000ns fall@5.000ns period=10.000ns})
  Destination:            acc_out_reg[27]/D
                            (rising edge-triggered cell FDRE clocked by system_clk  {rise@0.000ns fall@5.000ns period=10.000ns})
  Path Group:             system_clk
  Path Type:              Setup (Max at Slow Process Corner)
  Requirement:            10.000ns  (system_clk rise@10.000ns - system_clk rise@0.000ns)
  Data Path Delay:        2.668ns  (logic 2.013ns (75.447%)  route 0.655ns (24.553%))
  Logic Levels:           8  (CARRY4=7 LUT2=1)
  Clock Path Skew:        -0.049ns (DCD - SCD + CPR)
    Destination Clock Delay (DCD):    0.924ns = ( 10.924 - 10.000 ) 
    Source Clock Delay      (SCD):    0.973ns
    Clock Pessimism Removal (CPR):    0.000ns
  Clock Uncertainty:      0.035ns  ((TSJ^2 + TIJ^2)^1/2 + DJ) / 2 + PE
    Total System Jitter     (TSJ):    0.071ns
    Total Input Jitter      (TIJ):    0.000ns
    Discrete Jitter          (DJ):    0.000ns
    Phase Error              (PE):    0.000ns

    Location             Delay type                Incr(ns)  Path(ns)    Netlist Resource(s)
  -------------------------------------------------------------------    -------------------
                         (clock system_clk rise edge)
                                                      0.000     0.000 r  
                                                      0.000     0.000 r  clk (IN)
                         net (fo=32, unset)           0.973     0.973    clk
    SLICE_X43Y67         FDRE                                         r  acc_out_reg[1]/C
  -------------------------------------------------------------------    -------------------
    SLICE_X43Y67         FDRE (Prop_fdre_C_Q)         0.456     1.429 r  acc_out_reg[1]/Q
                         net (fo=1, routed)           0.655     2.084    acc_out[1]
    SLICE_X43Y67         LUT2 (Prop_lut2_I1_O)        0.124     2.208 r  acc_out[3]_i_5/O
                         net (fo=1, routed)           0.000     2.208    acc_out[3]_i_5_n_0
    SLICE_X43Y67         CARRY4 (Prop_carry4_S[1]_CO[3])
                                                      0.550     2.758 r  acc_out_reg[3]_i_1/CO[3]
                         net (fo=1, routed)           0.000     2.758    acc_out_reg[3]_i_1_n_0
    SLICE_X43Y68         CARRY4 (Prop_carry4_CI_CO[3])
                                                      0.114     2.872 r  acc_out_reg[7]_i_1/CO[3]
                         net (fo=1, routed)           0.000     2.872    acc_out_reg[7]_i_1_n_0
    SLICE_X43Y69         CARRY4 (Prop_carry4_CI_CO[3])
                                                      0.114     2.986 r  acc_out_reg[11]_i_1/CO[3]
                         net (fo=1, routed)           0.000     2.986    acc_out_reg[11]_i_1_n_0
    SLICE_X43Y70         CARRY4 (Prop_carry4_CI_CO[3])
                                                      0.114     3.100 r  acc_out_reg[15]_i_1/CO[3]
                         net (fo=1, routed)           0.000     3.100    acc_out_reg[15]_i_1_n_0
    SLICE_X43Y71         CARRY4 (Prop_carry4_CI_CO[3])
                                                      0.114     3.214 r  acc_out_reg[19]_i_1/CO[3]
                         net (fo=1, routed)           0.000     3.214    acc_out_reg[19]_i_1_n_0
    SLICE_X43Y72         CARRY4 (Prop_carry4_CI_CO[3])
                                                      0.114     3.328 r  acc_out_reg[23]_i_1/CO[3]
                         net (fo=1, routed)           0.000     3.328    acc_out_reg[23]_i_1_n_0
    SLICE_X43Y73         CARRY4 (Prop_carry4_CI_O[3])
                                                      0.313     3.641 r  acc_out_reg[27]_i_1/O[3]
                         net (fo=1, routed)           0.000     3.641    acc_out_reg[27]_i_1_n_4
    SLICE_X43Y73         FDRE                                         r  acc_out_reg[27]/D
  -------------------------------------------------------------------    -------------------

                         (clock system_clk rise edge)
                                                     10.000    10.000 r  
                                                      0.000    10.000 r  clk (IN)
                         net (fo=32, unset)           0.924    10.924    clk
    SLICE_X43Y73         FDRE                                         r  acc_out_reg[27]/C
                         clock pessimism              0.000    10.924    
                         clock uncertainty           -0.035    10.889    
    SLICE_X43Y73         FDRE (Setup_fdre_C_D)        0.062    10.951    acc_out_reg[27]
  -------------------------------------------------------------------
                         required time                         10.951    
                         arrival time                          -3.641    
  -------------------------------------------------------------------
                         slack                                  7.310    

Slack (MET) :             7.384ns  (required time - arrival time)
  Source:                 acc_out_reg[1]/C
                            (rising edge-triggered cell FDRE clocked by system_clk  {rise@0.000ns fall@5.000ns period=10.000ns})
  Destination:            acc_out_reg[26]/D
                            (rising edge-triggered cell FDRE clocked by system_clk  {rise@0.000ns fall@5.000ns period=10.000ns})
  Path Group:             system_clk
  Path Type:              Setup (Max at Slow Process Corner)
  Requirement:            10.000ns  (system_clk rise@10.000ns - system_clk rise@0.000ns)
  Data Path Delay:        2.594ns  (logic 1.939ns (74.746%)  route 0.655ns (25.254%))
  Logic Levels:           8  (CARRY4=7 LUT2=1)
  Clock Path Skew:        -0.049ns (DCD - SCD + CPR)
    Destination Clock Delay (DCD):    0.924ns = ( 10.924 - 10.000 ) 
    Source Clock Delay      (SCD):    0.973ns
    Clock Pessimism Removal (CPR):    0.000ns
  Clock Uncertainty:      0.035ns  ((TSJ^2 + TIJ^2)^1/2 + DJ) / 2 + PE
    Total System Jitter     (TSJ):    0.071ns
    Total Input Jitter      (TIJ):    0.000ns
    Discrete Jitter          (DJ):    0.000ns
    Phase Error              (PE):    0.000ns

    Location             Delay type                Incr(ns)  Path(ns)    Netlist Resource(s)
  -------------------------------------------------------------------    -------------------
                         (clock system_clk rise edge)
                                                      0.000     0.000 r  
                                                      0.000     0.000 r  clk (IN)
                         net (fo=32, unset)           0.973     0.973    clk
    SLICE_X43Y67         FDRE                                         r  acc_out_reg[1]/C
  -------------------------------------------------------------------    -------------------
    SLICE_X43Y67         FDRE (Prop_fdre_C_Q)         0.456     1.429 r  acc_out_reg[1]/Q
                         net (fo=1, routed)           0.655     2.084    acc_out[1]
    SLICE_X43Y67         LUT2 (Prop_lut2_I1_O)        0.124     2.208 r  acc_out[3]_i_5/O
                         net (fo=1, routed)           0.000     2.208    acc_out[3]_i_5_n_0
    SLICE_X43Y67         CARRY4 (Prop_carry4_S[1]_CO[3])
                                                      0.550     2.758 r  acc_out_reg[3]_i_1/CO[3]
                         net (fo=1, routed)           0.000     2.758    acc_out_reg[3]_i_1_n_0
    SLICE_X43Y68         CARRY4 (Prop_carry4_CI_CO[3])
                                                      0.114     2.872 r  acc_out_reg[7]_i_1/CO[3]
                         net (fo=1, routed)           0.000     2.872    acc_out_reg[7]_i_1_n_0
    SLICE_X43Y69         CARRY4 (Prop_carry4_CI_CO[3])
                                                      0.114     2.986 r  acc_out_reg[11]_i_1/CO[3]
                         net (fo=1, routed)           0.000     2.986    acc_out_reg[11]_i_1_n_0
    SLICE_X43Y70         CARRY4 (Prop_carry4_CI_CO[3])
                                                      0.114     3.100 r  acc_out_reg[15]_i_1/CO[3]
                         net (fo=1, routed)           0.000     3.100    acc_out_reg[15]_i_1_n_0
    SLICE_X43Y71         CARRY4 (Prop_carry4_CI_CO[3])
                                                      0.114     3.214 r  acc_out_reg[19]_i_1/CO[3]
                         net (fo=1, routed)           0.000     3.214    acc_out_reg[19]_i_1_n_0
    SLICE_X43Y72         CARRY4 (Prop_carry4_CI_CO[3])
                                                      0.114     3.328 r  acc_out_reg[23]_i_1/CO[3]
                         net (fo=1, routed)           0.000     3.328    acc_out_reg[23]_i_1_n_0
    SLICE_X43Y73         CARRY4 (Prop_carry4_CI_O[2])
                                                      0.239     3.567 r  acc_out_reg[27]_i_1/O[2]
                         net (fo=1, routed)           0.000     3.567    acc_out_reg[27]_i_1_n_5
    SLICE_X43Y73         FDRE                                         r  acc_out_reg[26]/D
  -------------------------------------------------------------------    -------------------

                         (clock system_clk rise edge)
                                                     10.000    10.000 r  
                                                      0.000    10.000 r  clk (IN)
                         net (fo=32, unset)           0.924    10.924    clk
    SLICE_X43Y73         FDRE                                         r  acc_out_reg[26]/C
                         clock pessimism              0.000    10.924    
                         clock uncertainty           -0.035    10.889    
    SLICE_X43Y73         FDRE (Setup_fdre_C_D)        0.062    10.951    acc_out_reg[26]
  -------------------------------------------------------------------
                         required time                         10.951    
                         arrival time                          -3.567    
  -------------------------------------------------------------------
                         slack                                  7.384    

Slack (MET) :             7.400ns  (required time - arrival time)
  Source:                 acc_out_reg[1]/C
                            (rising edge-triggered cell FDRE clocked by system_clk  {rise@0.000ns fall@5.000ns period=10.000ns})
  Destination:            acc_out_reg[24]/D
                            (rising edge-triggered cell FDRE clocked by system_clk  {rise@0.000ns fall@5.000ns period=10.000ns})
  Path Group:             system_clk
  Path Type:              Setup (Max at Slow Process Corner)
  Requirement:            10.000ns  (system_clk rise@10.000ns - system_clk rise@0.000ns)
  Data Path Delay:        2.578ns  (logic 1.923ns (74.590%)  route 0.655ns (25.410%))
  Logic Levels:           8  (CARRY4=7 LUT2=1)
  Clock Path Skew:        -0.049ns (DCD - SCD + CPR)
    Destination Clock Delay (DCD):    0.924ns = ( 10.924 - 10.000 ) 
    Source Clock Delay      (SCD):    0.973ns
    Clock Pessimism Removal (CPR):    0.000ns
  Clock Uncertainty:      0.035ns  ((TSJ^2 + TIJ^2)^1/2 + DJ) / 2 + PE
    Total System Jitter     (TSJ):    0.071ns
    Total Input Jitter      (TIJ):    0.000ns
    Discrete Jitter          (DJ):    0.000ns
    Phase Error              (PE):    0.000ns

    Location             Delay type                Incr(ns)  Path(ns)    Netlist Resource(s)
  -------------------------------------------------------------------    -------------------
                         (clock system_clk rise edge)
                                                      0.000     0.000 r  
                                                      0.000     0.000 r  clk (IN)
                         net (fo=32, unset)           0.973     0.973    clk
    SLICE_X43Y67         FDRE                                         r  acc_out_reg[1]/C
  -------------------------------------------------------------------    -------------------
    SLICE_X43Y67         FDRE (Prop_fdre_C_Q)         0.456     1.429 r  acc_out_reg[1]/Q
                         net (fo=1, routed)           0.655     2.084    acc_out[1]
    SLICE_X43Y67         LUT2 (Prop_lut2_I1_O)        0.124     2.208 r  acc_out[3]_i_5/O
                         net (fo=1, routed)           0.000     2.208    acc_out[3]_i_5_n_0
    SLICE_X43Y67         CARRY4 (Prop_carry4_S[1]_CO[3])
                                                      0.550     2.758 r  acc_out_reg[3]_i_1/CO[3]
                         net (fo=1, routed)           0.000     2.758    acc_out_reg[3]_i_1_n_0
    SLICE_X43Y68         CARRY4 (Prop_carry4_CI_CO[3])
                                                      0.114     2.872 r  acc_out_reg[7]_i_1/CO[3]
                         net (fo=1, routed)           0.000     2.872    acc_out_reg[7]_i_1_n_0
    SLICE_X43Y69         CARRY4 (Prop_carry4_CI_CO[3])
                                                      0.114     2.986 r  acc_out_reg[11]_i_1/CO[3]
                         net (fo=1, routed)           0.000     2.986    acc_out_reg[11]_i_1_n_0
    SLICE_X43Y70         CARRY4 (Prop_carry4_CI_CO[3])
                                                      0.114     3.100 r  acc_out_reg[15]_i_1/CO[3]
                         net (fo=1, routed)           0.000     3.100    acc_out_reg[15]_i_1_n_0
    SLICE_X43Y71         CARRY4 (Prop_carry4_CI_CO[3])
                                                      0.114     3.214 r  acc_out_reg[19]_i_1/CO[3]
                         net (fo=1, routed)           0.000     3.214    acc_out_reg[19]_i_1_n_0
    SLICE_X43Y72         CARRY4 (Prop_carry4_CI_CO[3])
                                                      0.114     3.328 r  acc_out_reg[23]_i_1/CO[3]
                         net (fo=1, routed)           0.000     3.328    acc_out_reg[23]_i_1_n_0
    SLICE_X43Y73         CARRY4 (Prop_carry4_CI_O[0])
                                                      0.223     3.551 r  acc_out_reg[27]_i_1/O[0]
                         net (fo=1, routed)           0.000     3.551    acc_out_reg[27]_i_1_n_7
    SLICE_X43Y73         FDRE                                         r  acc_out_reg[24]/D
  -------------------------------------------------------------------    -------------------

                         (clock system_clk rise edge)
                                                     10.000    10.000 r  
                                                      0.000    10.000 r  clk (IN)
                         net (fo=32, unset)           0.924    10.924    clk
    SLICE_X43Y73         FDRE                                         r  acc_out_reg[24]/C
                         clock pessimism              0.000    10.924    
                         clock uncertainty           -0.035    10.889    
    SLICE_X43Y73         FDRE (Setup_fdre_C_D)        0.062    10.951    acc_out_reg[24]
  -------------------------------------------------------------------
                         required time                         10.951    
                         arrival time                          -3.551    
  -------------------------------------------------------------------
                         slack                                  7.400    

Slack (MET) :             7.403ns  (required time - arrival time)
  Source:                 acc_out_reg[1]/C
                            (rising edge-triggered cell FDRE clocked by system_clk  {rise@0.000ns fall@5.000ns period=10.000ns})
  Destination:            acc_out_reg[21]/D
                            (rising edge-triggered cell FDRE clocked by system_clk  {rise@0.000ns fall@5.000ns period=10.000ns})
  Path Group:             system_clk
  Path Type:              Setup (Max at Slow Process Corner)
  Requirement:            10.000ns  (system_clk rise@10.000ns - system_clk rise@0.000ns)
  Data Path Delay:        2.575ns  (logic 1.920ns (74.560%)  route 0.655ns (25.440%))
  Logic Levels:           7  (CARRY4=6 LUT2=1)
  Clock Path Skew:        -0.049ns (DCD - SCD + CPR)
    Destination Clock Delay (DCD):    0.924ns = ( 10.924 - 10.000 ) 
    Source Clock Delay      (SCD):    0.973ns
    Clock Pessimism Removal (CPR):    0.000ns
  Clock Uncertainty:      0.035ns  ((TSJ^2 + TIJ^2)^1/2 + DJ) / 2 + PE
    Total System Jitter     (TSJ):    0.071ns
    Total Input Jitter      (TIJ):    0.000ns
    Discrete Jitter          (DJ):    0.000ns
    Phase Error              (PE):    0.000ns

    Location             Delay type                Incr(ns)  Path(ns)    Netlist Resource(s)
  -------------------------------------------------------------------    -------------------
                         (clock system_clk rise edge)
                                                      0.000     0.000 r  
                                                      0.000     0.000 r  clk (IN)
                         net (fo=32, unset)           0.973     0.973    clk
    SLICE_X43Y67         FDRE                                         r  acc_out_reg[1]/C
  -------------------------------------------------------------------    -------------------
    SLICE_X43Y67         FDRE (Prop_fdre_C_Q)         0.456     1.429 r  acc_out_reg[1]/Q
                         net (fo=1, routed)           0.655     2.084    acc_out[1]
    SLICE_X43Y67         LUT2 (Prop_lut2_I1_O)        0.124     2.208 r  acc_out[3]_i_5/O
                         net (fo=1, routed)           0.000     2.208    acc_out[3]_i_5_n_0
    SLICE_X43Y67         CARRY4 (Prop_carry4_S[1]_CO[3])
                                                      0.550     2.758 r  acc_out_reg[3]_i_1/CO[3]
                         net (fo=1, routed)           0.000     2.758    acc_out_reg[3]_i_1_n_0
    SLICE_X43Y68         CARRY4 (Prop_carry4_CI_CO[3])
                                                      0.114     2.872 r  acc_out_reg[7]_i_1/CO[3]
                         net (fo=1, routed)           0.000     2.872    acc_out_reg[7]_i_1_n_0
    SLICE_X43Y69         CARRY4 (Prop_carry4_CI_CO[3])
                                                      0.114     2.986 r  acc_out_reg[11]_i_1/CO[3]
                         net (fo=1, routed)           0.000     2.986    acc_out_reg[11]_i_1_n_0
    SLICE_X43Y70         CARRY4 (Prop_carry4_CI_CO[3])
                                                      0.114     3.100 r  acc_out_reg[15]_i_1/CO[3]
                         net (fo=1, routed)           0.000     3.100    acc_out_reg[15]_i_1_n_0
    SLICE_X43Y71         CARRY4 (Prop_carry4_CI_CO[3])
                                                      0.114     3.214 r  acc_out_reg[19]_i_1/CO[3]
                         net (fo=1, routed)           0.000     3.214    acc_out_reg[19]_i_1_n_0
    SLICE_X43Y72         CARRY4 (Prop_carry4_CI_O[1])
                                                      0.334     3.548 r  acc_out_reg[23]_i_1/O[1]
                         net (fo=1, routed)           0.000     3.548    acc_out_reg[23]_i_1_n_6
    SLICE_X43Y72         FDRE                                         r  acc_out_reg[21]/D
  -------------------------------------------------------------------    -------------------

                         (clock system_clk rise edge)
                                                     10.000    10.000 r  
                                                      0.000    10.000 r  clk (IN)
                         net (fo=32, unset)           0.924    10.924    clk
    SLICE_X43Y72         FDRE                                         r  acc_out_reg[21]/C
                         clock pessimism              0.000    10.924    
                         clock uncertainty           -0.035    10.889    
    SLICE_X43Y72         FDRE (Setup_fdre_C_D)        0.062    10.951    acc_out_reg[21]
  -------------------------------------------------------------------
                         required time                         10.951    
                         arrival time                          -3.548    
  -------------------------------------------------------------------
                         slack                                  7.403    

Slack (MET) :             7.424ns  (required time - arrival time)
  Source:                 acc_out_reg[1]/C
                            (rising edge-triggered cell FDRE clocked by system_clk  {rise@0.000ns fall@5.000ns period=10.000ns})
  Destination:            acc_out_reg[23]/D
                            (rising edge-triggered cell FDRE clocked by system_clk  {rise@0.000ns fall@5.000ns period=10.000ns})
  Path Group:             system_clk
  Path Type:              Setup (Max at Slow Process Corner)
  Requirement:            10.000ns  (system_clk rise@10.000ns - system_clk rise@0.000ns)
  Data Path Delay:        2.554ns  (logic 1.899ns (74.351%)  route 0.655ns (25.649%))
  Logic Levels:           7  (CARRY4=6 LUT2=1)
  Clock Path Skew:        -0.049ns (DCD - SCD + CPR)
    Destination Clock Delay (DCD):    0.924ns = ( 10.924 - 10.000 ) 
    Source Clock Delay      (SCD):    0.973ns
    Clock Pessimism Removal (CPR):    0.000ns
  Clock Uncertainty:      0.035ns  ((TSJ^2 + TIJ^2)^1/2 + DJ) / 2 + PE
    Total System Jitter     (TSJ):    0.071ns
    Total Input Jitter      (TIJ):    0.000ns
    Discrete Jitter          (DJ):    0.000ns
    Phase Error              (PE):    0.000ns

    Location             Delay type                Incr(ns)  Path(ns)    Netlist Resource(s)
  -------------------------------------------------------------------    -------------------
                         (clock system_clk rise edge)
                                                      0.000     0.000 r  
                                                      0.000     0.000 r  clk (IN)
                         net (fo=32, unset)           0.973     0.973    clk
    SLICE_X43Y67         FDRE                                         r  acc_out_reg[1]/C
  -------------------------------------------------------------------    -------------------
    SLICE_X43Y67         FDRE (Prop_fdre_C_Q)         0.456     1.429 r  acc_out_reg[1]/Q
                         net (fo=1, routed)           0.655     2.084    acc_out[1]
    SLICE_X43Y67         LUT2 (Prop_lut2_I1_O)        0.124     2.208 r  acc_out[3]_i_5/O
                         net (fo=1, routed)           0.000     2.208    acc_out[3]_i_5_n_0
    SLICE_X43Y67         CARRY4 (Prop_carry4_S[1]_CO[3])
                                                      0.550     2.758 r  acc_out_reg[3]_i_1/CO[3]
                         net (fo=1, routed)           0.000     2.758    acc_out_reg[3]_i_1_n_0
    SLICE_X43Y68         CARRY4 (Prop_carry4_CI_CO[3])
                                                      0.114     2.872 r  acc_out_reg[7]_i_1/CO[3]
                         net (fo=1, routed)           0.000     2.872    acc_out_reg[7]_i_1_n_0
    SLICE_X43Y69         CARRY4 (Prop_carry4_CI_CO[3])
                                                      0.114     2.986 r  acc_out_reg[11]_i_1/CO[3]
                         net (fo=1, routed)           0.000     2.986    acc_out_reg[11]_i_1_n_0
    SLICE_X43Y70         CARRY4 (Prop_carry4_CI_CO[3])
                                                      0.114     3.100 r  acc_out_reg[15]_i_1/CO[3]
                         net (fo=1, routed)           0.000     3.100    acc_out_reg[15]_i_1_n_0
    SLICE_X43Y71         CARRY4 (Prop_carry4_CI_CO[3])
                                                      0.114     3.214 r  acc_out_reg[19]_i_1/CO[3]
                         net (fo=1, routed)           0.000     3.214    acc_out_reg[19]_i_1_n_0
    SLICE_X43Y72         CARRY4 (Prop_carry4_CI_O[3])
                                                      0.313     3.527 r  acc_out_reg[23]_i_1/O[3]
                         net (fo=1, routed)           0.000     3.527    acc_out_reg[23]_i_1_n_4
    SLICE_X43Y72         FDRE                                         r  acc_out_reg[23]/D
  -------------------------------------------------------------------    -------------------

                         (clock system_clk rise edge)
                                                     10.000    10.000 r  
                                                      0.000    10.000 r  clk (IN)
                         net (fo=32, unset)           0.924    10.924    clk
    SLICE_X43Y72         FDRE                                         r  acc_out_reg[23]/C
                         clock pessimism              0.000    10.924    
                         clock uncertainty           -0.035    10.889    
    SLICE_X43Y72         FDRE (Setup_fdre_C_D)        0.062    10.951    acc_out_reg[23]
  -------------------------------------------------------------------
                         required time                         10.951    
                         arrival time                          -3.527    
  -------------------------------------------------------------------
                         slack                                  7.424    





Pulse Width Checks
--------------------------------------------------------------------------------------
Clock Name:         system_clk
Waveform(ns):       { 0.000 5.000 }
Period(ns):         10.000
Sources:            { clk }

Check Type        Corner  Lib Pin  Reference Pin  Required(ns)  Actual(ns)  Slack(ns)  Location      Pin
Min Period        n/a     FDRE/C   n/a            1.000         10.000      9.000      SLICE_X43Y67  acc_out_reg[0]/C
Min Period        n/a     FDRE/C   n/a            1.000         10.000      9.000      SLICE_X43Y69  acc_out_reg[10]/C
Min Period        n/a     FDRE/C   n/a            1.000         10.000      9.000      SLICE_X43Y69  acc_out_reg[11]/C
Min Period        n/a     FDRE/C   n/a            1.000         10.000      9.000      SLICE_X43Y70  acc_out_reg[12]/C
Min Period        n/a     FDRE/C   n/a            1.000         10.000      9.000      SLICE_X43Y70  acc_out_reg[13]/C
Min Period        n/a     FDRE/C   n/a            1.000         10.000      9.000      SLICE_X43Y70  acc_out_reg[14]/C
Min Period        n/a     FDRE/C   n/a            1.000         10.000      9.000      SLICE_X43Y70  acc_out_reg[15]/C
Min Period        n/a     FDRE/C   n/a            1.000         10.000      9.000      SLICE_X43Y71  acc_out_reg[16]/C
Min Period        n/a     FDRE/C   n/a            1.000         10.000      9.000      SLICE_X43Y71  acc_out_reg[17]/C
Min Period        n/a     FDRE/C   n/a            1.000         10.000      9.000      SLICE_X43Y71  acc_out_reg[18]/C
Low Pulse Width   Slow    FDRE/C   n/a            0.500         5.000       4.500      SLICE_X43Y67  acc_out_reg[0]/C
Low Pulse Width   Fast    FDRE/C   n/a            0.500         5.000       4.500      SLICE_X43Y67  acc_out_reg[0]/C
Low Pulse Width   Slow    FDRE/C   n/a            0.500         5.000       4.500      SLICE_X43Y69  acc_out_reg[10]/C
Low Pulse Width   Fast    FDRE/C   n/a            0.500         5.000       4.500      SLICE_X43Y69  acc_out_reg[10]/C
Low Pulse Width   Slow    FDRE/C   n/a            0.500         5.000       4.500      SLICE_X43Y69  acc_out_reg[11]/C
Low Pulse Width   Fast    FDRE/C   n/a            0.500         5.000       4.500      SLICE_X43Y69  acc_out_reg[11]/C
Low Pulse Width   Slow    FDRE/C   n/a            0.500         5.000       4.500      SLICE_X43Y70  acc_out_reg[12]/C
Low Pulse Width   Fast    FDRE/C   n/a            0.500         5.000       4.500      SLICE_X43Y70  acc_out_reg[12]/C
Low Pulse Width   Slow    FDRE/C   n/a            0.500         5.000       4.500      SLICE_X43Y70  acc_out_reg[13]/C
Low Pulse Width   Fast    FDRE/C   n/a            0.500         5.000       4.500      SLICE_X43Y70  acc_out_reg[13]/C
High Pulse Width  Slow    FDRE/C   n/a            0.500         5.000       4.500      SLICE_X43Y67  acc_out_reg[0]/C
High Pulse Width  Fast    FDRE/C   n/a            0.500         5.000       4.500      SLICE_X43Y67  acc_out_reg[0]/C
High Pulse Width  Slow    FDRE/C   n/a            0.500         5.000       4.500      SLICE_X43Y69  acc_out_reg[10]/C
High Pulse Width  Fast    FDRE/C   n/a            0.500         5.000       4.500      SLICE_X43Y69  acc_out_reg[10]/C
High Pulse Width  Slow    FDRE/C   n/a            0.500         5.000       4.500      SLICE_X43Y69  acc_out_reg[11]/C
High Pulse Width  Fast    FDRE/C   n/a            0.500         5.000       4.500      SLICE_X43Y69  acc_out_reg[11]/C
High Pulse Width  Slow    FDRE/C   n/a            0.500         5.000       4.500      SLICE_X43Y70  acc_out_reg[12]/C
High Pulse Width  Fast    FDRE/C   n/a            0.500         5.000       4.500      SLICE_X43Y70  acc_out_reg[12]/C
High Pulse Width  Slow    FDRE/C   n/a            0.500         5.000       4.500      SLICE_X43Y70  acc_out_reg[13]/C
High Pulse Width  Fast    FDRE/C   n/a            0.500         5.000       4.500      SLICE_X43Y70  acc_out_reg[13]/C



--------------------------------------------------------------------------------------
Path Group:  (none)
From Clock:  system_clk
  To Clock:  

Max Delay            33 Endpoints
Min Delay             0 Endpoints
--------------------------------------------------------------------------------------


Max Delay Paths
--------------------------------------------------------------------------------------
Slack:                    inf
  Source:                 acc_out_reg[0]/C
                            (rising edge-triggered cell FDRE clocked by system_clk  {rise@0.000ns fall@5.000ns period=10.000ns})
  Destination:            acc_out[0]
                            (output port)
  Path Group:             (none)
  Path Type:              Max at Slow Process Corner
  Data Path Delay:        1.429ns  (logic 0.456ns (31.910%)  route 0.973ns (68.090%))
  Logic Levels:           0  
  Clock Uncertainty:      0.025ns  ((TSJ^2 + TIJ^2)^1/2 + DJ) / 2 + PE
    Total System Jitter     (TSJ):    0.050ns
    Total Input Jitter      (TIJ):    0.000ns
    Discrete Jitter          (DJ):    0.000ns
    Phase Error              (PE):    0.000ns

    Location             Delay type                Incr(ns)  Path(ns)    Netlist Resource(s)
  -------------------------------------------------------------------    -------------------
                         (clock system_clk rise edge)
                                                      0.000     0.000 r  
                                                      0.000     0.000 r  clk (IN)
                         net (fo=32, unset)           0.973     0.973    clk
    SLICE_X43Y67         FDRE                                         r  acc_out_reg[0]/C
  -------------------------------------------------------------------    -------------------
    SLICE_X43Y67         FDRE (Prop_fdre_C_Q)         0.456     1.429 r  acc_out_reg[0]/Q
                         net (fo=1, unset)            0.973     2.402    acc_out[0]
                                                                      r  acc_out[0] (OUT)
  -------------------------------------------------------------------    -------------------

Slack:                    inf
  Source:                 acc_out_reg[10]/C
                            (rising edge-triggered cell FDRE clocked by system_clk  {rise@0.000ns fall@5.000ns period=10.000ns})
  Destination:            acc_out[10]
                            (output port)
  Path Group:             (none)
  Path Type:              Max at Slow Process Corner
  Data Path Delay:        1.429ns  (logic 0.456ns (31.910%)  route 0.973ns (68.090%))
  Logic Levels:           0  
  Clock Uncertainty:      0.025ns  ((TSJ^2 + TIJ^2)^1/2 + DJ) / 2 + PE
    Total System Jitter     (TSJ):    0.050ns
    Total Input Jitter      (TIJ):    0.000ns
    Discrete Jitter          (DJ):    0.000ns
    Phase Error              (PE):    0.000ns

    Location             Delay type                Incr(ns)  Path(ns)    Netlist Resource(s)
  -------------------------------------------------------------------    -------------------
                         (clock system_clk rise edge)
                                                      0.000     0.000 r  
                                                      0.000     0.000 r  clk (IN)
                         net (fo=32, unset)           0.973     0.973    clk
    SLICE_X43Y69         FDRE                                         r  acc_out_reg[10]/C
  -------------------------------------------------------------------    -------------------
    SLICE_X43Y69         FDRE (Prop_fdre_C_Q)         0.456     1.429 r  acc_out_reg[10]/Q
                         net (fo=1, unset)            0.973     2.402    acc_out[10]
                                                                      r  acc_out[10] (OUT)
  -------------------------------------------------------------------    -------------------

Slack:                    inf
  Source:                 acc_out_reg[11]/C
                            (rising edge-triggered cell FDRE clocked by system_clk  {rise@0.000ns fall@5.000ns period=10.000ns})
  Destination:            acc_out[11]
                            (output port)
  Path Group:             (none)
  Path Type:              Max at Slow Process Corner
  Data Path Delay:        1.429ns  (logic 0.456ns (31.910%)  route 0.973ns (68.090%))
  Logic Levels:           0  
  Clock Uncertainty:      0.025ns  ((TSJ^2 + TIJ^2)^1/2 + DJ) / 2 + PE
    Total System Jitter     (TSJ):    0.050ns
    Total Input Jitter      (TIJ):    0.000ns
    Discrete Jitter          (DJ):    0.000ns
    Phase Error              (PE):    0.000ns

    Location             Delay type                Incr(ns)  Path(ns)    Netlist Resource(s)
  -------------------------------------------------------------------    -------------------
                         (clock system_clk rise edge)
                                                      0.000     0.000 r  
                                                      0.000     0.000 r  clk (IN)
                         net (fo=32, unset)           0.973     0.973    clk
    SLICE_X43Y69         FDRE                                         r  acc_out_reg[11]/C
  -------------------------------------------------------------------    -------------------
    SLICE_X43Y69         FDRE (Prop_fdre_C_Q)         0.456     1.429 r  acc_out_reg[11]/Q
                         net (fo=1, unset)            0.973     2.402    acc_out[11]
                                                                      r  acc_out[11] (OUT)
  -------------------------------------------------------------------    -------------------

Slack:                    inf
  Source:                 acc_out_reg[12]/C
                            (rising edge-triggered cell FDRE clocked by system_clk  {rise@0.000ns fall@5.000ns period=10.000ns})
  Destination:            acc_out[12]
                            (output port)
  Path Group:             (none)
  Path Type:              Max at Slow Process Corner
  Data Path Delay:        1.429ns  (logic 0.456ns (31.910%)  route 0.973ns (68.090%))
  Logic Levels:           0  
  Clock Uncertainty:      0.025ns  ((TSJ^2 + TIJ^2)^1/2 + DJ) / 2 + PE
    Total System Jitter     (TSJ):    0.050ns
    Total Input Jitter      (TIJ):    0.000ns
    Discrete Jitter          (DJ):    0.000ns
    Phase Error              (PE):    0.000ns

    Location             Delay type                Incr(ns)  Path(ns)    Netlist Resource(s)
  -------------------------------------------------------------------    -------------------
                         (clock system_clk rise edge)
                                                      0.000     0.000 r  
                                                      0.000     0.000 r  clk (IN)
                         net (fo=32, unset)           0.973     0.973    clk
    SLICE_X43Y70         FDRE                                         r  acc_out_reg[12]/C
  -------------------------------------------------------------------    -------------------
    SLICE_X43Y70         FDRE (Prop_fdre_C_Q)         0.456     1.429 r  acc_out_reg[12]/Q
                         net (fo=1, unset)            0.973     2.402    acc_out[12]
                                                                      r  acc_out[12] (OUT)
  -------------------------------------------------------------------    -------------------

Slack:                    inf
  Source:                 acc_out_reg[13]/C
                            (rising edge-triggered cell FDRE clocked by system_clk  {rise@0.000ns fall@5.000ns period=10.000ns})
  Destination:            acc_out[13]
                            (output port)
  Path Group:             (none)
  Path Type:              Max at Slow Process Corner
  Data Path Delay:        1.429ns  (logic 0.456ns (31.910%)  route 0.973ns (68.090%))
  Logic Levels:           0  
  Clock Uncertainty:      0.025ns  ((TSJ^2 + TIJ^2)^1/2 + DJ) / 2 + PE
    Total System Jitter     (TSJ):    0.050ns
    Total Input Jitter      (TIJ):    0.000ns
    Discrete Jitter          (DJ):    0.000ns
    Phase Error              (PE):    0.000ns

    Location             Delay type                Incr(ns)  Path(ns)    Netlist Resource(s)
  -------------------------------------------------------------------    -------------------
                         (clock system_clk rise edge)
                                                      0.000     0.000 r  
                                                      0.000     0.000 r  clk (IN)
                         net (fo=32, unset)           0.973     0.973    clk
    SLICE_X43Y70         FDRE                                         r  acc_out_reg[13]/C
  -------------------------------------------------------------------    -------------------
    SLICE_X43Y70         FDRE (Prop_fdre_C_Q)         0.456     1.429 r  acc_out_reg[13]/Q
                         net (fo=1, unset)            0.973     2.402    acc_out[13]
                                                                      r  acc_out[13] (OUT)
  -------------------------------------------------------------------    -------------------

Slack:                    inf
  Source:                 acc_out_reg[14]/C
                            (rising edge-triggered cell FDRE clocked by system_clk  {rise@0.000ns fall@5.000ns period=10.000ns})
  Destination:            acc_out[14]
                            (output port)
  Path Group:             (none)
  Path Type:              Max at Slow Process Corner
  Data Path Delay:        1.429ns  (logic 0.456ns (31.910%)  route 0.973ns (68.090%))
  Logic Levels:           0  
  Clock Uncertainty:      0.025ns  ((TSJ^2 + TIJ^2)^1/2 + DJ) / 2 + PE
    Total System Jitter     (TSJ):    0.050ns
    Total Input Jitter      (TIJ):    0.000ns
    Discrete Jitter          (DJ):    0.000ns
    Phase Error              (PE):    0.000ns

    Location             Delay type                Incr(ns)  Path(ns)    Netlist Resource(s)
  -------------------------------------------------------------------    -------------------
                         (clock system_clk rise edge)
                                                      0.000     0.000 r  
                                                      0.000     0.000 r  clk (IN)
                         net (fo=32, unset)           0.973     0.973    clk
    SLICE_X43Y70         FDRE                                         r  acc_out_reg[14]/C
  -------------------------------------------------------------------    -------------------
    SLICE_X43Y70         FDRE (Prop_fdre_C_Q)         0.456     1.429 r  acc_out_reg[14]/Q
                         net (fo=1, unset)            0.973     2.402    acc_out[14]
                                                                      r  acc_out[14] (OUT)
  -------------------------------------------------------------------    -------------------

Slack:                    inf
  Source:                 acc_out_reg[15]/C
                            (rising edge-triggered cell FDRE clocked by system_clk  {rise@0.000ns fall@5.000ns period=10.000ns})
  Destination:            acc_out[15]
                            (output port)
  Path Group:             (none)
  Path Type:              Max at Slow Process Corner
  Data Path Delay:        1.429ns  (logic 0.456ns (31.910%)  route 0.973ns (68.090%))
  Logic Levels:           0  
  Clock Uncertainty:      0.025ns  ((TSJ^2 + TIJ^2)^1/2 + DJ) / 2 + PE
    Total System Jitter     (TSJ):    0.050ns
    Total Input Jitter      (TIJ):    0.000ns
    Discrete Jitter          (DJ):    0.000ns
    Phase Error              (PE):    0.000ns

    Location             Delay type                Incr(ns)  Path(ns)    Netlist Resource(s)
  -------------------------------------------------------------------    -------------------
                         (clock system_clk rise edge)
                                                      0.000     0.000 r  
                                                      0.000     0.000 r  clk (IN)
                         net (fo=32, unset)           0.973     0.973    clk
    SLICE_X43Y70         FDRE                                         r  acc_out_reg[15]/C
  -------------------------------------------------------------------    -------------------
    SLICE_X43Y70         FDRE (Prop_fdre_C_Q)         0.456     1.429 r  acc_out_reg[15]/Q
                         net (fo=1, unset)            0.973     2.402    acc_out[15]
                                                                      r  acc_out[15] (OUT)
  -------------------------------------------------------------------    -------------------

Slack:                    inf
  Source:                 acc_out_reg[16]/C
                            (rising edge-triggered cell FDRE clocked by system_clk  {rise@0.000ns fall@5.000ns period=10.000ns})
  Destination:            acc_out[16]
                            (output port)
  Path Group:             (none)
  Path Type:              Max at Slow Process Corner
  Data Path Delay:        1.429ns  (logic 0.456ns (31.910%)  route 0.973ns (68.090%))
  Logic Levels:           0  
  Clock Uncertainty:      0.025ns  ((TSJ^2 + TIJ^2)^1/2 + DJ) / 2 + PE
    Total System Jitter     (TSJ):    0.050ns
    Total Input Jitter      (TIJ):    0.000ns
    Discrete Jitter          (DJ):    0.000ns
    Phase Error              (PE):    0.000ns

    Location             Delay type                Incr(ns)  Path(ns)    Netlist Resource(s)
  -------------------------------------------------------------------    -------------------
                         (clock system_clk rise edge)
                                                      0.000     0.000 r  
                                                      0.000     0.000 r  clk (IN)
                         net (fo=32, unset)           0.973     0.973    clk
    SLICE_X43Y71         FDRE                                         r  acc_out_reg[16]/C
  -------------------------------------------------------------------    -------------------
    SLICE_X43Y71         FDRE (Prop_fdre_C_Q)         0.456     1.429 r  acc_out_reg[16]/Q
                         net (fo=1, unset)            0.973     2.402    acc_out[16]
                                                                      r  acc_out[16] (OUT)
  -------------------------------------------------------------------    -------------------

Slack:                    inf
  Source:                 acc_out_reg[17]/C
                            (rising edge-triggered cell FDRE clocked by system_clk  {rise@0.000ns fall@5.000ns period=10.000ns})
  Destination:            acc_out[17]
                            (output port)
  Path Group:             (none)
  Path Type:              Max at Slow Process Corner
  Data Path Delay:        1.429ns  (logic 0.456ns (31.910%)  route 0.973ns (68.090%))
  Logic Levels:           0  
  Clock Uncertainty:      0.025ns  ((TSJ^2 + TIJ^2)^1/2 + DJ) / 2 + PE
    Total System Jitter     (TSJ):    0.050ns
    Total Input Jitter      (TIJ):    0.000ns
    Discrete Jitter          (DJ):    0.000ns
    Phase Error              (PE):    0.000ns

    Location             Delay type                Incr(ns)  Path(ns)    Netlist Resource(s)
  -------------------------------------------------------------------    -------------------
                         (clock system_clk rise edge)
                                                      0.000     0.000 r  
                                                      0.000     0.000 r  clk (IN)
                         net (fo=32, unset)           0.973     0.973    clk
    SLICE_X43Y71         FDRE                                         r  acc_out_reg[17]/C
  -------------------------------------------------------------------    -------------------
    SLICE_X43Y71         FDRE (Prop_fdre_C_Q)         0.456     1.429 r  acc_out_reg[17]/Q
                         net (fo=1, unset)            0.973     2.402    acc_out[17]
                                                                      r  acc_out[17] (OUT)
  -------------------------------------------------------------------    -------------------

Slack:                    inf
  Source:                 acc_out_reg[18]/C
                            (rising edge-triggered cell FDRE clocked by system_clk  {rise@0.000ns fall@5.000ns period=10.000ns})
  Destination:            acc_out[18]
                            (output port)
  Path Group:             (none)
  Path Type:              Max at Slow Process Corner
  Data Path Delay:        1.429ns  (logic 0.456ns (31.910%)  route 0.973ns (68.090%))
  Logic Levels:           0  
  Clock Uncertainty:      0.025ns  ((TSJ^2 + TIJ^2)^1/2 + DJ) / 2 + PE
    Total System Jitter     (TSJ):    0.050ns
    Total Input Jitter      (TIJ):    0.000ns
    Discrete Jitter          (DJ):    0.000ns
    Phase Error              (PE):    0.000ns

    Location             Delay type                Incr(ns)  Path(ns)    Netlist Resource(s)
  -------------------------------------------------------------------    -------------------
                         (clock system_clk rise edge)
                                                      0.000     0.000 r  
                                                      0.000     0.000 r  clk (IN)
                         net (fo=32, unset)           0.973     0.973    clk
    SLICE_X43Y71         FDRE                                         r  acc_out_reg[18]/C
  -------------------------------------------------------------------    -------------------
    SLICE_X43Y71         FDRE (Prop_fdre_C_Q)         0.456     1.429 r  acc_out_reg[18]/Q
                         net (fo=1, unset)            0.973     2.402    acc_out[18]
                                                                      r  acc_out[18] (OUT)
  -------------------------------------------------------------------    -------------------





--------------------------------------------------------------------------------------
Path Group:  (none)
From Clock:  
  To Clock:  system_clk

Max Delay            97 Endpoints
Min Delay             0 Endpoints
--------------------------------------------------------------------------------------


Max Delay Paths
--------------------------------------------------------------------------------------
Slack:                    inf
  Source:                 b[0]
                            (input port)
  Destination:            acc_out_reg[29]/D
                            (rising edge-triggered cell FDRE clocked by system_clk  {rise@0.000ns fall@5.000ns period=10.000ns})
  Path Group:             (none)
  Path Type:              Setup (Max at Slow Process Corner)
  Data Path Delay:        9.156ns  (logic 3.877ns (42.344%)  route 5.279ns (57.656%))
  Logic Levels:           12  (CARRY4=7 LUT2=2 LUT3=1 LUT4=1 LUT6=1)
  Clock Path Skew:        0.924ns (DCD - SCD + CPR)
    Destination Clock Delay (DCD):    0.924ns
    Source Clock Delay      (SCD):    0.000ns
    Clock Pessimism Removal (CPR):    0.000ns
  Clock Uncertainty:      0.025ns  ((TSJ^2 + TIJ^2)^1/2 + DJ) / 2 + PE
    Total System Jitter     (TSJ):    0.050ns
    Total Input Jitter      (TIJ):    0.000ns
    Discrete Jitter          (DJ):    0.000ns
    Phase Error              (PE):    0.000ns

    Location             Delay type                Incr(ns)  Path(ns)    Netlist Resource(s)
  -------------------------------------------------------------------    -------------------
                                                      0.000     0.000 f  b[0] (IN)
                         net (fo=15, unset)           0.973     0.973    b[0]
    SLICE_X44Y69         LUT2 (Prop_lut2_I1_O)        0.149     1.122 r  acc_out[3]_i_15/O
                         net (fo=1, routed)           0.969     2.091    acc_out[3]_i_15_n_0
    SLICE_X45Y68         LUT6 (Prop_lut6_I1_O)        0.332     2.423 r  acc_out[3]_i_10/O
                         net (fo=1, routed)           0.000     2.423    acc_out[3]_i_10_n_0
    SLICE_X45Y68         CARRY4 (Prop_carry4_S[3]_CO[3])
                                                      0.401     2.824 r  acc_out_reg[3]_i_2/CO[3]
                         net (fo=1, routed)           0.000     2.824    acc_out_reg[3]_i_2_n_0
    SLICE_X45Y69         CARRY4 (Prop_carry4_CI_CO[3])
                                                      0.114     2.938 r  acc_out_reg[11]_i_18/CO[3]
                         net (fo=1, routed)           0.000     2.938    acc_out_reg[11]_i_18_n_0
    SLICE_X45Y70         CARRY4 (Prop_carry4_CI_O[1])
                                                      0.334     3.272 r  acc_out_reg[11]_i_16/O[1]
                         net (fo=2, routed)           0.837     4.109    acc_out_reg[11]_i_16_n_6
    SLICE_X42Y69         LUT3 (Prop_lut3_I2_O)        0.331     4.440 r  acc_out[11]_i_8/O
                         net (fo=2, routed)           0.859     5.299    acc_out[11]_i_8_n_0
    SLICE_X42Y69         LUT4 (Prop_lut4_I0_O)        0.348     5.647 r  acc_out[11]_i_12/O
                         net (fo=1, routed)           0.000     5.647    acc_out[11]_i_12_n_0
    SLICE_X42Y69         CARRY4 (Prop_carry4_S[2]_CO[3])
                                                      0.380     6.027 r  acc_out_reg[11]_i_2/CO[3]
                         net (fo=1, routed)           0.000     6.027    acc_out_reg[11]_i_2_n_0
    SLICE_X42Y70         CARRY4 (Prop_carry4_CI_O[3])
                                                      0.315     6.342 r  acc_out_reg[31]_i_4/O[3]
                         net (fo=33, routed)          1.641     7.983    product_ext[15]
    SLICE_X43Y73         LUT2 (Prop_lut2_I0_O)        0.307     8.290 r  acc_out[27]_i_5/O
                         net (fo=1, routed)           0.000     8.290    acc_out[27]_i_5_n_0
    SLICE_X43Y73         CARRY4 (Prop_carry4_S[0]_CO[3])
                                                      0.532     8.822 r  acc_out_reg[27]_i_1/CO[3]
                         net (fo=1, routed)           0.000     8.822    acc_out_reg[27]_i_1_n_0
    SLICE_X43Y74         CARRY4 (Prop_carry4_CI_O[1])
                                                      0.334     9.156 r  acc_out_reg[31]_i_3/O[1]
                         net (fo=1, routed)           0.000     9.156    acc_out_reg[31]_i_3_n_6
    SLICE_X43Y74         FDRE                                         r  acc_out_reg[29]/D
  -------------------------------------------------------------------    -------------------

                         (clock system_clk rise edge)
                                                      0.000     0.000 r  
                                                      0.000     0.000 r  clk (IN)
                         net (fo=32, unset)           0.924     0.924    clk
    SLICE_X43Y74         FDRE                                         r  acc_out_reg[29]/C

Slack:                    inf
  Source:                 b[0]
                            (input port)
  Destination:            acc_out_reg[31]/D
                            (rising edge-triggered cell FDRE clocked by system_clk  {rise@0.000ns fall@5.000ns period=10.000ns})
  Path Group:             (none)
  Path Type:              Setup (Max at Slow Process Corner)
  Data Path Delay:        9.135ns  (logic 3.856ns (42.212%)  route 5.279ns (57.788%))
  Logic Levels:           12  (CARRY4=7 LUT2=2 LUT3=1 LUT4=1 LUT6=1)
  Clock Path Skew:        0.924ns (DCD - SCD + CPR)
    Destination Clock Delay (DCD):    0.924ns
    Source Clock Delay      (SCD):    0.000ns
    Clock Pessimism Removal (CPR):    0.000ns
  Clock Uncertainty:      0.025ns  ((TSJ^2 + TIJ^2)^1/2 + DJ) / 2 + PE
    Total System Jitter     (TSJ):    0.050ns
    Total Input Jitter      (TIJ):    0.000ns
    Discrete Jitter          (DJ):    0.000ns
    Phase Error              (PE):    0.000ns

    Location             Delay type                Incr(ns)  Path(ns)    Netlist Resource(s)
  -------------------------------------------------------------------    -------------------
                                                      0.000     0.000 f  b[0] (IN)
                         net (fo=15, unset)           0.973     0.973    b[0]
    SLICE_X44Y69         LUT2 (Prop_lut2_I1_O)        0.149     1.122 r  acc_out[3]_i_15/O
                         net (fo=1, routed)           0.969     2.091    acc_out[3]_i_15_n_0
    SLICE_X45Y68         LUT6 (Prop_lut6_I1_O)        0.332     2.423 r  acc_out[3]_i_10/O
                         net (fo=1, routed)           0.000     2.423    acc_out[3]_i_10_n_0
    SLICE_X45Y68         CARRY4 (Prop_carry4_S[3]_CO[3])
                                                      0.401     2.824 r  acc_out_reg[3]_i_2/CO[3]
                         net (fo=1, routed)           0.000     2.824    acc_out_reg[3]_i_2_n_0
    SLICE_X45Y69         CARRY4 (Prop_carry4_CI_CO[3])
                                                      0.114     2.938 r  acc_out_reg[11]_i_18/CO[3]
                         net (fo=1, routed)           0.000     2.938    acc_out_reg[11]_i_18_n_0
    SLICE_X45Y70         CARRY4 (Prop_carry4_CI_O[1])
                                                      0.334     3.272 r  acc_out_reg[11]_i_16/O[1]
                         net (fo=2, routed)           0.837     4.109    acc_out_reg[11]_i_16_n_6
    SLICE_X42Y69         LUT3 (Prop_lut3_I2_O)        0.331     4.440 r  acc_out[11]_i_8/O
                         net (fo=2, routed)           0.859     5.299    acc_out[11]_i_8_n_0
    SLICE_X42Y69         LUT4 (Prop_lut4_I0_O)        0.348     5.647 r  acc_out[11]_i_12/O
                         net (fo=1, routed)           0.000     5.647    acc_out[11]_i_12_n_0
    SLICE_X42Y69         CARRY4 (Prop_carry4_S[2]_CO[3])
                                                      0.380     6.027 r  acc_out_reg[11]_i_2/CO[3]
                         net (fo=1, routed)           0.000     6.027    acc_out_reg[11]_i_2_n_0
    SLICE_X42Y70         CARRY4 (Prop_carry4_CI_O[3])
                                                      0.315     6.342 r  acc_out_reg[31]_i_4/O[3]
                         net (fo=33, routed)          1.641     7.983    product_ext[15]
    SLICE_X43Y73         LUT2 (Prop_lut2_I0_O)        0.307     8.290 r  acc_out[27]_i_5/O
                         net (fo=1, routed)           0.000     8.290    acc_out[27]_i_5_n_0
    SLICE_X43Y73         CARRY4 (Prop_carry4_S[0]_CO[3])
                                                      0.532     8.822 r  acc_out_reg[27]_i_1/CO[3]
                         net (fo=1, routed)           0.000     8.822    acc_out_reg[27]_i_1_n_0
    SLICE_X43Y74         CARRY4 (Prop_carry4_CI_O[3])
                                                      0.313     9.135 r  acc_out_reg[31]_i_3/O[3]
                         net (fo=1, routed)           0.000     9.135    acc_out_reg[31]_i_3_n_4
    SLICE_X43Y74         FDRE                                         r  acc_out_reg[31]/D
  -------------------------------------------------------------------    -------------------

                         (clock system_clk rise edge)
                                                      0.000     0.000 r  
                                                      0.000     0.000 r  clk (IN)
                         net (fo=32, unset)           0.924     0.924    clk
    SLICE_X43Y74         FDRE                                         r  acc_out_reg[31]/C

Slack:                    inf
  Source:                 b[0]
                            (input port)
  Destination:            acc_out_reg[30]/D
                            (rising edge-triggered cell FDRE clocked by system_clk  {rise@0.000ns fall@5.000ns period=10.000ns})
  Path Group:             (none)
  Path Type:              Setup (Max at Slow Process Corner)
  Data Path Delay:        9.061ns  (logic 3.782ns (41.740%)  route 5.279ns (58.260%))
  Logic Levels:           12  (CARRY4=7 LUT2=2 LUT3=1 LUT4=1 LUT6=1)
  Clock Path Skew:        0.924ns (DCD - SCD + CPR)
    Destination Clock Delay (DCD):    0.924ns
    Source Clock Delay      (SCD):    0.000ns
    Clock Pessimism Removal (CPR):    0.000ns
  Clock Uncertainty:      0.025ns  ((TSJ^2 + TIJ^2)^1/2 + DJ) / 2 + PE
    Total System Jitter     (TSJ):    0.050ns
    Total Input Jitter      (TIJ):    0.000ns
    Discrete Jitter          (DJ):    0.000ns
    Phase Error              (PE):    0.000ns

    Location             Delay type                Incr(ns)  Path(ns)    Netlist Resource(s)
  -------------------------------------------------------------------    -------------------
                                                      0.000     0.000 f  b[0] (IN)
                         net (fo=15, unset)           0.973     0.973    b[0]
    SLICE_X44Y69         LUT2 (Prop_lut2_I1_O)        0.149     1.122 r  acc_out[3]_i_15/O
                         net (fo=1, routed)           0.969     2.091    acc_out[3]_i_15_n_0
    SLICE_X45Y68         LUT6 (Prop_lut6_I1_O)        0.332     2.423 r  acc_out[3]_i_10/O
                         net (fo=1, routed)           0.000     2.423    acc_out[3]_i_10_n_0
    SLICE_X45Y68         CARRY4 (Prop_carry4_S[3]_CO[3])
                                                      0.401     2.824 r  acc_out_reg[3]_i_2/CO[3]
                         net (fo=1, routed)           0.000     2.824    acc_out_reg[3]_i_2_n_0
    SLICE_X45Y69         CARRY4 (Prop_carry4_CI_CO[3])
                                                      0.114     2.938 r  acc_out_reg[11]_i_18/CO[3]
                         net (fo=1, routed)           0.000     2.938    acc_out_reg[11]_i_18_n_0
    SLICE_X45Y70         CARRY4 (Prop_carry4_CI_O[1])
                                                      0.334     3.272 r  acc_out_reg[11]_i_16/O[1]
                         net (fo=2, routed)           0.837     4.109    acc_out_reg[11]_i_16_n_6
    SLICE_X42Y69         LUT3 (Prop_lut3_I2_O)        0.331     4.440 r  acc_out[11]_i_8/O
                         net (fo=2, routed)           0.859     5.299    acc_out[11]_i_8_n_0
    SLICE_X42Y69         LUT4 (Prop_lut4_I0_O)        0.348     5.647 r  acc_out[11]_i_12/O
                         net (fo=1, routed)           0.000     5.647    acc_out[11]_i_12_n_0
    SLICE_X42Y69         CARRY4 (Prop_carry4_S[2]_CO[3])
                                                      0.380     6.027 r  acc_out_reg[11]_i_2/CO[3]
                         net (fo=1, routed)           0.000     6.027    acc_out_reg[11]_i_2_n_0
    SLICE_X42Y70         CARRY4 (Prop_carry4_CI_O[3])
                                                      0.315     6.342 r  acc_out_reg[31]_i_4/O[3]
                         net (fo=33, routed)          1.641     7.983    product_ext[15]
    SLICE_X43Y73         LUT2 (Prop_lut2_I0_O)        0.307     8.290 r  acc_out[27]_i_5/O
                         net (fo=1, routed)           0.000     8.290    acc_out[27]_i_5_n_0
    SLICE_X43Y73         CARRY4 (Prop_carry4_S[0]_CO[3])
                                                      0.532     8.822 r  acc_out_reg[27]_i_1/CO[3]
                         net (fo=1, routed)           0.000     8.822    acc_out_reg[27]_i_1_n_0
    SLICE_X43Y74         CARRY4 (Prop_carry4_CI_O[2])
                                                      0.239     9.061 r  acc_out_reg[31]_i_3/O[2]
                         net (fo=1, routed)           0.000     9.061    acc_out_reg[31]_i_3_n_5
    SLICE_X43Y74         FDRE                                         r  acc_out_reg[30]/D
  -------------------------------------------------------------------    -------------------

                         (clock system_clk rise edge)
                                                      0.000     0.000 r  
                                                      0.000     0.000 r  clk (IN)
                         net (fo=32, unset)           0.924     0.924    clk
    SLICE_X43Y74         FDRE                                         r  acc_out_reg[30]/C

Slack:                    inf
  Source:                 b[0]
                            (input port)
  Destination:            acc_out_reg[28]/D
                            (rising edge-triggered cell FDRE clocked by system_clk  {rise@0.000ns fall@5.000ns period=10.000ns})
  Path Group:             (none)
  Path Type:              Setup (Max at Slow Process Corner)
  Data Path Delay:        9.045ns  (logic 3.766ns (41.637%)  route 5.279ns (58.363%))
  Logic Levels:           12  (CARRY4=7 LUT2=2 LUT3=1 LUT4=1 LUT6=1)
  Clock Path Skew:        0.924ns (DCD - SCD + CPR)
    Destination Clock Delay (DCD):    0.924ns
    Source Clock Delay      (SCD):    0.000ns
    Clock Pessimism Removal (CPR):    0.000ns
  Clock Uncertainty:      0.025ns  ((TSJ^2 + TIJ^2)^1/2 + DJ) / 2 + PE
    Total System Jitter     (TSJ):    0.050ns
    Total Input Jitter      (TIJ):    0.000ns
    Discrete Jitter          (DJ):    0.000ns
    Phase Error              (PE):    0.000ns

    Location             Delay type                Incr(ns)  Path(ns)    Netlist Resource(s)
  -------------------------------------------------------------------    -------------------
                                                      0.000     0.000 f  b[0] (IN)
                         net (fo=15, unset)           0.973     0.973    b[0]
    SLICE_X44Y69         LUT2 (Prop_lut2_I1_O)        0.149     1.122 r  acc_out[3]_i_15/O
                         net (fo=1, routed)           0.969     2.091    acc_out[3]_i_15_n_0
    SLICE_X45Y68         LUT6 (Prop_lut6_I1_O)        0.332     2.423 r  acc_out[3]_i_10/O
                         net (fo=1, routed)           0.000     2.423    acc_out[3]_i_10_n_0
    SLICE_X45Y68         CARRY4 (Prop_carry4_S[3]_CO[3])
                                                      0.401     2.824 r  acc_out_reg[3]_i_2/CO[3]
                         net (fo=1, routed)           0.000     2.824    acc_out_reg[3]_i_2_n_0
    SLICE_X45Y69         CARRY4 (Prop_carry4_CI_CO[3])
                                                      0.114     2.938 r  acc_out_reg[11]_i_18/CO[3]
                         net (fo=1, routed)           0.000     2.938    acc_out_reg[11]_i_18_n_0
    SLICE_X45Y70         CARRY4 (Prop_carry4_CI_O[1])
                                                      0.334     3.272 r  acc_out_reg[11]_i_16/O[1]
                         net (fo=2, routed)           0.837     4.109    acc_out_reg[11]_i_16_n_6
    SLICE_X42Y69         LUT3 (Prop_lut3_I2_O)        0.331     4.440 r  acc_out[11]_i_8/O
                         net (fo=2, routed)           0.859     5.299    acc_out[11]_i_8_n_0
    SLICE_X42Y69         LUT4 (Prop_lut4_I0_O)        0.348     5.647 r  acc_out[11]_i_12/O
                         net (fo=1, routed)           0.000     5.647    acc_out[11]_i_12_n_0
    SLICE_X42Y69         CARRY4 (Prop_carry4_S[2]_CO[3])
                                                      0.380     6.027 r  acc_out_reg[11]_i_2/CO[3]
                         net (fo=1, routed)           0.000     6.027    acc_out_reg[11]_i_2_n_0
    SLICE_X42Y70         CARRY4 (Prop_carry4_CI_O[3])
                                                      0.315     6.342 r  acc_out_reg[31]_i_4/O[3]
                         net (fo=33, routed)          1.641     7.983    product_ext[15]
    SLICE_X43Y73         LUT2 (Prop_lut2_I0_O)        0.307     8.290 r  acc_out[27]_i_5/O
                         net (fo=1, routed)           0.000     8.290    acc_out[27]_i_5_n_0
    SLICE_X43Y73         CARRY4 (Prop_carry4_S[0]_CO[3])
                                                      0.532     8.822 r  acc_out_reg[27]_i_1/CO[3]
                         net (fo=1, routed)           0.000     8.822    acc_out_reg[27]_i_1_n_0
    SLICE_X43Y74         CARRY4 (Prop_carry4_CI_O[0])
                                                      0.223     9.045 r  acc_out_reg[31]_i_3/O[0]
                         net (fo=1, routed)           0.000     9.045    acc_out_reg[31]_i_3_n_7
    SLICE_X43Y74         FDRE                                         r  acc_out_reg[28]/D
  -------------------------------------------------------------------    -------------------

                         (clock system_clk rise edge)
                                                      0.000     0.000 r  
                                                      0.000     0.000 r  clk (IN)
                         net (fo=32, unset)           0.924     0.924    clk
    SLICE_X43Y74         FDRE                                         r  acc_out_reg[28]/C

Slack:                    inf
  Source:                 b[0]
                            (input port)
  Destination:            acc_out_reg[27]/D
                            (rising edge-triggered cell FDRE clocked by system_clk  {rise@0.000ns fall@5.000ns period=10.000ns})
  Path Group:             (none)
  Path Type:              Setup (Max at Slow Process Corner)
  Data Path Delay:        8.896ns  (logic 3.617ns (40.659%)  route 5.279ns (59.341%))
  Logic Levels:           11  (CARRY4=6 LUT2=2 LUT3=1 LUT4=1 LUT6=1)
  Clock Path Skew:        0.924ns (DCD - SCD + CPR)
    Destination Clock Delay (DCD):    0.924ns
    Source Clock Delay      (SCD):    0.000ns
    Clock Pessimism Removal (CPR):    0.000ns
  Clock Uncertainty:      0.025ns  ((TSJ^2 + TIJ^2)^1/2 + DJ) / 2 + PE
    Total System Jitter     (TSJ):    0.050ns
    Total Input Jitter      (TIJ):    0.000ns
    Discrete Jitter          (DJ):    0.000ns
    Phase Error              (PE):    0.000ns

    Location             Delay type                Incr(ns)  Path(ns)    Netlist Resource(s)
  -------------------------------------------------------------------    -------------------
                                                      0.000     0.000 f  b[0] (IN)
                         net (fo=15, unset)           0.973     0.973    b[0]
    SLICE_X44Y69         LUT2 (Prop_lut2_I1_O)        0.149     1.122 r  acc_out[3]_i_15/O
                         net (fo=1, routed)           0.969     2.091    acc_out[3]_i_15_n_0
    SLICE_X45Y68         LUT6 (Prop_lut6_I1_O)        0.332     2.423 r  acc_out[3]_i_10/O
                         net (fo=1, routed)           0.000     2.423    acc_out[3]_i_10_n_0
    SLICE_X45Y68         CARRY4 (Prop_carry4_S[3]_CO[3])
                                                      0.401     2.824 r  acc_out_reg[3]_i_2/CO[3]
                         net (fo=1, routed)           0.000     2.824    acc_out_reg[3]_i_2_n_0
    SLICE_X45Y69         CARRY4 (Prop_carry4_CI_CO[3])
                                                      0.114     2.938 r  acc_out_reg[11]_i_18/CO[3]
                         net (fo=1, routed)           0.000     2.938    acc_out_reg[11]_i_18_n_0
    SLICE_X45Y70         CARRY4 (Prop_carry4_CI_O[1])
                                                      0.334     3.272 r  acc_out_reg[11]_i_16/O[1]
                         net (fo=2, routed)           0.837     4.109    acc_out_reg[11]_i_16_n_6
    SLICE_X42Y69         LUT3 (Prop_lut3_I2_O)        0.331     4.440 r  acc_out[11]_i_8/O
                         net (fo=2, routed)           0.859     5.299    acc_out[11]_i_8_n_0
    SLICE_X42Y69         LUT4 (Prop_lut4_I0_O)        0.348     5.647 r  acc_out[11]_i_12/O
                         net (fo=1, routed)           0.000     5.647    acc_out[11]_i_12_n_0
    SLICE_X42Y69         CARRY4 (Prop_carry4_S[2]_CO[3])
                                                      0.380     6.027 r  acc_out_reg[11]_i_2/CO[3]
                         net (fo=1, routed)           0.000     6.027    acc_out_reg[11]_i_2_n_0
    SLICE_X42Y70         CARRY4 (Prop_carry4_CI_O[3])
                                                      0.315     6.342 r  acc_out_reg[31]_i_4/O[3]
                         net (fo=33, routed)          1.641     7.983    product_ext[15]
    SLICE_X43Y73         LUT2 (Prop_lut2_I0_O)        0.307     8.290 r  acc_out[27]_i_5/O
                         net (fo=1, routed)           0.000     8.290    acc_out[27]_i_5_n_0
    SLICE_X43Y73         CARRY4 (Prop_carry4_S[0]_O[3])
                                                      0.606     8.896 r  acc_out_reg[27]_i_1/O[3]
                         net (fo=1, routed)           0.000     8.896    acc_out_reg[27]_i_1_n_4
    SLICE_X43Y73         FDRE                                         r  acc_out_reg[27]/D
  -------------------------------------------------------------------    -------------------

                         (clock system_clk rise edge)
                                                      0.000     0.000 r  
                                                      0.000     0.000 r  clk (IN)
                         net (fo=32, unset)           0.924     0.924    clk
    SLICE_X43Y73         FDRE                                         r  acc_out_reg[27]/C

Slack:                    inf
  Source:                 b[0]
                            (input port)
  Destination:            acc_out_reg[26]/D
                            (rising edge-triggered cell FDRE clocked by system_clk  {rise@0.000ns fall@5.000ns period=10.000ns})
  Path Group:             (none)
  Path Type:              Setup (Max at Slow Process Corner)
  Data Path Delay:        8.837ns  (logic 3.558ns (40.263%)  route 5.279ns (59.737%))
  Logic Levels:           11  (CARRY4=6 LUT2=2 LUT3=1 LUT4=1 LUT6=1)
  Clock Path Skew:        0.924ns (DCD - SCD + CPR)
    Destination Clock Delay (DCD):    0.924ns
    Source Clock Delay      (SCD):    0.000ns
    Clock Pessimism Removal (CPR):    0.000ns
  Clock Uncertainty:      0.025ns  ((TSJ^2 + TIJ^2)^1/2 + DJ) / 2 + PE
    Total System Jitter     (TSJ):    0.050ns
    Total Input Jitter      (TIJ):    0.000ns
    Discrete Jitter          (DJ):    0.000ns
    Phase Error              (PE):    0.000ns

    Location             Delay type                Incr(ns)  Path(ns)    Netlist Resource(s)
  -------------------------------------------------------------------    -------------------
                                                      0.000     0.000 f  b[0] (IN)
                         net (fo=15, unset)           0.973     0.973    b[0]
    SLICE_X44Y69         LUT2 (Prop_lut2_I1_O)        0.149     1.122 r  acc_out[3]_i_15/O
                         net (fo=1, routed)           0.969     2.091    acc_out[3]_i_15_n_0
    SLICE_X45Y68         LUT6 (Prop_lut6_I1_O)        0.332     2.423 r  acc_out[3]_i_10/O
                         net (fo=1, routed)           0.000     2.423    acc_out[3]_i_10_n_0
    SLICE_X45Y68         CARRY4 (Prop_carry4_S[3]_CO[3])
                                                      0.401     2.824 r  acc_out_reg[3]_i_2/CO[3]
                         net (fo=1, routed)           0.000     2.824    acc_out_reg[3]_i_2_n_0
    SLICE_X45Y69         CARRY4 (Prop_carry4_CI_CO[3])
                                                      0.114     2.938 r  acc_out_reg[11]_i_18/CO[3]
                         net (fo=1, routed)           0.000     2.938    acc_out_reg[11]_i_18_n_0
    SLICE_X45Y70         CARRY4 (Prop_carry4_CI_O[1])
                                                      0.334     3.272 r  acc_out_reg[11]_i_16/O[1]
                         net (fo=2, routed)           0.837     4.109    acc_out_reg[11]_i_16_n_6
    SLICE_X42Y69         LUT3 (Prop_lut3_I2_O)        0.331     4.440 r  acc_out[11]_i_8/O
                         net (fo=2, routed)           0.859     5.299    acc_out[11]_i_8_n_0
    SLICE_X42Y69         LUT4 (Prop_lut4_I0_O)        0.348     5.647 r  acc_out[11]_i_12/O
                         net (fo=1, routed)           0.000     5.647    acc_out[11]_i_12_n_0
    SLICE_X42Y69         CARRY4 (Prop_carry4_S[2]_CO[3])
                                                      0.380     6.027 r  acc_out_reg[11]_i_2/CO[3]
                         net (fo=1, routed)           0.000     6.027    acc_out_reg[11]_i_2_n_0
    SLICE_X42Y70         CARRY4 (Prop_carry4_CI_O[3])
                                                      0.315     6.342 r  acc_out_reg[31]_i_4/O[3]
                         net (fo=33, routed)          1.641     7.983    product_ext[15]
    SLICE_X43Y73         LUT2 (Prop_lut2_I0_O)        0.307     8.290 r  acc_out[27]_i_5/O
                         net (fo=1, routed)           0.000     8.290    acc_out[27]_i_5_n_0
    SLICE_X43Y73         CARRY4 (Prop_carry4_S[0]_O[2])
                                                      0.547     8.837 r  acc_out_reg[27]_i_1/O[2]
                         net (fo=1, routed)           0.000     8.837    acc_out_reg[27]_i_1_n_5
    SLICE_X43Y73         FDRE                                         r  acc_out_reg[26]/D
  -------------------------------------------------------------------    -------------------

                         (clock system_clk rise edge)
                                                      0.000     0.000 r  
                                                      0.000     0.000 r  clk (IN)
                         net (fo=32, unset)           0.924     0.924    clk
    SLICE_X43Y73         FDRE                                         r  acc_out_reg[26]/C

Slack:                    inf
  Source:                 b[0]
                            (input port)
  Destination:            acc_out_reg[25]/D
                            (rising edge-triggered cell FDRE clocked by system_clk  {rise@0.000ns fall@5.000ns period=10.000ns})
  Path Group:             (none)
  Path Type:              Setup (Max at Slow Process Corner)
  Data Path Delay:        8.714ns  (logic 3.435ns (39.420%)  route 5.279ns (60.580%))
  Logic Levels:           11  (CARRY4=6 LUT2=2 LUT3=1 LUT4=1 LUT6=1)
  Clock Path Skew:        0.924ns (DCD - SCD + CPR)
    Destination Clock Delay (DCD):    0.924ns
    Source Clock Delay      (SCD):    0.000ns
    Clock Pessimism Removal (CPR):    0.000ns
  Clock Uncertainty:      0.025ns  ((TSJ^2 + TIJ^2)^1/2 + DJ) / 2 + PE
    Total System Jitter     (TSJ):    0.050ns
    Total Input Jitter      (TIJ):    0.000ns
    Discrete Jitter          (DJ):    0.000ns
    Phase Error              (PE):    0.000ns

    Location             Delay type                Incr(ns)  Path(ns)    Netlist Resource(s)
  -------------------------------------------------------------------    -------------------
                                                      0.000     0.000 f  b[0] (IN)
                         net (fo=15, unset)           0.973     0.973    b[0]
    SLICE_X44Y69         LUT2 (Prop_lut2_I1_O)        0.149     1.122 r  acc_out[3]_i_15/O
                         net (fo=1, routed)           0.969     2.091    acc_out[3]_i_15_n_0
    SLICE_X45Y68         LUT6 (Prop_lut6_I1_O)        0.332     2.423 r  acc_out[3]_i_10/O
                         net (fo=1, routed)           0.000     2.423    acc_out[3]_i_10_n_0
    SLICE_X45Y68         CARRY4 (Prop_carry4_S[3]_CO[3])
                                                      0.401     2.824 r  acc_out_reg[3]_i_2/CO[3]
                         net (fo=1, routed)           0.000     2.824    acc_out_reg[3]_i_2_n_0
    SLICE_X45Y69         CARRY4 (Prop_carry4_CI_CO[3])
                                                      0.114     2.938 r  acc_out_reg[11]_i_18/CO[3]
                         net (fo=1, routed)           0.000     2.938    acc_out_reg[11]_i_18_n_0
    SLICE_X45Y70         CARRY4 (Prop_carry4_CI_O[1])
                                                      0.334     3.272 r  acc_out_reg[11]_i_16/O[1]
                         net (fo=2, routed)           0.837     4.109    acc_out_reg[11]_i_16_n_6
    SLICE_X42Y69         LUT3 (Prop_lut3_I2_O)        0.331     4.440 r  acc_out[11]_i_8/O
                         net (fo=2, routed)           0.859     5.299    acc_out[11]_i_8_n_0
    SLICE_X42Y69         LUT4 (Prop_lut4_I0_O)        0.348     5.647 r  acc_out[11]_i_12/O
                         net (fo=1, routed)           0.000     5.647    acc_out[11]_i_12_n_0
    SLICE_X42Y69         CARRY4 (Prop_carry4_S[2]_CO[3])
                                                      0.380     6.027 r  acc_out_reg[11]_i_2/CO[3]
                         net (fo=1, routed)           0.000     6.027    acc_out_reg[11]_i_2_n_0
    SLICE_X42Y70         CARRY4 (Prop_carry4_CI_O[3])
                                                      0.315     6.342 r  acc_out_reg[31]_i_4/O[3]
                         net (fo=33, routed)          1.641     7.983    product_ext[15]
    SLICE_X43Y73         LUT2 (Prop_lut2_I0_O)        0.307     8.290 r  acc_out[27]_i_5/O
                         net (fo=1, routed)           0.000     8.290    acc_out[27]_i_5_n_0
    SLICE_X43Y73         CARRY4 (Prop_carry4_S[0]_O[1])
                                                      0.424     8.714 r  acc_out_reg[27]_i_1/O[1]
                         net (fo=1, routed)           0.000     8.714    acc_out_reg[27]_i_1_n_6
    SLICE_X43Y73         FDRE                                         r  acc_out_reg[25]/D
  -------------------------------------------------------------------    -------------------

                         (clock system_clk rise edge)
                                                      0.000     0.000 r  
                                                      0.000     0.000 r  clk (IN)
                         net (fo=32, unset)           0.924     0.924    clk
    SLICE_X43Y73         FDRE                                         r  acc_out_reg[25]/C

Slack:                    inf
  Source:                 b[0]
                            (input port)
  Destination:            acc_out_reg[24]/D
                            (rising edge-triggered cell FDRE clocked by system_clk  {rise@0.000ns fall@5.000ns period=10.000ns})
  Path Group:             (none)
  Path Type:              Setup (Max at Slow Process Corner)
  Data Path Delay:        8.537ns  (logic 3.258ns (38.164%)  route 5.279ns (61.836%))
  Logic Levels:           11  (CARRY4=6 LUT2=2 LUT3=1 LUT4=1 LUT6=1)
  Clock Path Skew:        0.924ns (DCD - SCD + CPR)
    Destination Clock Delay (DCD):    0.924ns
    Source Clock Delay      (SCD):    0.000ns
    Clock Pessimism Removal (CPR):    0.000ns
  Clock Uncertainty:      0.025ns  ((TSJ^2 + TIJ^2)^1/2 + DJ) / 2 + PE
    Total System Jitter     (TSJ):    0.050ns
    Total Input Jitter      (TIJ):    0.000ns
    Discrete Jitter          (DJ):    0.000ns
    Phase Error              (PE):    0.000ns

    Location             Delay type                Incr(ns)  Path(ns)    Netlist Resource(s)
  -------------------------------------------------------------------    -------------------
                                                      0.000     0.000 f  b[0] (IN)
                         net (fo=15, unset)           0.973     0.973    b[0]
    SLICE_X44Y69         LUT2 (Prop_lut2_I1_O)        0.149     1.122 r  acc_out[3]_i_15/O
                         net (fo=1, routed)           0.969     2.091    acc_out[3]_i_15_n_0
    SLICE_X45Y68         LUT6 (Prop_lut6_I1_O)        0.332     2.423 r  acc_out[3]_i_10/O
                         net (fo=1, routed)           0.000     2.423    acc_out[3]_i_10_n_0
    SLICE_X45Y68         CARRY4 (Prop_carry4_S[3]_CO[3])
                                                      0.401     2.824 r  acc_out_reg[3]_i_2/CO[3]
                         net (fo=1, routed)           0.000     2.824    acc_out_reg[3]_i_2_n_0
    SLICE_X45Y69         CARRY4 (Prop_carry4_CI_CO[3])
                                                      0.114     2.938 r  acc_out_reg[11]_i_18/CO[3]
                         net (fo=1, routed)           0.000     2.938    acc_out_reg[11]_i_18_n_0
    SLICE_X45Y70         CARRY4 (Prop_carry4_CI_O[1])
                                                      0.334     3.272 r  acc_out_reg[11]_i_16/O[1]
                         net (fo=2, routed)           0.837     4.109    acc_out_reg[11]_i_16_n_6
    SLICE_X42Y69         LUT3 (Prop_lut3_I2_O)        0.331     4.440 r  acc_out[11]_i_8/O
                         net (fo=2, routed)           0.859     5.299    acc_out[11]_i_8_n_0
    SLICE_X42Y69         LUT4 (Prop_lut4_I0_O)        0.348     5.647 r  acc_out[11]_i_12/O
                         net (fo=1, routed)           0.000     5.647    acc_out[11]_i_12_n_0
    SLICE_X42Y69         CARRY4 (Prop_carry4_S[2]_CO[3])
                                                      0.380     6.027 r  acc_out_reg[11]_i_2/CO[3]
                         net (fo=1, routed)           0.000     6.027    acc_out_reg[11]_i_2_n_0
    SLICE_X42Y70         CARRY4 (Prop_carry4_CI_O[3])
                                                      0.315     6.342 r  acc_out_reg[31]_i_4/O[3]
                         net (fo=33, routed)          1.641     7.983    product_ext[15]
    SLICE_X43Y73         LUT2 (Prop_lut2_I0_O)        0.307     8.290 r  acc_out[27]_i_5/O
                         net (fo=1, routed)           0.000     8.290    acc_out[27]_i_5_n_0
    SLICE_X43Y73         CARRY4 (Prop_carry4_S[0]_O[0])
                                                      0.247     8.537 r  acc_out_reg[27]_i_1/O[0]
                         net (fo=1, routed)           0.000     8.537    acc_out_reg[27]_i_1_n_7
    SLICE_X43Y73         FDRE                                         r  acc_out_reg[24]/D
  -------------------------------------------------------------------    -------------------

                         (clock system_clk rise edge)
                                                      0.000     0.000 r  
                                                      0.000     0.000 r  clk (IN)
                         net (fo=32, unset)           0.924     0.924    clk
    SLICE_X43Y73         FDRE                                         r  acc_out_reg[24]/C

Slack:                    inf
  Source:                 b[0]
                            (input port)
  Destination:            acc_out_reg[21]/D
                            (rising edge-triggered cell FDRE clocked by system_clk  {rise@0.000ns fall@5.000ns period=10.000ns})
  Path Group:             (none)
  Path Type:              Setup (Max at Slow Process Corner)
  Data Path Delay:        8.307ns  (logic 3.860ns (46.467%)  route 4.447ns (53.533%))
  Logic Levels:           13  (CARRY4=8 LUT2=2 LUT3=1 LUT4=1 LUT6=1)
  Clock Path Skew:        0.924ns (DCD - SCD + CPR)
    Destination Clock Delay (DCD):    0.924ns
    Source Clock Delay      (SCD):    0.000ns
    Clock Pessimism Removal (CPR):    0.000ns
  Clock Uncertainty:      0.025ns  ((TSJ^2 + TIJ^2)^1/2 + DJ) / 2 + PE
    Total System Jitter     (TSJ):    0.050ns
    Total Input Jitter      (TIJ):    0.000ns
    Discrete Jitter          (DJ):    0.000ns
    Phase Error              (PE):    0.000ns

    Location             Delay type                Incr(ns)  Path(ns)    Netlist Resource(s)
  -------------------------------------------------------------------    -------------------
                                                      0.000     0.000 f  b[0] (IN)
                         net (fo=15, unset)           0.973     0.973    b[0]
    SLICE_X44Y69         LUT2 (Prop_lut2_I1_O)        0.149     1.122 r  acc_out[3]_i_15/O
                         net (fo=1, routed)           0.969     2.091    acc_out[3]_i_15_n_0
    SLICE_X45Y68         LUT6 (Prop_lut6_I1_O)        0.332     2.423 r  acc_out[3]_i_10/O
                         net (fo=1, routed)           0.000     2.423    acc_out[3]_i_10_n_0
    SLICE_X45Y68         CARRY4 (Prop_carry4_S[3]_CO[3])
                                                      0.401     2.824 r  acc_out_reg[3]_i_2/CO[3]
                         net (fo=1, routed)           0.000     2.824    acc_out_reg[3]_i_2_n_0
    SLICE_X45Y69         CARRY4 (Prop_carry4_CI_CO[3])
                                                      0.114     2.938 r  acc_out_reg[11]_i_18/CO[3]
                         net (fo=1, routed)           0.000     2.938    acc_out_reg[11]_i_18_n_0
    SLICE_X45Y70         CARRY4 (Prop_carry4_CI_O[1])
                                                      0.334     3.272 r  acc_out_reg[11]_i_16/O[1]
                         net (fo=2, routed)           0.837     4.109    acc_out_reg[11]_i_16_n_6
    SLICE_X42Y69         LUT3 (Prop_lut3_I2_O)        0.331     4.440 r  acc_out[11]_i_8/O
                         net (fo=2, routed)           0.859     5.299    acc_out[11]_i_8_n_0
    SLICE_X42Y69         LUT4 (Prop_lut4_I0_O)        0.348     5.647 r  acc_out[11]_i_12/O
                         net (fo=1, routed)           0.000     5.647    acc_out[11]_i_12_n_0
    SLICE_X42Y69         CARRY4 (Prop_carry4_S[2]_CO[3])
                                                      0.380     6.027 r  acc_out_reg[11]_i_2/CO[3]
                         net (fo=1, routed)           0.000     6.027    acc_out_reg[11]_i_2_n_0
    SLICE_X42Y70         CARRY4 (Prop_carry4_CI_O[3])
                                                      0.315     6.342 r  acc_out_reg[31]_i_4/O[3]
                         net (fo=33, routed)          0.809     7.151    product_ext[15]
    SLICE_X43Y70         LUT2 (Prop_lut2_I0_O)        0.307     7.458 r  acc_out[15]_i_2/O
                         net (fo=1, routed)           0.000     7.458    acc_out[15]_i_2_n_0
    SLICE_X43Y70         CARRY4 (Prop_carry4_S[3]_CO[3])
                                                      0.401     7.859 r  acc_out_reg[15]_i_1/CO[3]
                         net (fo=1, routed)           0.000     7.859    acc_out_reg[15]_i_1_n_0
    SLICE_X43Y71         CARRY4 (Prop_carry4_CI_CO[3])
                                                      0.114     7.973 r  acc_out_reg[19]_i_1/CO[3]
                         net (fo=1, routed)           0.000     7.973    acc_out_reg[19]_i_1_n_0
    SLICE_X43Y72         CARRY4 (Prop_carry4_CI_O[1])
                                                      0.334     8.307 r  acc_out_reg[23]_i_1/O[1]
                         net (fo=1, routed)           0.000     8.307    acc_out_reg[23]_i_1_n_6
    SLICE_X43Y72         FDRE                                         r  acc_out_reg[21]/D
  -------------------------------------------------------------------    -------------------

                         (clock system_clk rise edge)
                                                      0.000     0.000 r  
                                                      0.000     0.000 r  clk (IN)
                         net (fo=32, unset)           0.924     0.924    clk
    SLICE_X43Y72         FDRE                                         r  acc_out_reg[21]/C

Slack:                    inf
  Source:                 b[0]
                            (input port)
  Destination:            acc_out_reg[23]/D
                            (rising edge-triggered cell FDRE clocked by system_clk  {rise@0.000ns fall@5.000ns period=10.000ns})
  Path Group:             (none)
  Path Type:              Setup (Max at Slow Process Corner)
  Data Path Delay:        8.286ns  (logic 3.839ns (46.332%)  route 4.447ns (53.668%))
  Logic Levels:           13  (CARRY4=8 LUT2=2 LUT3=1 LUT4=1 LUT6=1)
  Clock Path Skew:        0.924ns (DCD - SCD + CPR)
    Destination Clock Delay (DCD):    0.924ns
    Source Clock Delay      (SCD):    0.000ns
    Clock Pessimism Removal (CPR):    0.000ns
  Clock Uncertainty:      0.025ns  ((TSJ^2 + TIJ^2)^1/2 + DJ) / 2 + PE
    Total System Jitter     (TSJ):    0.050ns
    Total Input Jitter      (TIJ):    0.000ns
    Discrete Jitter          (DJ):    0.000ns
    Phase Error              (PE):    0.000ns

    Location             Delay type                Incr(ns)  Path(ns)    Netlist Resource(s)
  -------------------------------------------------------------------    -------------------
                                                      0.000     0.000 f  b[0] (IN)
                         net (fo=15, unset)           0.973     0.973    b[0]
    SLICE_X44Y69         LUT2 (Prop_lut2_I1_O)        0.149     1.122 r  acc_out[3]_i_15/O
                         net (fo=1, routed)           0.969     2.091    acc_out[3]_i_15_n_0
    SLICE_X45Y68         LUT6 (Prop_lut6_I1_O)        0.332     2.423 r  acc_out[3]_i_10/O
                         net (fo=1, routed)           0.000     2.423    acc_out[3]_i_10_n_0
    SLICE_X45Y68         CARRY4 (Prop_carry4_S[3]_CO[3])
                                                      0.401     2.824 r  acc_out_reg[3]_i_2/CO[3]
                         net (fo=1, routed)           0.000     2.824    acc_out_reg[3]_i_2_n_0
    SLICE_X45Y69         CARRY4 (Prop_carry4_CI_CO[3])
                                                      0.114     2.938 r  acc_out_reg[11]_i_18/CO[3]
                         net (fo=1, routed)           0.000     2.938    acc_out_reg[11]_i_18_n_0
    SLICE_X45Y70         CARRY4 (Prop_carry4_CI_O[1])
                                                      0.334     3.272 r  acc_out_reg[11]_i_16/O[1]
                         net (fo=2, routed)           0.837     4.109    acc_out_reg[11]_i_16_n_6
    SLICE_X42Y69         LUT3 (Prop_lut3_I2_O)        0.331     4.440 r  acc_out[11]_i_8/O
                         net (fo=2, routed)           0.859     5.299    acc_out[11]_i_8_n_0
    SLICE_X42Y69         LUT4 (Prop_lut4_I0_O)        0.348     5.647 r  acc_out[11]_i_12/O
                         net (fo=1, routed)           0.000     5.647    acc_out[11]_i_12_n_0
    SLICE_X42Y69         CARRY4 (Prop_carry4_S[2]_CO[3])
                                                      0.380     6.027 r  acc_out_reg[11]_i_2/CO[3]
                         net (fo=1, routed)           0.000     6.027    acc_out_reg[11]_i_2_n_0
    SLICE_X42Y70         CARRY4 (Prop_carry4_CI_O[3])
                                                      0.315     6.342 r  acc_out_reg[31]_i_4/O[3]
                         net (fo=33, routed)          0.809     7.151    product_ext[15]
    SLICE_X43Y70         LUT2 (Prop_lut2_I0_O)        0.307     7.458 r  acc_out[15]_i_2/O
                         net (fo=1, routed)           0.000     7.458    acc_out[15]_i_2_n_0
    SLICE_X43Y70         CARRY4 (Prop_carry4_S[3]_CO[3])
                                                      0.401     7.859 r  acc_out_reg[15]_i_1/CO[3]
                         net (fo=1, routed)           0.000     7.859    acc_out_reg[15]_i_1_n_0
    SLICE_X43Y71         CARRY4 (Prop_carry4_CI_CO[3])
                                                      0.114     7.973 r  acc_out_reg[19]_i_1/CO[3]
                         net (fo=1, routed)           0.000     7.973    acc_out_reg[19]_i_1_n_0
    SLICE_X43Y72         CARRY4 (Prop_carry4_CI_O[3])
                                                      0.313     8.286 r  acc_out_reg[23]_i_1/O[3]
                         net (fo=1, routed)           0.000     8.286    acc_out_reg[23]_i_1_n_4
    SLICE_X43Y72         FDRE                                         r  acc_out_reg[23]/D
  -------------------------------------------------------------------    -------------------

                         (clock system_clk rise edge)
                                                      0.000     0.000 r  
                                                      0.000     0.000 r  clk (IN)
                         net (fo=32, unset)           0.924     0.924    clk
    SLICE_X43Y72         FDRE                                         r  acc_out_reg[23]/C





