Copyright 1986-2022 Xilinx, Inc. All Rights Reserved. Copyright 2022-2025 Advanced Micro Devices, Inc. All Rights Reserved.
---------------------------------------------------------------------------------------------------------------------------------------------------------------------------------------------------------
| Tool Version : Vivado v.2025.2 (win64) Build 6299465 Fri Nov 14 19:35:11 GMT 2025
| Date         : Sun Aug 23 18:56:53 2026
| Host         : Deepan running 64-bit major release  (build 9200)
| Command      : report_timing_summary -delay_type max -max_paths 10 -report_unconstrained -check_timing_verbose -file C:/Users/Deepan08/Desktop/MAC_V/results/vivado/mac_array_4lane/timing_summary.rpt
| Design       : mac_array_4lane
| Device       : 7a35t-cpg236
| Speed File   : -1  PRODUCTION 1.23 2018-06-13
| Design State : Routed
---------------------------------------------------------------------------------------------------------------------------------------------------------------------------------------------------------

Timing Summary Report

------------------------------------------------------------------------------------------------
| Timer Settings
| --------------
------------------------------------------------------------------------------------------------

  Enable Multi Corner Analysis               :  Yes
  Enable Pessimism Removal                   :  Yes
  Pessimism Removal Resolution               :  Nearest Common Node
  Enable Input Delay Default Clock           :  No
  Enable Preset / Clear Arcs                 :  No
  Disable Flight Delays                      :  No
  Ignore I/O Paths                           :  No
  Timing Early Launch at Borrowing Latches   :  No
  Borrow Time for Max Delay Exceptions       :  Yes
  Merge Timing Exceptions                    :  Yes
  Inter-SLR Compensation                     :  Conservative

  Corner  Analyze    Analyze    
  Name    Max Paths  Min Paths  
  ------  ---------  ---------  
  Slow    Yes        Yes        
  Fast    Yes        Yes        


------------------------------------------------------------------------------------------------
| Report Methodology
| ------------------
------------------------------------------------------------------------------------------------

Rule       Severity  Description                    Violations  
---------  --------  -----------------------------  ----------  
TIMING-18  Warning   Missing input or output delay  182         

Note: This report is based on the most recent report_methodology run and may not be up-to-date. Run report_methodology on the current design for the latest report.



check_timing report

Table of Contents
-----------------
1. checking no_clock (0)
2. checking constant_clock (0)
3. checking pulse_width_clock (0)
4. checking unconstrained_internal_endpoints (0)
5. checking no_input_delay (133)
6. checking no_output_delay (49)
7. checking multiple_clock (0)
8. checking generated_clocks (0)
9. checking loops (0)
10. checking partial_input_delay (0)
11. checking partial_output_delay (0)
12. checking latch_loops (0)

1. checking no_clock (0)
------------------------
 There are 0 register/latch pins with no clock.


2. checking constant_clock (0)
------------------------------
 There are 0 register/latch pins with constant_clock.


3. checking pulse_width_clock (0)
---------------------------------
 There are 0 register/latch pins which need pulse_width check


4. checking unconstrained_internal_endpoints (0)
------------------------------------------------
 There are 0 pins that are not constrained for maximum delay.

 There are 0 pins that are not constrained for maximum delay due to constant clock.


5. checking no_input_delay (133)
--------------------------------
 There are 133 input ports with no input delay specified. (HIGH)

clear_acc
enable
operand_a[0][0]
operand_a[0][10]
operand_a[0][11]
operand_a[0][12]
operand_a[0][13]
operand_a[0][14]
operand_a[0][15]
operand_a[0][1]
operand_a[0][2]
operand_a[0][3]
operand_a[0][4]
operand_a[0][5]
operand_a[0][6]
operand_a[0][7]
operand_a[0][8]
operand_a[0][9]
operand_a[1][0]
operand_a[1][10]
operand_a[1][11]
operand_a[1][12]
operand_a[1][13]
operand_a[1][14]
operand_a[1][15]
operand_a[1][1]
operand_a[1][2]
operand_a[1][3]
operand_a[1][4]
operand_a[1][5]
operand_a[1][6]
operand_a[1][7]
operand_a[1][8]
operand_a[1][9]
operand_a[2][0]
operand_a[2][10]
operand_a[2][11]
operand_a[2][12]
operand_a[2][13]
operand_a[2][14]
operand_a[2][15]
operand_a[2][1]
operand_a[2][2]
operand_a[2][3]
operand_a[2][4]
operand_a[2][5]
operand_a[2][6]
operand_a[2][7]
operand_a[2][8]
operand_a[2][9]
operand_a[3][0]
operand_a[3][10]
operand_a[3][11]
operand_a[3][12]
operand_a[3][13]
operand_a[3][14]
operand_a[3][15]
operand_a[3][1]
operand_a[3][2]
operand_a[3][3]
operand_a[3][4]
operand_a[3][5]
operand_a[3][6]
operand_a[3][7]
operand_a[3][8]
operand_a[3][9]
operand_b[0][0]
operand_b[0][10]
operand_b[0][11]
operand_b[0][12]
operand_b[0][13]
operand_b[0][14]
operand_b[0][15]
operand_b[0][1]
operand_b[0][2]
operand_b[0][3]
operand_b[0][4]
operand_b[0][5]
operand_b[0][6]
operand_b[0][7]
operand_b[0][8]
operand_b[0][9]
operand_b[1][0]
operand_b[1][10]
operand_b[1][11]
operand_b[1][12]
operand_b[1][13]
operand_b[1][14]
operand_b[1][15]
operand_b[1][1]
operand_b[1][2]
operand_b[1][3]
operand_b[1][4]
operand_b[1][5]
operand_b[1][6]
operand_b[1][7]
operand_b[1][8]
operand_b[1][9]
operand_b[2][0]
operand_b[2][10]
operand_b[2][11]
operand_b[2][12]
operand_b[2][13]
operand_b[2][14]
operand_b[2][15]
operand_b[2][1]
operand_b[2][2]
operand_b[2][3]
operand_b[2][4]
operand_b[2][5]
operand_b[2][6]
operand_b[2][7]
operand_b[2][8]
operand_b[2][9]
operand_b[3][0]
operand_b[3][10]
operand_b[3][11]
operand_b[3][12]
operand_b[3][13]
operand_b[3][14]
operand_b[3][15]
operand_b[3][1]
operand_b[3][2]
operand_b[3][3]
operand_b[3][4]
operand_b[3][5]
operand_b[3][6]
operand_b[3][7]
operand_b[3][8]
operand_b[3][9]
precision_mode
rst_n
valid_in

 There are 0 input ports with no input delay but user has a false path constraint.


6. checking no_output_delay (49)
--------------------------------
 There are 49 ports with no output delay specified. (HIGH)

acc_out[0]
acc_out[10]
acc_out[11]
acc_out[12]
acc_out[13]
acc_out[14]
acc_out[15]
acc_out[16]
acc_out[17]
acc_out[18]
acc_out[19]
acc_out[1]
acc_out[20]
acc_out[21]
acc_out[22]
acc_out[23]
acc_out[24]
acc_out[25]
acc_out[26]
acc_out[27]
acc_out[28]
acc_out[29]
acc_out[2]
acc_out[30]
acc_out[31]
acc_out[32]
acc_out[33]
acc_out[34]
acc_out[35]
acc_out[36]
acc_out[37]
acc_out[38]
acc_out[39]
acc_out[3]
acc_out[40]
acc_out[41]
acc_out[42]
acc_out[43]
acc_out[44]
acc_out[45]
acc_out[46]
acc_out[47]
acc_out[4]
acc_out[5]
acc_out[6]
acc_out[7]
acc_out[8]
acc_out[9]
valid_out

 There are 0 ports with no output delay but user has a false path constraint

 There are 0 ports with no output delay but with a timing clock defined on it or propagating through it


7. checking multiple_clock (0)
------------------------------
 There are 0 register/latch pins with multiple clocks.


8. checking generated_clocks (0)
--------------------------------
 There are 0 generated clocks that are not connected to a clock source.


9. checking loops (0)
---------------------
 There are 0 combinational loops in the design.


10. checking partial_input_delay (0)
------------------------------------
 There are 0 input ports with partial input delay specified.


11. checking partial_output_delay (0)
-------------------------------------
 There are 0 ports with partial output delay specified.


12. checking latch_loops (0)
----------------------------
 There are 0 combinational latch loops in the design through latch input



------------------------------------------------------------------------------------------------
| Design Timing Summary
| ---------------------
------------------------------------------------------------------------------------------------

    WNS(ns)      TNS(ns)  TNS Failing Endpoints  TNS Total Endpoints     WPWS(ns)     TPWS(ns)  TPWS Failing Endpoints  TPWS Total Endpoints  
    -------      -------  ---------------------  -------------------     --------     --------  ----------------------  --------------------  
      4.624        0.000                      0                   48        4.500        0.000                       0                    49  


All user specified timing constraints are met.


------------------------------------------------------------------------------------------------
| Clock Summary
| -------------
------------------------------------------------------------------------------------------------

Clock       Waveform(ns)       Period(ns)      Frequency(MHz)
-----       ------------       ----------      --------------
system_clk  {0.000 5.000}      10.000          100.000         


------------------------------------------------------------------------------------------------
| Intra Clock Table
| -----------------
------------------------------------------------------------------------------------------------

Clock             WNS(ns)      TNS(ns)  TNS Failing Endpoints  TNS Total Endpoints     WPWS(ns)     TPWS(ns)  TPWS Failing Endpoints  TPWS Total Endpoints  
-----             -------      -------  ---------------------  -------------------     --------     --------  ----------------------  --------------------  
system_clk          4.624        0.000                      0                   48        4.500        0.000                       0                    49  


------------------------------------------------------------------------------------------------
| Inter Clock Table
| -----------------
------------------------------------------------------------------------------------------------

From Clock    To Clock          WNS(ns)      TNS(ns)  TNS Failing Endpoints  TNS Total Endpoints  
----------    --------          -------      -------  ---------------------  -------------------  


------------------------------------------------------------------------------------------------
| Other Path Groups Table
| -----------------------
------------------------------------------------------------------------------------------------

Path Group    From Clock    To Clock          WNS(ns)      TNS(ns)  TNS Failing Endpoints  TNS Total Endpoints  
----------    ----------    --------          -------      -------  ---------------------  -------------------  


------------------------------------------------------------------------------------------------
| User Ignored Path Table
| -----------------------
------------------------------------------------------------------------------------------------

Path Group    From Clock    To Clock    
----------    ----------    --------    


------------------------------------------------------------------------------------------------
| Unconstrained Path Table
| ------------------------
------------------------------------------------------------------------------------------------

Path Group    From Clock    To Clock    
----------    ----------    --------    
(none)        system_clk                  
(none)                      system_clk    


------------------------------------------------------------------------------------------------
| Timing Details
| --------------
------------------------------------------------------------------------------------------------


---------------------------------------------------------------------------------------------------
From Clock:  system_clk
  To Clock:  system_clk

Setup :            0  Failing Endpoints,  Worst Slack        4.624ns,  Total Violation        0.000ns
Hold  :           NA  Failing Endpoints,  Worst Slack           NA  ,  Total Violation           NA
PW    :            0  Failing Endpoints,  Worst Slack        4.500ns,  Total Violation        0.000ns
---------------------------------------------------------------------------------------------------


Max Delay Paths
--------------------------------------------------------------------------------------
Slack (MET) :             4.624ns  (required time - arrival time)
  Source:                 acc_out_reg[2]/C
                            (rising edge-triggered cell FDRE clocked by system_clk  {rise@0.000ns fall@5.000ns period=10.000ns})
  Destination:            acc_out_reg[45]/D
                            (rising edge-triggered cell FDRE clocked by system_clk  {rise@0.000ns fall@5.000ns period=10.000ns})
  Path Group:             system_clk
  Path Type:              Setup (Max at Slow Process Corner)
  Requirement:            10.000ns  (system_clk rise@10.000ns - system_clk rise@0.000ns)
  Data Path Delay:        5.401ns  (logic 3.586ns (66.392%)  route 1.815ns (33.608%))
  Logic Levels:           15  (CARRY4=13 LUT4=2)
  Clock Path Skew:        -0.049ns (DCD - SCD + CPR)
    Destination Clock Delay (DCD):    0.924ns = ( 10.924 - 10.000 ) 
    Source Clock Delay      (SCD):    0.973ns
    Clock Pessimism Removal (CPR):    0.000ns
  Clock Uncertainty:      0.035ns  ((TSJ^2 + TIJ^2)^1/2 + DJ) / 2 + PE
    Total System Jitter     (TSJ):    0.071ns
    Total Input Jitter      (TIJ):    0.000ns
    Discrete Jitter          (DJ):    0.000ns
    Phase Error              (PE):    0.000ns

    Location             Delay type                Incr(ns)  Path(ns)    Netlist Resource(s)
  -------------------------------------------------------------------    -------------------
                         (clock system_clk rise edge)
                                                      0.000     0.000 r  
                                                      0.000     0.000 r  clk (IN)
                         net (fo=48, unset)           0.973     0.973    clk
    SLICE_X10Y50         FDRE                                         r  acc_out_reg[2]/C
  -------------------------------------------------------------------    -------------------
    SLICE_X10Y50         FDRE (Prop_fdre_C_Q)         0.518     1.491 r  acc_out_reg[2]/Q
                         net (fo=2, routed)           0.990     2.481    acc_out[2]
    SLICE_X11Y51         LUT4 (Prop_lut4_I0_O)        0.124     2.605 r  acc_out[3]_i_8/O
                         net (fo=1, routed)           0.000     2.605    acc_out[3]_i_8_n_0
    SLICE_X11Y51         CARRY4 (Prop_carry4_S[2]_CO[3])
                                                      0.398     3.003 r  acc_out_reg[3]_i_2/CO[3]
                         net (fo=1, routed)           0.000     3.003    acc_out_reg[3]_i_2_n_0
    SLICE_X11Y52         CARRY4 (Prop_carry4_CI_O[1])
                                                      0.334     3.337 r  acc_out_reg[7]_i_2/O[1]
                         net (fo=2, routed)           0.825     4.162    acc_out_reg[7]_i_2_n_6
    SLICE_X10Y51         LUT4 (Prop_lut4_I0_O)        0.303     4.465 r  acc_out[7]_i_5/O
                         net (fo=1, routed)           0.000     4.465    acc_out[7]_i_5_n_0
    SLICE_X10Y51         CARRY4 (Prop_carry4_S[1]_CO[3])
                                                      0.533     4.998 r  acc_out_reg[7]_i_1/CO[3]
                         net (fo=1, routed)           0.000     4.998    acc_out_reg[7]_i_1_n_0
    SLICE_X10Y52         CARRY4 (Prop_carry4_CI_CO[3])
                                                      0.117     5.115 r  acc_out_reg[11]_i_1/CO[3]
                         net (fo=1, routed)           0.000     5.115    acc_out_reg[11]_i_1_n_0
    SLICE_X10Y53         CARRY4 (Prop_carry4_CI_CO[3])
                                                      0.117     5.232 r  acc_out_reg[15]_i_1/CO[3]
                         net (fo=1, routed)           0.000     5.232    acc_out_reg[15]_i_1_n_0
    SLICE_X10Y54         CARRY4 (Prop_carry4_CI_CO[3])
                                                      0.117     5.349 r  acc_out_reg[19]_i_1/CO[3]
                         net (fo=1, routed)           0.000     5.349    acc_out_reg[19]_i_1_n_0
    SLICE_X10Y55         CARRY4 (Prop_carry4_CI_CO[3])
                                                      0.117     5.466 r  acc_out_reg[23]_i_1/CO[3]
                         net (fo=1, routed)           0.000     5.466    acc_out_reg[23]_i_1_n_0
    SLICE_X10Y56         CARRY4 (Prop_carry4_CI_CO[3])
                                                      0.117     5.583 r  acc_out_reg[27]_i_1/CO[3]
                         net (fo=1, routed)           0.000     5.583    acc_out_reg[27]_i_1_n_0
    SLICE_X10Y57         CARRY4 (Prop_carry4_CI_CO[3])
                                                      0.117     5.700 r  acc_out_reg[31]_i_1/CO[3]
                         net (fo=1, routed)           0.000     5.700    acc_out_reg[31]_i_1_n_0
    SLICE_X10Y58         CARRY4 (Prop_carry4_CI_CO[3])
                                                      0.117     5.817 r  acc_out_reg[35]_i_1/CO[3]
                         net (fo=1, routed)           0.000     5.817    acc_out_reg[35]_i_1_n_0
    SLICE_X10Y59         CARRY4 (Prop_carry4_CI_CO[3])
                                                      0.117     5.934 r  acc_out_reg[39]_i_1/CO[3]
                         net (fo=1, routed)           0.000     5.934    acc_out_reg[39]_i_1_n_0
    SLICE_X10Y60         CARRY4 (Prop_carry4_CI_CO[3])
                                                      0.117     6.051 r  acc_out_reg[43]_i_1/CO[3]
                         net (fo=1, routed)           0.000     6.051    acc_out_reg[43]_i_1_n_0
    SLICE_X10Y61         CARRY4 (Prop_carry4_CI_O[1])
                                                      0.323     6.374 r  acc_out_reg[47]_i_3/O[1]
                         net (fo=1, routed)           0.000     6.374    p_2_in[45]
    SLICE_X10Y61         FDRE                                         r  acc_out_reg[45]/D
  -------------------------------------------------------------------    -------------------

                         (clock system_clk rise edge)
                                                     10.000    10.000 r  
                                                      0.000    10.000 r  clk (IN)
                         net (fo=48, unset)           0.924    10.924    clk
    SLICE_X10Y61         FDRE                                         r  acc_out_reg[45]/C
                         clock pessimism              0.000    10.924    
                         clock uncertainty           -0.035    10.889    
    SLICE_X10Y61         FDRE (Setup_fdre_C_D)        0.109    10.998    acc_out_reg[45]
  -------------------------------------------------------------------
                         required time                         10.998    
                         arrival time                          -6.374    
  -------------------------------------------------------------------
                         slack                                  4.624    

Slack (MET) :             4.632ns  (required time - arrival time)
  Source:                 acc_out_reg[2]/C
                            (rising edge-triggered cell FDRE clocked by system_clk  {rise@0.000ns fall@5.000ns period=10.000ns})
  Destination:            acc_out_reg[47]/D
                            (rising edge-triggered cell FDRE clocked by system_clk  {rise@0.000ns fall@5.000ns period=10.000ns})
  Path Group:             system_clk
  Path Type:              Setup (Max at Slow Process Corner)
  Requirement:            10.000ns  (system_clk rise@10.000ns - system_clk rise@0.000ns)
  Data Path Delay:        5.393ns  (logic 3.578ns (66.342%)  route 1.815ns (33.658%))
  Logic Levels:           15  (CARRY4=13 LUT4=2)
  Clock Path Skew:        -0.049ns (DCD - SCD + CPR)
    Destination Clock Delay (DCD):    0.924ns = ( 10.924 - 10.000 ) 
    Source Clock Delay      (SCD):    0.973ns
    Clock Pessimism Removal (CPR):    0.000ns
  Clock Uncertainty:      0.035ns  ((TSJ^2 + TIJ^2)^1/2 + DJ) / 2 + PE
    Total System Jitter     (TSJ):    0.071ns
    Total Input Jitter      (TIJ):    0.000ns
    Discrete Jitter          (DJ):    0.000ns
    Phase Error              (PE):    0.000ns

    Location             Delay type                Incr(ns)  Path(ns)    Netlist Resource(s)
  -------------------------------------------------------------------    -------------------
                         (clock system_clk rise edge)
                                                      0.000     0.000 r  
                                                      0.000     0.000 r  clk (IN)
                         net (fo=48, unset)           0.973     0.973    clk
    SLICE_X10Y50         FDRE                                         r  acc_out_reg[2]/C
  -------------------------------------------------------------------    -------------------
    SLICE_X10Y50         FDRE (Prop_fdre_C_Q)         0.518     1.491 r  acc_out_reg[2]/Q
                         net (fo=2, routed)           0.990     2.481    acc_out[2]
    SLICE_X11Y51         LUT4 (Prop_lut4_I0_O)        0.124     2.605 r  acc_out[3]_i_8/O
                         net (fo=1, routed)           0.000     2.605    acc_out[3]_i_8_n_0
    SLICE_X11Y51         CARRY4 (Prop_carry4_S[2]_CO[3])
                                                      0.398     3.003 r  acc_out_reg[3]_i_2/CO[3]
                         net (fo=1, routed)           0.000     3.003    acc_out_reg[3]_i_2_n_0
    SLICE_X11Y52         CARRY4 (Prop_carry4_CI_O[1])
                                                      0.334     3.337 r  acc_out_reg[7]_i_2/O[1]
                         net (fo=2, routed)           0.825     4.162    acc_out_reg[7]_i_2_n_6
    SLICE_X10Y51         LUT4 (Prop_lut4_I0_O)        0.303     4.465 r  acc_out[7]_i_5/O
                         net (fo=1, routed)           0.000     4.465    acc_out[7]_i_5_n_0
    SLICE_X10Y51         CARRY4 (Prop_carry4_S[1]_CO[3])
                                                      0.533     4.998 r  acc_out_reg[7]_i_1/CO[3]
                         net (fo=1, routed)           0.000     4.998    acc_out_reg[7]_i_1_n_0
    SLICE_X10Y52         CARRY4 (Prop_carry4_CI_CO[3])
                                                      0.117     5.115 r  acc_out_reg[11]_i_1/CO[3]
                         net (fo=1, routed)           0.000     5.115    acc_out_reg[11]_i_1_n_0
    SLICE_X10Y53         CARRY4 (Prop_carry4_CI_CO[3])
                                                      0.117     5.232 r  acc_out_reg[15]_i_1/CO[3]
                         net (fo=1, routed)           0.000     5.232    acc_out_reg[15]_i_1_n_0
    SLICE_X10Y54         CARRY4 (Prop_carry4_CI_CO[3])
                                                      0.117     5.349 r  acc_out_reg[19]_i_1/CO[3]
                         net (fo=1, routed)           0.000     5.349    acc_out_reg[19]_i_1_n_0
    SLICE_X10Y55         CARRY4 (Prop_carry4_CI_CO[3])
                                                      0.117     5.466 r  acc_out_reg[23]_i_1/CO[3]
                         net (fo=1, routed)           0.000     5.466    acc_out_reg[23]_i_1_n_0
    SLICE_X10Y56         CARRY4 (Prop_carry4_CI_CO[3])
                                                      0.117     5.583 r  acc_out_reg[27]_i_1/CO[3]
                         net (fo=1, routed)           0.000     5.583    acc_out_reg[27]_i_1_n_0
    SLICE_X10Y57         CARRY4 (Prop_carry4_CI_CO[3])
                                                      0.117     5.700 r  acc_out_reg[31]_i_1/CO[3]
                         net (fo=1, routed)           0.000     5.700    acc_out_reg[31]_i_1_n_0
    SLICE_X10Y58         CARRY4 (Prop_carry4_CI_CO[3])
                                                      0.117     5.817 r  acc_out_reg[35]_i_1/CO[3]
                         net (fo=1, routed)           0.000     5.817    acc_out_reg[35]_i_1_n_0
    SLICE_X10Y59         CARRY4 (Prop_carry4_CI_CO[3])
                                                      0.117     5.934 r  acc_out_reg[39]_i_1/CO[3]
                         net (fo=1, routed)           0.000     5.934    acc_out_reg[39]_i_1_n_0
    SLICE_X10Y60         CARRY4 (Prop_carry4_CI_CO[3])
                                                      0.117     6.051 r  acc_out_reg[43]_i_1/CO[3]
                         net (fo=1, routed)           0.000     6.051    acc_out_reg[43]_i_1_n_0
    SLICE_X10Y61         CARRY4 (Prop_carry4_CI_O[3])
                                                      0.315     6.366 r  acc_out_reg[47]_i_3/O[3]
                         net (fo=1, routed)           0.000     6.366    p_2_in[47]
    SLICE_X10Y61         FDRE                                         r  acc_out_reg[47]/D
  -------------------------------------------------------------------    -------------------

                         (clock system_clk rise edge)
                                                     10.000    10.000 r  
                                                      0.000    10.000 r  clk (IN)
                         net (fo=48, unset)           0.924    10.924    clk
    SLICE_X10Y61         FDRE                                         r  acc_out_reg[47]/C
                         clock pessimism              0.000    10.924    
                         clock uncertainty           -0.035    10.889    
    SLICE_X10Y61         FDRE (Setup_fdre_C_D)        0.109    10.998    acc_out_reg[47]
  -------------------------------------------------------------------
                         required time                         10.998    
                         arrival time                          -6.366    
  -------------------------------------------------------------------
                         slack                                  4.632    

Slack (MET) :             4.708ns  (required time - arrival time)
  Source:                 acc_out_reg[2]/C
                            (rising edge-triggered cell FDRE clocked by system_clk  {rise@0.000ns fall@5.000ns period=10.000ns})
  Destination:            acc_out_reg[46]/D
                            (rising edge-triggered cell FDRE clocked by system_clk  {rise@0.000ns fall@5.000ns period=10.000ns})
  Path Group:             system_clk
  Path Type:              Setup (Max at Slow Process Corner)
  Requirement:            10.000ns  (system_clk rise@10.000ns - system_clk rise@0.000ns)
  Data Path Delay:        5.317ns  (logic 3.502ns (65.861%)  route 1.815ns (34.139%))
  Logic Levels:           15  (CARRY4=13 LUT4=2)
  Clock Path Skew:        -0.049ns (DCD - SCD + CPR)
    Destination Clock Delay (DCD):    0.924ns = ( 10.924 - 10.000 ) 
    Source Clock Delay      (SCD):    0.973ns
    Clock Pessimism Removal (CPR):    0.000ns
  Clock Uncertainty:      0.035ns  ((TSJ^2 + TIJ^2)^1/2 + DJ) / 2 + PE
    Total System Jitter     (TSJ):    0.071ns
    Total Input Jitter      (TIJ):    0.000ns
    Discrete Jitter          (DJ):    0.000ns
    Phase Error              (PE):    0.000ns

    Location             Delay type                Incr(ns)  Path(ns)    Netlist Resource(s)
  -------------------------------------------------------------------    -------------------
                         (clock system_clk rise edge)
                                                      0.000     0.000 r  
                                                      0.000     0.000 r  clk (IN)
                         net (fo=48, unset)           0.973     0.973    clk
    SLICE_X10Y50         FDRE                                         r  acc_out_reg[2]/C
  -------------------------------------------------------------------    -------------------
    SLICE_X10Y50         FDRE (Prop_fdre_C_Q)         0.518     1.491 r  acc_out_reg[2]/Q
                         net (fo=2, routed)           0.990     2.481    acc_out[2]
    SLICE_X11Y51         LUT4 (Prop_lut4_I0_O)        0.124     2.605 r  acc_out[3]_i_8/O
                         net (fo=1, routed)           0.000     2.605    acc_out[3]_i_8_n_0
    SLICE_X11Y51         CARRY4 (Prop_carry4_S[2]_CO[3])
                                                      0.398     3.003 r  acc_out_reg[3]_i_2/CO[3]
                         net (fo=1, routed)           0.000     3.003    acc_out_reg[3]_i_2_n_0
    SLICE_X11Y52         CARRY4 (Prop_carry4_CI_O[1])
                                                      0.334     3.337 r  acc_out_reg[7]_i_2/O[1]
                         net (fo=2, routed)           0.825     4.162    acc_out_reg[7]_i_2_n_6
    SLICE_X10Y51         LUT4 (Prop_lut4_I0_O)        0.303     4.465 r  acc_out[7]_i_5/O
                         net (fo=1, routed)           0.000     4.465    acc_out[7]_i_5_n_0
    SLICE_X10Y51         CARRY4 (Prop_carry4_S[1]_CO[3])
                                                      0.533     4.998 r  acc_out_reg[7]_i_1/CO[3]
                         net (fo=1, routed)           0.000     4.998    acc_out_reg[7]_i_1_n_0
    SLICE_X10Y52         CARRY4 (Prop_carry4_CI_CO[3])
                                                      0.117     5.115 r  acc_out_reg[11]_i_1/CO[3]
                         net (fo=1, routed)           0.000     5.115    acc_out_reg[11]_i_1_n_0
    SLICE_X10Y53         CARRY4 (Prop_carry4_CI_CO[3])
                                                      0.117     5.232 r  acc_out_reg[15]_i_1/CO[3]
                         net (fo=1, routed)           0.000     5.232    acc_out_reg[15]_i_1_n_0
    SLICE_X10Y54         CARRY4 (Prop_carry4_CI_CO[3])
                                                      0.117     5.349 r  acc_out_reg[19]_i_1/CO[3]
                         net (fo=1, routed)           0.000     5.349    acc_out_reg[19]_i_1_n_0
    SLICE_X10Y55         CARRY4 (Prop_carry4_CI_CO[3])
                                                      0.117     5.466 r  acc_out_reg[23]_i_1/CO[3]
                         net (fo=1, routed)           0.000     5.466    acc_out_reg[23]_i_1_n_0
    SLICE_X10Y56         CARRY4 (Prop_carry4_CI_CO[3])
                                                      0.117     5.583 r  acc_out_reg[27]_i_1/CO[3]
                         net (fo=1, routed)           0.000     5.583    acc_out_reg[27]_i_1_n_0
    SLICE_X10Y57         CARRY4 (Prop_carry4_CI_CO[3])
                                                      0.117     5.700 r  acc_out_reg[31]_i_1/CO[3]
                         net (fo=1, routed)           0.000     5.700    acc_out_reg[31]_i_1_n_0
    SLICE_X10Y58         CARRY4 (Prop_carry4_CI_CO[3])
                                                      0.117     5.817 r  acc_out_reg[35]_i_1/CO[3]
                         net (fo=1, routed)           0.000     5.817    acc_out_reg[35]_i_1_n_0
    SLICE_X10Y59         CARRY4 (Prop_carry4_CI_CO[3])
                                                      0.117     5.934 r  acc_out_reg[39]_i_1/CO[3]
                         net (fo=1, routed)           0.000     5.934    acc_out_reg[39]_i_1_n_0
    SLICE_X10Y60         CARRY4 (Prop_carry4_CI_CO[3])
                                                      0.117     6.051 r  acc_out_reg[43]_i_1/CO[3]
                         net (fo=1, routed)           0.000     6.051    acc_out_reg[43]_i_1_n_0
    SLICE_X10Y61         CARRY4 (Prop_carry4_CI_O[2])
                                                      0.239     6.290 r  acc_out_reg[47]_i_3/O[2]
                         net (fo=1, routed)           0.000     6.290    p_2_in[46]
    SLICE_X10Y61         FDRE                                         r  acc_out_reg[46]/D
  -------------------------------------------------------------------    -------------------

                         (clock system_clk rise edge)
                                                     10.000    10.000 r  
                                                      0.000    10.000 r  clk (IN)
                         net (fo=48, unset)           0.924    10.924    clk
    SLICE_X10Y61         FDRE                                         r  acc_out_reg[46]/C
                         clock pessimism              0.000    10.924    
                         clock uncertainty           -0.035    10.889    
    SLICE_X10Y61         FDRE (Setup_fdre_C_D)        0.109    10.998    acc_out_reg[46]
  -------------------------------------------------------------------
                         required time                         10.998    
                         arrival time                          -6.290    
  -------------------------------------------------------------------
                         slack                                  4.708    

Slack (MET) :             4.728ns  (required time - arrival time)
  Source:                 acc_out_reg[2]/C
                            (rising edge-triggered cell FDRE clocked by system_clk  {rise@0.000ns fall@5.000ns period=10.000ns})
  Destination:            acc_out_reg[44]/D
                            (rising edge-triggered cell FDRE clocked by system_clk  {rise@0.000ns fall@5.000ns period=10.000ns})
  Path Group:             system_clk
  Path Type:              Setup (Max at Slow Process Corner)
  Requirement:            10.000ns  (system_clk rise@10.000ns - system_clk rise@0.000ns)
  Data Path Delay:        5.297ns  (logic 3.482ns (65.732%)  route 1.815ns (34.268%))
  Logic Levels:           15  (CARRY4=13 LUT4=2)
  Clock Path Skew:        -0.049ns (DCD - SCD + CPR)
    Destination Clock Delay (DCD):    0.924ns = ( 10.924 - 10.000 ) 
    Source Clock Delay      (SCD):    0.973ns
    Clock Pessimism Removal (CPR):    0.000ns
  Clock Uncertainty:      0.035ns  ((TSJ^2 + TIJ^2)^1/2 + DJ) / 2 + PE
    Total System Jitter     (TSJ):    0.071ns
    Total Input Jitter      (TIJ):    0.000ns
    Discrete Jitter          (DJ):    0.000ns
    Phase Error              (PE):    0.000ns

    Location             Delay type                Incr(ns)  Path(ns)    Netlist Resource(s)
  -------------------------------------------------------------------    -------------------
                         (clock system_clk rise edge)
                                                      0.000     0.000 r  
                                                      0.000     0.000 r  clk (IN)
                         net (fo=48, unset)           0.973     0.973    clk
    SLICE_X10Y50         FDRE                                         r  acc_out_reg[2]/C
  -------------------------------------------------------------------    -------------------
    SLICE_X10Y50         FDRE (Prop_fdre_C_Q)         0.518     1.491 r  acc_out_reg[2]/Q
                         net (fo=2, routed)           0.990     2.481    acc_out[2]
    SLICE_X11Y51         LUT4 (Prop_lut4_I0_O)        0.124     2.605 r  acc_out[3]_i_8/O
                         net (fo=1, routed)           0.000     2.605    acc_out[3]_i_8_n_0
    SLICE_X11Y51         CARRY4 (Prop_carry4_S[2]_CO[3])
                                                      0.398     3.003 r  acc_out_reg[3]_i_2/CO[3]
                         net (fo=1, routed)           0.000     3.003    acc_out_reg[3]_i_2_n_0
    SLICE_X11Y52         CARRY4 (Prop_carry4_CI_O[1])
                                                      0.334     3.337 r  acc_out_reg[7]_i_2/O[1]
                         net (fo=2, routed)           0.825     4.162    acc_out_reg[7]_i_2_n_6
    SLICE_X10Y51         LUT4 (Prop_lut4_I0_O)        0.303     4.465 r  acc_out[7]_i_5/O
                         net (fo=1, routed)           0.000     4.465    acc_out[7]_i_5_n_0
    SLICE_X10Y51         CARRY4 (Prop_carry4_S[1]_CO[3])
                                                      0.533     4.998 r  acc_out_reg[7]_i_1/CO[3]
                         net (fo=1, routed)           0.000     4.998    acc_out_reg[7]_i_1_n_0
    SLICE_X10Y52         CARRY4 (Prop_carry4_CI_CO[3])
                                                      0.117     5.115 r  acc_out_reg[11]_i_1/CO[3]
                         net (fo=1, routed)           0.000     5.115    acc_out_reg[11]_i_1_n_0
    SLICE_X10Y53         CARRY4 (Prop_carry4_CI_CO[3])
                                                      0.117     5.232 r  acc_out_reg[15]_i_1/CO[3]
                         net (fo=1, routed)           0.000     5.232    acc_out_reg[15]_i_1_n_0
    SLICE_X10Y54         CARRY4 (Prop_carry4_CI_CO[3])
                                                      0.117     5.349 r  acc_out_reg[19]_i_1/CO[3]
                         net (fo=1, routed)           0.000     5.349    acc_out_reg[19]_i_1_n_0
    SLICE_X10Y55         CARRY4 (Prop_carry4_CI_CO[3])
                                                      0.117     5.466 r  acc_out_reg[23]_i_1/CO[3]
                         net (fo=1, routed)           0.000     5.466    acc_out_reg[23]_i_1_n_0
    SLICE_X10Y56         CARRY4 (Prop_carry4_CI_CO[3])
                                                      0.117     5.583 r  acc_out_reg[27]_i_1/CO[3]
                         net (fo=1, routed)           0.000     5.583    acc_out_reg[27]_i_1_n_0
    SLICE_X10Y57         CARRY4 (Prop_carry4_CI_CO[3])
                                                      0.117     5.700 r  acc_out_reg[31]_i_1/CO[3]
                         net (fo=1, routed)           0.000     5.700    acc_out_reg[31]_i_1_n_0
    SLICE_X10Y58         CARRY4 (Prop_carry4_CI_CO[3])
                                                      0.117     5.817 r  acc_out_reg[35]_i_1/CO[3]
                         net (fo=1, routed)           0.000     5.817    acc_out_reg[35]_i_1_n_0
    SLICE_X10Y59         CARRY4 (Prop_carry4_CI_CO[3])
                                                      0.117     5.934 r  acc_out_reg[39]_i_1/CO[3]
                         net (fo=1, routed)           0.000     5.934    acc_out_reg[39]_i_1_n_0
    SLICE_X10Y60         CARRY4 (Prop_carry4_CI_CO[3])
                                                      0.117     6.051 r  acc_out_reg[43]_i_1/CO[3]
                         net (fo=1, routed)           0.000     6.051    acc_out_reg[43]_i_1_n_0
    SLICE_X10Y61         CARRY4 (Prop_carry4_CI_O[0])
                                                      0.219     6.270 r  acc_out_reg[47]_i_3/O[0]
                         net (fo=1, routed)           0.000     6.270    p_2_in[44]
    SLICE_X10Y61         FDRE                                         r  acc_out_reg[44]/D
  -------------------------------------------------------------------    -------------------

                         (clock system_clk rise edge)
                                                     10.000    10.000 r  
                                                      0.000    10.000 r  clk (IN)
                         net (fo=48, unset)           0.924    10.924    clk
    SLICE_X10Y61         FDRE                                         r  acc_out_reg[44]/C
                         clock pessimism              0.000    10.924    
                         clock uncertainty           -0.035    10.889    
    SLICE_X10Y61         FDRE (Setup_fdre_C_D)        0.109    10.998    acc_out_reg[44]
  -------------------------------------------------------------------
                         required time                         10.998    
                         arrival time                          -6.270    
  -------------------------------------------------------------------
                         slack                                  4.728    

Slack (MET) :             4.741ns  (required time - arrival time)
  Source:                 acc_out_reg[2]/C
                            (rising edge-triggered cell FDRE clocked by system_clk  {rise@0.000ns fall@5.000ns period=10.000ns})
  Destination:            acc_out_reg[41]/D
                            (rising edge-triggered cell FDRE clocked by system_clk  {rise@0.000ns fall@5.000ns period=10.000ns})
  Path Group:             system_clk
  Path Type:              Setup (Max at Slow Process Corner)
  Requirement:            10.000ns  (system_clk rise@10.000ns - system_clk rise@0.000ns)
  Data Path Delay:        5.284ns  (logic 3.469ns (65.648%)  route 1.815ns (34.352%))
  Logic Levels:           14  (CARRY4=12 LUT4=2)
  Clock Path Skew:        -0.049ns (DCD - SCD + CPR)
    Destination Clock Delay (DCD):    0.924ns = ( 10.924 - 10.000 ) 
    Source Clock Delay      (SCD):    0.973ns
    Clock Pessimism Removal (CPR):    0.000ns
  Clock Uncertainty:      0.035ns  ((TSJ^2 + TIJ^2)^1/2 + DJ) / 2 + PE
    Total System Jitter     (TSJ):    0.071ns
    Total Input Jitter      (TIJ):    0.000ns
    Discrete Jitter          (DJ):    0.000ns
    Phase Error              (PE):    0.000ns

    Location             Delay type                Incr(ns)  Path(ns)    Netlist Resource(s)
  -------------------------------------------------------------------    -------------------
                         (clock system_clk rise edge)
                                                      0.000     0.000 r  
                                                      0.000     0.000 r  clk (IN)
                         net (fo=48, unset)           0.973     0.973    clk
    SLICE_X10Y50         FDRE                                         r  acc_out_reg[2]/C
  -------------------------------------------------------------------    -------------------
    SLICE_X10Y50         FDRE (Prop_fdre_C_Q)         0.518     1.491 r  acc_out_reg[2]/Q
                         net (fo=2, routed)           0.990     2.481    acc_out[2]
    SLICE_X11Y51         LUT4 (Prop_lut4_I0_O)        0.124     2.605 r  acc_out[3]_i_8/O
                         net (fo=1, routed)           0.000     2.605    acc_out[3]_i_8_n_0
    SLICE_X11Y51         CARRY4 (Prop_carry4_S[2]_CO[3])
                                                      0.398     3.003 r  acc_out_reg[3]_i_2/CO[3]
                         net (fo=1, routed)           0.000     3.003    acc_out_reg[3]_i_2_n_0
    SLICE_X11Y52         CARRY4 (Prop_carry4_CI_O[1])
                                                      0.334     3.337 r  acc_out_reg[7]_i_2/O[1]
                         net (fo=2, routed)           0.825     4.162    acc_out_reg[7]_i_2_n_6
    SLICE_X10Y51         LUT4 (Prop_lut4_I0_O)        0.303     4.465 r  acc_out[7]_i_5/O
                         net (fo=1, routed)           0.000     4.465    acc_out[7]_i_5_n_0
    SLICE_X10Y51         CARRY4 (Prop_carry4_S[1]_CO[3])
                                                      0.533     4.998 r  acc_out_reg[7]_i_1/CO[3]
                         net (fo=1, routed)           0.000     4.998    acc_out_reg[7]_i_1_n_0
    SLICE_X10Y52         CARRY4 (Prop_carry4_CI_CO[3])
                                                      0.117     5.115 r  acc_out_reg[11]_i_1/CO[3]
                         net (fo=1, routed)           0.000     5.115    acc_out_reg[11]_i_1_n_0
    SLICE_X10Y53         CARRY4 (Prop_carry4_CI_CO[3])
                                                      0.117     5.232 r  acc_out_reg[15]_i_1/CO[3]
                         net (fo=1, routed)           0.000     5.232    acc_out_reg[15]_i_1_n_0
    SLICE_X10Y54         CARRY4 (Prop_carry4_CI_CO[3])
                                                      0.117     5.349 r  acc_out_reg[19]_i_1/CO[3]
                         net (fo=1, routed)           0.000     5.349    acc_out_reg[19]_i_1_n_0
    SLICE_X10Y55         CARRY4 (Prop_carry4_CI_CO[3])
                                                      0.117     5.466 r  acc_out_reg[23]_i_1/CO[3]
                         net (fo=1, routed)           0.000     5.466    acc_out_reg[23]_i_1_n_0
    SLICE_X10Y56         CARRY4 (Prop_carry4_CI_CO[3])
                                                      0.117     5.583 r  acc_out_reg[27]_i_1/CO[3]
                         net (fo=1, routed)           0.000     5.583    acc_out_reg[27]_i_1_n_0
    SLICE_X10Y57         CARRY4 (Prop_carry4_CI_CO[3])
                                                      0.117     5.700 r  acc_out_reg[31]_i_1/CO[3]
                         net (fo=1, routed)           0.000     5.700    acc_out_reg[31]_i_1_n_0
    SLICE_X10Y58         CARRY4 (Prop_carry4_CI_CO[3])
                                                      0.117     5.817 r  acc_out_reg[35]_i_1/CO[3]
                         net (fo=1, routed)           0.000     5.817    acc_out_reg[35]_i_1_n_0
    SLICE_X10Y59         CARRY4 (Prop_carry4_CI_CO[3])
                                                      0.117     5.934 r  acc_out_reg[39]_i_1/CO[3]
                         net (fo=1, routed)           0.000     5.934    acc_out_reg[39]_i_1_n_0
    SLICE_X10Y60         CARRY4 (Prop_carry4_CI_O[1])
                                                      0.323     6.257 r  acc_out_reg[43]_i_1/O[1]
                         net (fo=1, routed)           0.000     6.257    p_2_in[41]
    SLICE_X10Y60         FDRE                                         r  acc_out_reg[41]/D
  -------------------------------------------------------------------    -------------------

                         (clock system_clk rise edge)
                                                     10.000    10.000 r  
                                                      0.000    10.000 r  clk (IN)
                         net (fo=48, unset)           0.924    10.924    clk
    SLICE_X10Y60         FDRE                                         r  acc_out_reg[41]/C
                         clock pessimism              0.000    10.924    
                         clock uncertainty           -0.035    10.889    
    SLICE_X10Y60         FDRE (Setup_fdre_C_D)        0.109    10.998    acc_out_reg[41]
  -------------------------------------------------------------------
                         required time                         10.998    
                         arrival time                          -6.257    
  -------------------------------------------------------------------
                         slack                                  4.741    

Slack (MET) :             4.749ns  (required time - arrival time)
  Source:                 acc_out_reg[2]/C
                            (rising edge-triggered cell FDRE clocked by system_clk  {rise@0.000ns fall@5.000ns period=10.000ns})
  Destination:            acc_out_reg[43]/D
                            (rising edge-triggered cell FDRE clocked by system_clk  {rise@0.000ns fall@5.000ns period=10.000ns})
  Path Group:             system_clk
  Path Type:              Setup (Max at Slow Process Corner)
  Requirement:            10.000ns  (system_clk rise@10.000ns - system_clk rise@0.000ns)
  Data Path Delay:        5.276ns  (logic 3.461ns (65.596%)  route 1.815ns (34.404%))
  Logic Levels:           14  (CARRY4=12 LUT4=2)
  Clock Path Skew:        -0.049ns (DCD - SCD + CPR)
    Destination Clock Delay (DCD):    0.924ns = ( 10.924 - 10.000 ) 
    Source Clock Delay      (SCD):    0.973ns
    Clock Pessimism Removal (CPR):    0.000ns
  Clock Uncertainty:      0.035ns  ((TSJ^2 + TIJ^2)^1/2 + DJ) / 2 + PE
    Total System Jitter     (TSJ):    0.071ns
    Total Input Jitter      (TIJ):    0.000ns
    Discrete Jitter          (DJ):    0.000ns
    Phase Error              (PE):    0.000ns

    Location             Delay type                Incr(ns)  Path(ns)    Netlist Resource(s)
  -------------------------------------------------------------------    -------------------
                         (clock system_clk rise edge)
                                                      0.000     0.000 r  
                                                      0.000     0.000 r  clk (IN)
                         net (fo=48, unset)           0.973     0.973    clk
    SLICE_X10Y50         FDRE                                         r  acc_out_reg[2]/C
  -------------------------------------------------------------------    -------------------
    SLICE_X10Y50         FDRE (Prop_fdre_C_Q)         0.518     1.491 r  acc_out_reg[2]/Q
                         net (fo=2, routed)           0.990     2.481    acc_out[2]
    SLICE_X11Y51         LUT4 (Prop_lut4_I0_O)        0.124     2.605 r  acc_out[3]_i_8/O
                         net (fo=1, routed)           0.000     2.605    acc_out[3]_i_8_n_0
    SLICE_X11Y51         CARRY4 (Prop_carry4_S[2]_CO[3])
                                                      0.398     3.003 r  acc_out_reg[3]_i_2/CO[3]
                         net (fo=1, routed)           0.000     3.003    acc_out_reg[3]_i_2_n_0
    SLICE_X11Y52         CARRY4 (Prop_carry4_CI_O[1])
                                                      0.334     3.337 r  acc_out_reg[7]_i_2/O[1]
                         net (fo=2, routed)           0.825     4.162    acc_out_reg[7]_i_2_n_6
    SLICE_X10Y51         LUT4 (Prop_lut4_I0_O)        0.303     4.465 r  acc_out[7]_i_5/O
                         net (fo=1, routed)           0.000     4.465    acc_out[7]_i_5_n_0
    SLICE_X10Y51         CARRY4 (Prop_carry4_S[1]_CO[3])
                                                      0.533     4.998 r  acc_out_reg[7]_i_1/CO[3]
                         net (fo=1, routed)           0.000     4.998    acc_out_reg[7]_i_1_n_0
    SLICE_X10Y52         CARRY4 (Prop_carry4_CI_CO[3])
                                                      0.117     5.115 r  acc_out_reg[11]_i_1/CO[3]
                         net (fo=1, routed)           0.000     5.115    acc_out_reg[11]_i_1_n_0
    SLICE_X10Y53         CARRY4 (Prop_carry4_CI_CO[3])
                                                      0.117     5.232 r  acc_out_reg[15]_i_1/CO[3]
                         net (fo=1, routed)           0.000     5.232    acc_out_reg[15]_i_1_n_0
    SLICE_X10Y54         CARRY4 (Prop_carry4_CI_CO[3])
                                                      0.117     5.349 r  acc_out_reg[19]_i_1/CO[3]
                         net (fo=1, routed)           0.000     5.349    acc_out_reg[19]_i_1_n_0
    SLICE_X10Y55         CARRY4 (Prop_carry4_CI_CO[3])
                                                      0.117     5.466 r  acc_out_reg[23]_i_1/CO[3]
                         net (fo=1, routed)           0.000     5.466    acc_out_reg[23]_i_1_n_0
    SLICE_X10Y56         CARRY4 (Prop_carry4_CI_CO[3])
                                                      0.117     5.583 r  acc_out_reg[27]_i_1/CO[3]
                         net (fo=1, routed)           0.000     5.583    acc_out_reg[27]_i_1_n_0
    SLICE_X10Y57         CARRY4 (Prop_carry4_CI_CO[3])
                                                      0.117     5.700 r  acc_out_reg[31]_i_1/CO[3]
                         net (fo=1, routed)           0.000     5.700    acc_out_reg[31]_i_1_n_0
    SLICE_X10Y58         CARRY4 (Prop_carry4_CI_CO[3])
                                                      0.117     5.817 r  acc_out_reg[35]_i_1/CO[3]
                         net (fo=1, routed)           0.000     5.817    acc_out_reg[35]_i_1_n_0
    SLICE_X10Y59         CARRY4 (Prop_carry4_CI_CO[3])
                                                      0.117     5.934 r  acc_out_reg[39]_i_1/CO[3]
                         net (fo=1, routed)           0.000     5.934    acc_out_reg[39]_i_1_n_0
    SLICE_X10Y60         CARRY4 (Prop_carry4_CI_O[3])
                                                      0.315     6.249 r  acc_out_reg[43]_i_1/O[3]
                         net (fo=1, routed)           0.000     6.249    p_2_in[43]
    SLICE_X10Y60         FDRE                                         r  acc_out_reg[43]/D
  -------------------------------------------------------------------    -------------------

                         (clock system_clk rise edge)
                                                     10.000    10.000 r  
                                                      0.000    10.000 r  clk (IN)
                         net (fo=48, unset)           0.924    10.924    clk
    SLICE_X10Y60         FDRE                                         r  acc_out_reg[43]/C
                         clock pessimism              0.000    10.924    
                         clock uncertainty           -0.035    10.889    
    SLICE_X10Y60         FDRE (Setup_fdre_C_D)        0.109    10.998    acc_out_reg[43]
  -------------------------------------------------------------------
                         required time                         10.998    
                         arrival time                          -6.249    
  -------------------------------------------------------------------
                         slack                                  4.749    

Slack (MET) :             4.825ns  (required time - arrival time)
  Source:                 acc_out_reg[2]/C
                            (rising edge-triggered cell FDRE clocked by system_clk  {rise@0.000ns fall@5.000ns period=10.000ns})
  Destination:            acc_out_reg[42]/D
                            (rising edge-triggered cell FDRE clocked by system_clk  {rise@0.000ns fall@5.000ns period=10.000ns})
  Path Group:             system_clk
  Path Type:              Setup (Max at Slow Process Corner)
  Requirement:            10.000ns  (system_clk rise@10.000ns - system_clk rise@0.000ns)
  Data Path Delay:        5.200ns  (logic 3.385ns (65.093%)  route 1.815ns (34.907%))
  Logic Levels:           14  (CARRY4=12 LUT4=2)
  Clock Path Skew:        -0.049ns (DCD - SCD + CPR)
    Destination Clock Delay (DCD):    0.924ns = ( 10.924 - 10.000 ) 
    Source Clock Delay      (SCD):    0.973ns
    Clock Pessimism Removal (CPR):    0.000ns
  Clock Uncertainty:      0.035ns  ((TSJ^2 + TIJ^2)^1/2 + DJ) / 2 + PE
    Total System Jitter     (TSJ):    0.071ns
    Total Input Jitter      (TIJ):    0.000ns
    Discrete Jitter          (DJ):    0.000ns
    Phase Error              (PE):    0.000ns

    Location             Delay type                Incr(ns)  Path(ns)    Netlist Resource(s)
  -------------------------------------------------------------------    -------------------
                         (clock system_clk rise edge)
                                                      0.000     0.000 r  
                                                      0.000     0.000 r  clk (IN)
                         net (fo=48, unset)           0.973     0.973    clk
    SLICE_X10Y50         FDRE                                         r  acc_out_reg[2]/C
  -------------------------------------------------------------------    -------------------
    SLICE_X10Y50         FDRE (Prop_fdre_C_Q)         0.518     1.491 r  acc_out_reg[2]/Q
                         net (fo=2, routed)           0.990     2.481    acc_out[2]
    SLICE_X11Y51         LUT4 (Prop_lut4_I0_O)        0.124     2.605 r  acc_out[3]_i_8/O
                         net (fo=1, routed)           0.000     2.605    acc_out[3]_i_8_n_0
    SLICE_X11Y51         CARRY4 (Prop_carry4_S[2]_CO[3])
                                                      0.398     3.003 r  acc_out_reg[3]_i_2/CO[3]
                         net (fo=1, routed)           0.000     3.003    acc_out_reg[3]_i_2_n_0
    SLICE_X11Y52         CARRY4 (Prop_carry4_CI_O[1])
                                                      0.334     3.337 r  acc_out_reg[7]_i_2/O[1]
                         net (fo=2, routed)           0.825     4.162    acc_out_reg[7]_i_2_n_6
    SLICE_X10Y51         LUT4 (Prop_lut4_I0_O)        0.303     4.465 r  acc_out[7]_i_5/O
                         net (fo=1, routed)           0.000     4.465    acc_out[7]_i_5_n_0
    SLICE_X10Y51         CARRY4 (Prop_carry4_S[1]_CO[3])
                                                      0.533     4.998 r  acc_out_reg[7]_i_1/CO[3]
                         net (fo=1, routed)           0.000     4.998    acc_out_reg[7]_i_1_n_0
    SLICE_X10Y52         CARRY4 (Prop_carry4_CI_CO[3])
                                                      0.117     5.115 r  acc_out_reg[11]_i_1/CO[3]
                         net (fo=1, routed)           0.000     5.115    acc_out_reg[11]_i_1_n_0
    SLICE_X10Y53         CARRY4 (Prop_carry4_CI_CO[3])
                                                      0.117     5.232 r  acc_out_reg[15]_i_1/CO[3]
                         net (fo=1, routed)           0.000     5.232    acc_out_reg[15]_i_1_n_0
    SLICE_X10Y54         CARRY4 (Prop_carry4_CI_CO[3])
                                                      0.117     5.349 r  acc_out_reg[19]_i_1/CO[3]
                         net (fo=1, routed)           0.000     5.349    acc_out_reg[19]_i_1_n_0
    SLICE_X10Y55         CARRY4 (Prop_carry4_CI_CO[3])
                                                      0.117     5.466 r  acc_out_reg[23]_i_1/CO[3]
                         net (fo=1, routed)           0.000     5.466    acc_out_reg[23]_i_1_n_0
    SLICE_X10Y56         CARRY4 (Prop_carry4_CI_CO[3])
                                                      0.117     5.583 r  acc_out_reg[27]_i_1/CO[3]
                         net (fo=1, routed)           0.000     5.583    acc_out_reg[27]_i_1_n_0
    SLICE_X10Y57         CARRY4 (Prop_carry4_CI_CO[3])
                                                      0.117     5.700 r  acc_out_reg[31]_i_1/CO[3]
                         net (fo=1, routed)           0.000     5.700    acc_out_reg[31]_i_1_n_0
    SLICE_X10Y58         CARRY4 (Prop_carry4_CI_CO[3])
                                                      0.117     5.817 r  acc_out_reg[35]_i_1/CO[3]
                         net (fo=1, routed)           0.000     5.817    acc_out_reg[35]_i_1_n_0
    SLICE_X10Y59         CARRY4 (Prop_carry4_CI_CO[3])
                                                      0.117     5.934 r  acc_out_reg[39]_i_1/CO[3]
                         net (fo=1, routed)           0.000     5.934    acc_out_reg[39]_i_1_n_0
    SLICE_X10Y60         CARRY4 (Prop_carry4_CI_O[2])
                                                      0.239     6.173 r  acc_out_reg[43]_i_1/O[2]
                         net (fo=1, routed)           0.000     6.173    p_2_in[42]
    SLICE_X10Y60         FDRE                                         r  acc_out_reg[42]/D
  -------------------------------------------------------------------    -------------------

                         (clock system_clk rise edge)
                                                     10.000    10.000 r  
                                                      0.000    10.000 r  clk (IN)
                         net (fo=48, unset)           0.924    10.924    clk
    SLICE_X10Y60         FDRE                                         r  acc_out_reg[42]/C
                         clock pessimism              0.000    10.924    
                         clock uncertainty           -0.035    10.889    
    SLICE_X10Y60         FDRE (Setup_fdre_C_D)        0.109    10.998    acc_out_reg[42]
  -------------------------------------------------------------------
                         required time                         10.998    
                         arrival time                          -6.173    
  -------------------------------------------------------------------
                         slack                                  4.825    

Slack (MET) :             4.845ns  (required time - arrival time)
  Source:                 acc_out_reg[2]/C
                            (rising edge-triggered cell FDRE clocked by system_clk  {rise@0.000ns fall@5.000ns period=10.000ns})
  Destination:            acc_out_reg[40]/D
                            (rising edge-triggered cell FDRE clocked by system_clk  {rise@0.000ns fall@5.000ns period=10.000ns})
  Path Group:             system_clk
  Path Type:              Setup (Max at Slow Process Corner)
  Requirement:            10.000ns  (system_clk rise@10.000ns - system_clk rise@0.000ns)
  Data Path Delay:        5.180ns  (logic 3.365ns (64.958%)  route 1.815ns (35.042%))
  Logic Levels:           14  (CARRY4=12 LUT4=2)
  Clock Path Skew:        -0.049ns (DCD - SCD + CPR)
    Destination Clock Delay (DCD):    0.924ns = ( 10.924 - 10.000 ) 
    Source Clock Delay      (SCD):    0.973ns
    Clock Pessimism Removal (CPR):    0.000ns
  Clock Uncertainty:      0.035ns  ((TSJ^2 + TIJ^2)^1/2 + DJ) / 2 + PE
    Total System Jitter     (TSJ):    0.071ns
    Total Input Jitter      (TIJ):    0.000ns
    Discrete Jitter          (DJ):    0.000ns
    Phase Error              (PE):    0.000ns

    Location             Delay type                Incr(ns)  Path(ns)    Netlist Resource(s)
  -------------------------------------------------------------------    -------------------
                         (clock system_clk rise edge)
                                                      0.000     0.000 r  
                                                      0.000     0.000 r  clk (IN)
                         net (fo=48, unset)           0.973     0.973    clk
    SLICE_X10Y50         FDRE                                         r  acc_out_reg[2]/C
  -------------------------------------------------------------------    -------------------
    SLICE_X10Y50         FDRE (Prop_fdre_C_Q)         0.518     1.491 r  acc_out_reg[2]/Q
                         net (fo=2, routed)           0.990     2.481    acc_out[2]
    SLICE_X11Y51         LUT4 (Prop_lut4_I0_O)        0.124     2.605 r  acc_out[3]_i_8/O
                         net (fo=1, routed)           0.000     2.605    acc_out[3]_i_8_n_0
    SLICE_X11Y51         CARRY4 (Prop_carry4_S[2]_CO[3])
                                                      0.398     3.003 r  acc_out_reg[3]_i_2/CO[3]
                         net (fo=1, routed)           0.000     3.003    acc_out_reg[3]_i_2_n_0
    SLICE_X11Y52         CARRY4 (Prop_carry4_CI_O[1])
                                                      0.334     3.337 r  acc_out_reg[7]_i_2/O[1]
                         net (fo=2, routed)           0.825     4.162    acc_out_reg[7]_i_2_n_6
    SLICE_X10Y51         LUT4 (Prop_lut4_I0_O)        0.303     4.465 r  acc_out[7]_i_5/O
                         net (fo=1, routed)           0.000     4.465    acc_out[7]_i_5_n_0
    SLICE_X10Y51         CARRY4 (Prop_carry4_S[1]_CO[3])
                                                      0.533     4.998 r  acc_out_reg[7]_i_1/CO[3]
                         net (fo=1, routed)           0.000     4.998    acc_out_reg[7]_i_1_n_0
    SLICE_X10Y52         CARRY4 (Prop_carry4_CI_CO[3])
                                                      0.117     5.115 r  acc_out_reg[11]_i_1/CO[3]
                         net (fo=1, routed)           0.000     5.115    acc_out_reg[11]_i_1_n_0
    SLICE_X10Y53         CARRY4 (Prop_carry4_CI_CO[3])
                                                      0.117     5.232 r  acc_out_reg[15]_i_1/CO[3]
                         net (fo=1, routed)           0.000     5.232    acc_out_reg[15]_i_1_n_0
    SLICE_X10Y54         CARRY4 (Prop_carry4_CI_CO[3])
                                                      0.117     5.349 r  acc_out_reg[19]_i_1/CO[3]
                         net (fo=1, routed)           0.000     5.349    acc_out_reg[19]_i_1_n_0
    SLICE_X10Y55         CARRY4 (Prop_carry4_CI_CO[3])
                                                      0.117     5.466 r  acc_out_reg[23]_i_1/CO[3]
                         net (fo=1, routed)           0.000     5.466    acc_out_reg[23]_i_1_n_0
    SLICE_X10Y56         CARRY4 (Prop_carry4_CI_CO[3])
                                                      0.117     5.583 r  acc_out_reg[27]_i_1/CO[3]
                         net (fo=1, routed)           0.000     5.583    acc_out_reg[27]_i_1_n_0
    SLICE_X10Y57         CARRY4 (Prop_carry4_CI_CO[3])
                                                      0.117     5.700 r  acc_out_reg[31]_i_1/CO[3]
                         net (fo=1, routed)           0.000     5.700    acc_out_reg[31]_i_1_n_0
    SLICE_X10Y58         CARRY4 (Prop_carry4_CI_CO[3])
                                                      0.117     5.817 r  acc_out_reg[35]_i_1/CO[3]
                         net (fo=1, routed)           0.000     5.817    acc_out_reg[35]_i_1_n_0
    SLICE_X10Y59         CARRY4 (Prop_carry4_CI_CO[3])
                                                      0.117     5.934 r  acc_out_reg[39]_i_1/CO[3]
                         net (fo=1, routed)           0.000     5.934    acc_out_reg[39]_i_1_n_0
    SLICE_X10Y60         CARRY4 (Prop_carry4_CI_O[0])
                                                      0.219     6.153 r  acc_out_reg[43]_i_1/O[0]
                         net (fo=1, routed)           0.000     6.153    p_2_in[40]
    SLICE_X10Y60         FDRE                                         r  acc_out_reg[40]/D
  -------------------------------------------------------------------    -------------------

                         (clock system_clk rise edge)
                                                     10.000    10.000 r  
                                                      0.000    10.000 r  clk (IN)
                         net (fo=48, unset)           0.924    10.924    clk
    SLICE_X10Y60         FDRE                                         r  acc_out_reg[40]/C
                         clock pessimism              0.000    10.924    
                         clock uncertainty           -0.035    10.889    
    SLICE_X10Y60         FDRE (Setup_fdre_C_D)        0.109    10.998    acc_out_reg[40]
  -------------------------------------------------------------------
                         required time                         10.998    
                         arrival time                          -6.153    
  -------------------------------------------------------------------
                         slack                                  4.845    

Slack (MET) :             4.858ns  (required time - arrival time)
  Source:                 acc_out_reg[2]/C
                            (rising edge-triggered cell FDRE clocked by system_clk  {rise@0.000ns fall@5.000ns period=10.000ns})
  Destination:            acc_out_reg[37]/D
                            (rising edge-triggered cell FDRE clocked by system_clk  {rise@0.000ns fall@5.000ns period=10.000ns})
  Path Group:             system_clk
  Path Type:              Setup (Max at Slow Process Corner)
  Requirement:            10.000ns  (system_clk rise@10.000ns - system_clk rise@0.000ns)
  Data Path Delay:        5.167ns  (logic 3.352ns (64.870%)  route 1.815ns (35.130%))
  Logic Levels:           13  (CARRY4=11 LUT4=2)
  Clock Path Skew:        -0.049ns (DCD - SCD + CPR)
    Destination Clock Delay (DCD):    0.924ns = ( 10.924 - 10.000 ) 
    Source Clock Delay      (SCD):    0.973ns
    Clock Pessimism Removal (CPR):    0.000ns
  Clock Uncertainty:      0.035ns  ((TSJ^2 + TIJ^2)^1/2 + DJ) / 2 + PE
    Total System Jitter     (TSJ):    0.071ns
    Total Input Jitter      (TIJ):    0.000ns
    Discrete Jitter          (DJ):    0.000ns
    Phase Error              (PE):    0.000ns

    Location             Delay type                Incr(ns)  Path(ns)    Netlist Resource(s)
  -------------------------------------------------------------------    -------------------
                         (clock system_clk rise edge)
                                                      0.000     0.000 r  
                                                      0.000     0.000 r  clk (IN)
                         net (fo=48, unset)           0.973     0.973    clk
    SLICE_X10Y50         FDRE                                         r  acc_out_reg[2]/C
  -------------------------------------------------------------------    -------------------
    SLICE_X10Y50         FDRE (Prop_fdre_C_Q)         0.518     1.491 r  acc_out_reg[2]/Q
                         net (fo=2, routed)           0.990     2.481    acc_out[2]
    SLICE_X11Y51         LUT4 (Prop_lut4_I0_O)        0.124     2.605 r  acc_out[3]_i_8/O
                         net (fo=1, routed)           0.000     2.605    acc_out[3]_i_8_n_0
    SLICE_X11Y51         CARRY4 (Prop_carry4_S[2]_CO[3])
                                                      0.398     3.003 r  acc_out_reg[3]_i_2/CO[3]
                         net (fo=1, routed)           0.000     3.003    acc_out_reg[3]_i_2_n_0
    SLICE_X11Y52         CARRY4 (Prop_carry4_CI_O[1])
                                                      0.334     3.337 r  acc_out_reg[7]_i_2/O[1]
                         net (fo=2, routed)           0.825     4.162    acc_out_reg[7]_i_2_n_6
    SLICE_X10Y51         LUT4 (Prop_lut4_I0_O)        0.303     4.465 r  acc_out[7]_i_5/O
                         net (fo=1, routed)           0.000     4.465    acc_out[7]_i_5_n_0
    SLICE_X10Y51         CARRY4 (Prop_carry4_S[1]_CO[3])
                                                      0.533     4.998 r  acc_out_reg[7]_i_1/CO[3]
                         net (fo=1, routed)           0.000     4.998    acc_out_reg[7]_i_1_n_0
    SLICE_X10Y52         CARRY4 (Prop_carry4_CI_CO[3])
                                                      0.117     5.115 r  acc_out_reg[11]_i_1/CO[3]
                         net (fo=1, routed)           0.000     5.115    acc_out_reg[11]_i_1_n_0
    SLICE_X10Y53         CARRY4 (Prop_carry4_CI_CO[3])
                                                      0.117     5.232 r  acc_out_reg[15]_i_1/CO[3]
                         net (fo=1, routed)           0.000     5.232    acc_out_reg[15]_i_1_n_0
    SLICE_X10Y54         CARRY4 (Prop_carry4_CI_CO[3])
                                                      0.117     5.349 r  acc_out_reg[19]_i_1/CO[3]
                         net (fo=1, routed)           0.000     5.349    acc_out_reg[19]_i_1_n_0
    SLICE_X10Y55         CARRY4 (Prop_carry4_CI_CO[3])
                                                      0.117     5.466 r  acc_out_reg[23]_i_1/CO[3]
                         net (fo=1, routed)           0.000     5.466    acc_out_reg[23]_i_1_n_0
    SLICE_X10Y56         CARRY4 (Prop_carry4_CI_CO[3])
                                                      0.117     5.583 r  acc_out_reg[27]_i_1/CO[3]
                         net (fo=1, routed)           0.000     5.583    acc_out_reg[27]_i_1_n_0
    SLICE_X10Y57         CARRY4 (Prop_carry4_CI_CO[3])
                                                      0.117     5.700 r  acc_out_reg[31]_i_1/CO[3]
                         net (fo=1, routed)           0.000     5.700    acc_out_reg[31]_i_1_n_0
    SLICE_X10Y58         CARRY4 (Prop_carry4_CI_CO[3])
                                                      0.117     5.817 r  acc_out_reg[35]_i_1/CO[3]
                         net (fo=1, routed)           0.000     5.817    acc_out_reg[35]_i_1_n_0
    SLICE_X10Y59         CARRY4 (Prop_carry4_CI_O[1])
                                                      0.323     6.140 r  acc_out_reg[39]_i_1/O[1]
                         net (fo=1, routed)           0.000     6.140    p_2_in[37]
    SLICE_X10Y59         FDRE                                         r  acc_out_reg[37]/D
  -------------------------------------------------------------------    -------------------

                         (clock system_clk rise edge)
                                                     10.000    10.000 r  
                                                      0.000    10.000 r  clk (IN)
                         net (fo=48, unset)           0.924    10.924    clk
    SLICE_X10Y59         FDRE                                         r  acc_out_reg[37]/C
                         clock pessimism              0.000    10.924    
                         clock uncertainty           -0.035    10.889    
    SLICE_X10Y59         FDRE (Setup_fdre_C_D)        0.109    10.998    acc_out_reg[37]
  -------------------------------------------------------------------
                         required time                         10.998    
                         arrival time                          -6.140    
  -------------------------------------------------------------------
                         slack                                  4.858    

Slack (MET) :             4.866ns  (required time - arrival time)
  Source:                 acc_out_reg[2]/C
                            (rising edge-triggered cell FDRE clocked by system_clk  {rise@0.000ns fall@5.000ns period=10.000ns})
  Destination:            acc_out_reg[39]/D
                            (rising edge-triggered cell FDRE clocked by system_clk  {rise@0.000ns fall@5.000ns period=10.000ns})
  Path Group:             system_clk
  Path Type:              Setup (Max at Slow Process Corner)
  Requirement:            10.000ns  (system_clk rise@10.000ns - system_clk rise@0.000ns)
  Data Path Delay:        5.159ns  (logic 3.344ns (64.816%)  route 1.815ns (35.184%))
  Logic Levels:           13  (CARRY4=11 LUT4=2)
  Clock Path Skew:        -0.049ns (DCD - SCD + CPR)
    Destination Clock Delay (DCD):    0.924ns = ( 10.924 - 10.000 ) 
    Source Clock Delay      (SCD):    0.973ns
    Clock Pessimism Removal (CPR):    0.000ns
  Clock Uncertainty:      0.035ns  ((TSJ^2 + TIJ^2)^1/2 + DJ) / 2 + PE
    Total System Jitter     (TSJ):    0.071ns
    Total Input Jitter      (TIJ):    0.000ns
    Discrete Jitter          (DJ):    0.000ns
    Phase Error              (PE):    0.000ns

    Location             Delay type                Incr(ns)  Path(ns)    Netlist Resource(s)
  -------------------------------------------------------------------    -------------------
                         (clock system_clk rise edge)
                                                      0.000     0.000 r  
                                                      0.000     0.000 r  clk (IN)
                         net (fo=48, unset)           0.973     0.973    clk
    SLICE_X10Y50         FDRE                                         r  acc_out_reg[2]/C
  -------------------------------------------------------------------    -------------------
    SLICE_X10Y50         FDRE (Prop_fdre_C_Q)         0.518     1.491 r  acc_out_reg[2]/Q
                         net (fo=2, routed)           0.990     2.481    acc_out[2]
    SLICE_X11Y51         LUT4 (Prop_lut4_I0_O)        0.124     2.605 r  acc_out[3]_i_8/O
                         net (fo=1, routed)           0.000     2.605    acc_out[3]_i_8_n_0
    SLICE_X11Y51         CARRY4 (Prop_carry4_S[2]_CO[3])
                                                      0.398     3.003 r  acc_out_reg[3]_i_2/CO[3]
                         net (fo=1, routed)           0.000     3.003    acc_out_reg[3]_i_2_n_0
    SLICE_X11Y52         CARRY4 (Prop_carry4_CI_O[1])
                                                      0.334     3.337 r  acc_out_reg[7]_i_2/O[1]
                         net (fo=2, routed)           0.825     4.162    acc_out_reg[7]_i_2_n_6
    SLICE_X10Y51         LUT4 (Prop_lut4_I0_O)        0.303     4.465 r  acc_out[7]_i_5/O
                         net (fo=1, routed)           0.000     4.465    acc_out[7]_i_5_n_0
    SLICE_X10Y51         CARRY4 (Prop_carry4_S[1]_CO[3])
                                                      0.533     4.998 r  acc_out_reg[7]_i_1/CO[3]
                         net (fo=1, routed)           0.000     4.998    acc_out_reg[7]_i_1_n_0
    SLICE_X10Y52         CARRY4 (Prop_carry4_CI_CO[3])
                                                      0.117     5.115 r  acc_out_reg[11]_i_1/CO[3]
                         net (fo=1, routed)           0.000     5.115    acc_out_reg[11]_i_1_n_0
    SLICE_X10Y53         CARRY4 (Prop_carry4_CI_CO[3])
                                                      0.117     5.232 r  acc_out_reg[15]_i_1/CO[3]
                         net (fo=1, routed)           0.000     5.232    acc_out_reg[15]_i_1_n_0
    SLICE_X10Y54         CARRY4 (Prop_carry4_CI_CO[3])
                                                      0.117     5.349 r  acc_out_reg[19]_i_1/CO[3]
                         net (fo=1, routed)           0.000     5.349    acc_out_reg[19]_i_1_n_0
    SLICE_X10Y55         CARRY4 (Prop_carry4_CI_CO[3])
                                                      0.117     5.466 r  acc_out_reg[23]_i_1/CO[3]
                         net (fo=1, routed)           0.000     5.466    acc_out_reg[23]_i_1_n_0
    SLICE_X10Y56         CARRY4 (Prop_carry4_CI_CO[3])
                                                      0.117     5.583 r  acc_out_reg[27]_i_1/CO[3]
                         net (fo=1, routed)           0.000     5.583    acc_out_reg[27]_i_1_n_0
    SLICE_X10Y57         CARRY4 (Prop_carry4_CI_CO[3])
                                                      0.117     5.700 r  acc_out_reg[31]_i_1/CO[3]
                         net (fo=1, routed)           0.000     5.700    acc_out_reg[31]_i_1_n_0
    SLICE_X10Y58         CARRY4 (Prop_carry4_CI_CO[3])
                                                      0.117     5.817 r  acc_out_reg[35]_i_1/CO[3]
                         net (fo=1, routed)           0.000     5.817    acc_out_reg[35]_i_1_n_0
    SLICE_X10Y59         CARRY4 (Prop_carry4_CI_O[3])
                                                      0.315     6.132 r  acc_out_reg[39]_i_1/O[3]
                         net (fo=1, routed)           0.000     6.132    p_2_in[39]
    SLICE_X10Y59         FDRE                                         r  acc_out_reg[39]/D
  -------------------------------------------------------------------    -------------------

                         (clock system_clk rise edge)
                                                     10.000    10.000 r  
                                                      0.000    10.000 r  clk (IN)
                         net (fo=48, unset)           0.924    10.924    clk
    SLICE_X10Y59         FDRE                                         r  acc_out_reg[39]/C
                         clock pessimism              0.000    10.924    
                         clock uncertainty           -0.035    10.889    
    SLICE_X10Y59         FDRE (Setup_fdre_C_D)        0.109    10.998    acc_out_reg[39]
  -------------------------------------------------------------------
                         required time                         10.998    
                         arrival time                          -6.132    
  -------------------------------------------------------------------
                         slack                                  4.866    





Pulse Width Checks
--------------------------------------------------------------------------------------
Clock Name:         system_clk
Waveform(ns):       { 0.000 5.000 }
Period(ns):         10.000
Sources:            { clk }

Check Type        Corner  Lib Pin  Reference Pin  Required(ns)  Actual(ns)  Slack(ns)  Location      Pin
Min Period        n/a     FDRE/C   n/a            1.000         10.000      9.000      SLICE_X10Y50  acc_out_reg[0]/C
Min Period        n/a     FDRE/C   n/a            1.000         10.000      9.000      SLICE_X10Y52  acc_out_reg[10]/C
Min Period        n/a     FDRE/C   n/a            1.000         10.000      9.000      SLICE_X10Y52  acc_out_reg[11]/C
Min Period        n/a     FDRE/C   n/a            1.000         10.000      9.000      SLICE_X10Y53  acc_out_reg[12]/C
Min Period        n/a     FDRE/C   n/a            1.000         10.000      9.000      SLICE_X10Y53  acc_out_reg[13]/C
Min Period        n/a     FDRE/C   n/a            1.000         10.000      9.000      SLICE_X10Y53  acc_out_reg[14]/C
Min Period        n/a     FDRE/C   n/a            1.000         10.000      9.000      SLICE_X10Y53  acc_out_reg[15]/C
Min Period        n/a     FDRE/C   n/a            1.000         10.000      9.000      SLICE_X10Y54  acc_out_reg[16]/C
Min Period        n/a     FDRE/C   n/a            1.000         10.000      9.000      SLICE_X10Y54  acc_out_reg[17]/C
Min Period        n/a     FDRE/C   n/a            1.000         10.000      9.000      SLICE_X10Y54  acc_out_reg[18]/C
Low Pulse Width   Slow    FDRE/C   n/a            0.500         5.000       4.500      SLICE_X10Y50  acc_out_reg[0]/C
Low Pulse Width   Fast    FDRE/C   n/a            0.500         5.000       4.500      SLICE_X10Y50  acc_out_reg[0]/C
Low Pulse Width   Slow    FDRE/C   n/a            0.500         5.000       4.500      SLICE_X10Y52  acc_out_reg[10]/C
Low Pulse Width   Fast    FDRE/C   n/a            0.500         5.000       4.500      SLICE_X10Y52  acc_out_reg[10]/C
Low Pulse Width   Slow    FDRE/C   n/a            0.500         5.000       4.500      SLICE_X10Y52  acc_out_reg[11]/C
Low Pulse Width   Fast    FDRE/C   n/a            0.500         5.000       4.500      SLICE_X10Y52  acc_out_reg[11]/C
Low Pulse Width   Slow    FDRE/C   n/a            0.500         5.000       4.500      SLICE_X10Y53  acc_out_reg[12]/C
Low Pulse Width   Fast    FDRE/C   n/a            0.500         5.000       4.500      SLICE_X10Y53  acc_out_reg[12]/C
Low Pulse Width   Slow    FDRE/C   n/a            0.500         5.000       4.500      SLICE_X10Y53  acc_out_reg[13]/C
Low Pulse Width   Fast    FDRE/C   n/a            0.500         5.000       4.500      SLICE_X10Y53  acc_out_reg[13]/C
High Pulse Width  Slow    FDRE/C   n/a            0.500         5.000       4.500      SLICE_X10Y50  acc_out_reg[0]/C
High Pulse Width  Fast    FDRE/C   n/a            0.500         5.000       4.500      SLICE_X10Y50  acc_out_reg[0]/C
High Pulse Width  Slow    FDRE/C   n/a            0.500         5.000       4.500      SLICE_X10Y52  acc_out_reg[10]/C
High Pulse Width  Fast    FDRE/C   n/a            0.500         5.000       4.500      SLICE_X10Y52  acc_out_reg[10]/C
High Pulse Width  Slow    FDRE/C   n/a            0.500         5.000       4.500      SLICE_X10Y52  acc_out_reg[11]/C
High Pulse Width  Fast    FDRE/C   n/a            0.500         5.000       4.500      SLICE_X10Y52  acc_out_reg[11]/C
High Pulse Width  Slow    FDRE/C   n/a            0.500         5.000       4.500      SLICE_X10Y53  acc_out_reg[12]/C
High Pulse Width  Fast    FDRE/C   n/a            0.500         5.000       4.500      SLICE_X10Y53  acc_out_reg[12]/C
High Pulse Width  Slow    FDRE/C   n/a            0.500         5.000       4.500      SLICE_X10Y53  acc_out_reg[13]/C
High Pulse Width  Fast    FDRE/C   n/a            0.500         5.000       4.500      SLICE_X10Y53  acc_out_reg[13]/C



--------------------------------------------------------------------------------------
Path Group:  (none)
From Clock:  system_clk
  To Clock:  

Max Delay            49 Endpoints
Min Delay             0 Endpoints
--------------------------------------------------------------------------------------


Max Delay Paths
--------------------------------------------------------------------------------------
Slack:                    inf
  Source:                 acc_out_reg[0]/C
                            (rising edge-triggered cell FDRE clocked by system_clk  {rise@0.000ns fall@5.000ns period=10.000ns})
  Destination:            acc_out[0]
                            (output port)
  Path Group:             (none)
  Path Type:              Max at Slow Process Corner
  Data Path Delay:        1.491ns  (logic 0.518ns (34.742%)  route 0.973ns (65.258%))
  Logic Levels:           0  
  Clock Uncertainty:      0.025ns  ((TSJ^2 + TIJ^2)^1/2 + DJ) / 2 + PE
    Total System Jitter     (TSJ):    0.050ns
    Total Input Jitter      (TIJ):    0.000ns
    Discrete Jitter          (DJ):    0.000ns
    Phase Error              (PE):    0.000ns

    Location             Delay type                Incr(ns)  Path(ns)    Netlist Resource(s)
  -------------------------------------------------------------------    -------------------
                         (clock system_clk rise edge)
                                                      0.000     0.000 r  
                                                      0.000     0.000 r  clk (IN)
                         net (fo=48, unset)           0.973     0.973    clk
    SLICE_X10Y50         FDRE                                         r  acc_out_reg[0]/C
  -------------------------------------------------------------------    -------------------
    SLICE_X10Y50         FDRE (Prop_fdre_C_Q)         0.518     1.491 r  acc_out_reg[0]/Q
                         net (fo=2, unset)            0.973     2.464    acc_out[0]
                                                                      r  acc_out[0] (OUT)
  -------------------------------------------------------------------    -------------------

Slack:                    inf
  Source:                 acc_out_reg[10]/C
                            (rising edge-triggered cell FDRE clocked by system_clk  {rise@0.000ns fall@5.000ns period=10.000ns})
  Destination:            acc_out[10]
                            (output port)
  Path Group:             (none)
  Path Type:              Max at Slow Process Corner
  Data Path Delay:        1.491ns  (logic 0.518ns (34.742%)  route 0.973ns (65.258%))
  Logic Levels:           0  
  Clock Uncertainty:      0.025ns  ((TSJ^2 + TIJ^2)^1/2 + DJ) / 2 + PE
    Total System Jitter     (TSJ):    0.050ns
    Total Input Jitter      (TIJ):    0.000ns
    Discrete Jitter          (DJ):    0.000ns
    Phase Error              (PE):    0.000ns

    Location             Delay type                Incr(ns)  Path(ns)    Netlist Resource(s)
  -------------------------------------------------------------------    -------------------
                         (clock system_clk rise edge)
                                                      0.000     0.000 r  
                                                      0.000     0.000 r  clk (IN)
                         net (fo=48, unset)           0.973     0.973    clk
    SLICE_X10Y52         FDRE                                         r  acc_out_reg[10]/C
  -------------------------------------------------------------------    -------------------
    SLICE_X10Y52         FDRE (Prop_fdre_C_Q)         0.518     1.491 r  acc_out_reg[10]/Q
                         net (fo=2, unset)            0.973     2.464    acc_out[10]
                                                                      r  acc_out[10] (OUT)
  -------------------------------------------------------------------    -------------------

Slack:                    inf
  Source:                 acc_out_reg[11]/C
                            (rising edge-triggered cell FDRE clocked by system_clk  {rise@0.000ns fall@5.000ns period=10.000ns})
  Destination:            acc_out[11]
                            (output port)
  Path Group:             (none)
  Path Type:              Max at Slow Process Corner
  Data Path Delay:        1.491ns  (logic 0.518ns (34.742%)  route 0.973ns (65.258%))
  Logic Levels:           0  
  Clock Uncertainty:      0.025ns  ((TSJ^2 + TIJ^2)^1/2 + DJ) / 2 + PE
    Total System Jitter     (TSJ):    0.050ns
    Total Input Jitter      (TIJ):    0.000ns
    Discrete Jitter          (DJ):    0.000ns
    Phase Error              (PE):    0.000ns

    Location             Delay type                Incr(ns)  Path(ns)    Netlist Resource(s)
  -------------------------------------------------------------------    -------------------
                         (clock system_clk rise edge)
                                                      0.000     0.000 r  
                                                      0.000     0.000 r  clk (IN)
                         net (fo=48, unset)           0.973     0.973    clk
    SLICE_X10Y52         FDRE                                         r  acc_out_reg[11]/C
  -------------------------------------------------------------------    -------------------
    SLICE_X10Y52         FDRE (Prop_fdre_C_Q)         0.518     1.491 r  acc_out_reg[11]/Q
                         net (fo=2, unset)            0.973     2.464    acc_out[11]
                                                                      r  acc_out[11] (OUT)
  -------------------------------------------------------------------    -------------------

Slack:                    inf
  Source:                 acc_out_reg[12]/C
                            (rising edge-triggered cell FDRE clocked by system_clk  {rise@0.000ns fall@5.000ns period=10.000ns})
  Destination:            acc_out[12]
                            (output port)
  Path Group:             (none)
  Path Type:              Max at Slow Process Corner
  Data Path Delay:        1.491ns  (logic 0.518ns (34.742%)  route 0.973ns (65.258%))
  Logic Levels:           0  
  Clock Uncertainty:      0.025ns  ((TSJ^2 + TIJ^2)^1/2 + DJ) / 2 + PE
    Total System Jitter     (TSJ):    0.050ns
    Total Input Jitter      (TIJ):    0.000ns
    Discrete Jitter          (DJ):    0.000ns
    Phase Error              (PE):    0.000ns

    Location             Delay type                Incr(ns)  Path(ns)    Netlist Resource(s)
  -------------------------------------------------------------------    -------------------
                         (clock system_clk rise edge)
                                                      0.000     0.000 r  
                                                      0.000     0.000 r  clk (IN)
                         net (fo=48, unset)           0.973     0.973    clk
    SLICE_X10Y53         FDRE                                         r  acc_out_reg[12]/C
  -------------------------------------------------------------------    -------------------
    SLICE_X10Y53         FDRE (Prop_fdre_C_Q)         0.518     1.491 r  acc_out_reg[12]/Q
                         net (fo=2, unset)            0.973     2.464    acc_out[12]
                                                                      r  acc_out[12] (OUT)
  -------------------------------------------------------------------    -------------------

Slack:                    inf
  Source:                 acc_out_reg[13]/C
                            (rising edge-triggered cell FDRE clocked by system_clk  {rise@0.000ns fall@5.000ns period=10.000ns})
  Destination:            acc_out[13]
                            (output port)
  Path Group:             (none)
  Path Type:              Max at Slow Process Corner
  Data Path Delay:        1.491ns  (logic 0.518ns (34.742%)  route 0.973ns (65.258%))
  Logic Levels:           0  
  Clock Uncertainty:      0.025ns  ((TSJ^2 + TIJ^2)^1/2 + DJ) / 2 + PE
    Total System Jitter     (TSJ):    0.050ns
    Total Input Jitter      (TIJ):    0.000ns
    Discrete Jitter          (DJ):    0.000ns
    Phase Error              (PE):    0.000ns

    Location             Delay type                Incr(ns)  Path(ns)    Netlist Resource(s)
  -------------------------------------------------------------------    -------------------
                         (clock system_clk rise edge)
                                                      0.000     0.000 r  
                                                      0.000     0.000 r  clk (IN)
                         net (fo=48, unset)           0.973     0.973    clk
    SLICE_X10Y53         FDRE                                         r  acc_out_reg[13]/C
  -------------------------------------------------------------------    -------------------
    SLICE_X10Y53         FDRE (Prop_fdre_C_Q)         0.518     1.491 r  acc_out_reg[13]/Q
                         net (fo=2, unset)            0.973     2.464    acc_out[13]
                                                                      r  acc_out[13] (OUT)
  -------------------------------------------------------------------    -------------------

Slack:                    inf
  Source:                 acc_out_reg[14]/C
                            (rising edge-triggered cell FDRE clocked by system_clk  {rise@0.000ns fall@5.000ns period=10.000ns})
  Destination:            acc_out[14]
                            (output port)
  Path Group:             (none)
  Path Type:              Max at Slow Process Corner
  Data Path Delay:        1.491ns  (logic 0.518ns (34.742%)  route 0.973ns (65.258%))
  Logic Levels:           0  
  Clock Uncertainty:      0.025ns  ((TSJ^2 + TIJ^2)^1/2 + DJ) / 2 + PE
    Total System Jitter     (TSJ):    0.050ns
    Total Input Jitter      (TIJ):    0.000ns
    Discrete Jitter          (DJ):    0.000ns
    Phase Error              (PE):    0.000ns

    Location             Delay type                Incr(ns)  Path(ns)    Netlist Resource(s)
  -------------------------------------------------------------------    -------------------
                         (clock system_clk rise edge)
                                                      0.000     0.000 r  
                                                      0.000     0.000 r  clk (IN)
                         net (fo=48, unset)           0.973     0.973    clk
    SLICE_X10Y53         FDRE                                         r  acc_out_reg[14]/C
  -------------------------------------------------------------------    -------------------
    SLICE_X10Y53         FDRE (Prop_fdre_C_Q)         0.518     1.491 r  acc_out_reg[14]/Q
                         net (fo=2, unset)            0.973     2.464    acc_out[14]
                                                                      r  acc_out[14] (OUT)
  -------------------------------------------------------------------    -------------------

Slack:                    inf
  Source:                 acc_out_reg[15]/C
                            (rising edge-triggered cell FDRE clocked by system_clk  {rise@0.000ns fall@5.000ns period=10.000ns})
  Destination:            acc_out[15]
                            (output port)
  Path Group:             (none)
  Path Type:              Max at Slow Process Corner
  Data Path Delay:        1.491ns  (logic 0.518ns (34.742%)  route 0.973ns (65.258%))
  Logic Levels:           0  
  Clock Uncertainty:      0.025ns  ((TSJ^2 + TIJ^2)^1/2 + DJ) / 2 + PE
    Total System Jitter     (TSJ):    0.050ns
    Total Input Jitter      (TIJ):    0.000ns
    Discrete Jitter          (DJ):    0.000ns
    Phase Error              (PE):    0.000ns

    Location             Delay type                Incr(ns)  Path(ns)    Netlist Resource(s)
  -------------------------------------------------------------------    -------------------
                         (clock system_clk rise edge)
                                                      0.000     0.000 r  
                                                      0.000     0.000 r  clk (IN)
                         net (fo=48, unset)           0.973     0.973    clk
    SLICE_X10Y53         FDRE                                         r  acc_out_reg[15]/C
  -------------------------------------------------------------------    -------------------
    SLICE_X10Y53         FDRE (Prop_fdre_C_Q)         0.518     1.491 r  acc_out_reg[15]/Q
                         net (fo=2, unset)            0.973     2.464    acc_out[15]
                                                                      r  acc_out[15] (OUT)
  -------------------------------------------------------------------    -------------------

Slack:                    inf
  Source:                 acc_out_reg[16]/C
                            (rising edge-triggered cell FDRE clocked by system_clk  {rise@0.000ns fall@5.000ns period=10.000ns})
  Destination:            acc_out[16]
                            (output port)
  Path Group:             (none)
  Path Type:              Max at Slow Process Corner
  Data Path Delay:        1.491ns  (logic 0.518ns (34.742%)  route 0.973ns (65.258%))
  Logic Levels:           0  
  Clock Uncertainty:      0.025ns  ((TSJ^2 + TIJ^2)^1/2 + DJ) / 2 + PE
    Total System Jitter     (TSJ):    0.050ns
    Total Input Jitter      (TIJ):    0.000ns
    Discrete Jitter          (DJ):    0.000ns
    Phase Error              (PE):    0.000ns

    Location             Delay type                Incr(ns)  Path(ns)    Netlist Resource(s)
  -------------------------------------------------------------------    -------------------
                         (clock system_clk rise edge)
                                                      0.000     0.000 r  
                                                      0.000     0.000 r  clk (IN)
                         net (fo=48, unset)           0.973     0.973    clk
    SLICE_X10Y54         FDRE                                         r  acc_out_reg[16]/C
  -------------------------------------------------------------------    -------------------
    SLICE_X10Y54         FDRE (Prop_fdre_C_Q)         0.518     1.491 r  acc_out_reg[16]/Q
                         net (fo=2, unset)            0.973     2.464    acc_out[16]
                                                                      r  acc_out[16] (OUT)
  -------------------------------------------------------------------    -------------------

Slack:                    inf
  Source:                 acc_out_reg[17]/C
                            (rising edge-triggered cell FDRE clocked by system_clk  {rise@0.000ns fall@5.000ns period=10.000ns})
  Destination:            acc_out[17]
                            (output port)
  Path Group:             (none)
  Path Type:              Max at Slow Process Corner
  Data Path Delay:        1.491ns  (logic 0.518ns (34.742%)  route 0.973ns (65.258%))
  Logic Levels:           0  
  Clock Uncertainty:      0.025ns  ((TSJ^2 + TIJ^2)^1/2 + DJ) / 2 + PE
    Total System Jitter     (TSJ):    0.050ns
    Total Input Jitter      (TIJ):    0.000ns
    Discrete Jitter          (DJ):    0.000ns
    Phase Error              (PE):    0.000ns

    Location             Delay type                Incr(ns)  Path(ns)    Netlist Resource(s)
  -------------------------------------------------------------------    -------------------
                         (clock system_clk rise edge)
                                                      0.000     0.000 r  
                                                      0.000     0.000 r  clk (IN)
                         net (fo=48, unset)           0.973     0.973    clk
    SLICE_X10Y54         FDRE                                         r  acc_out_reg[17]/C
  -------------------------------------------------------------------    -------------------
    SLICE_X10Y54         FDRE (Prop_fdre_C_Q)         0.518     1.491 r  acc_out_reg[17]/Q
                         net (fo=2, unset)            0.973     2.464    acc_out[17]
                                                                      r  acc_out[17] (OUT)
  -------------------------------------------------------------------    -------------------

Slack:                    inf
  Source:                 acc_out_reg[18]/C
                            (rising edge-triggered cell FDRE clocked by system_clk  {rise@0.000ns fall@5.000ns period=10.000ns})
  Destination:            acc_out[18]
                            (output port)
  Path Group:             (none)
  Path Type:              Max at Slow Process Corner
  Data Path Delay:        1.491ns  (logic 0.518ns (34.742%)  route 0.973ns (65.258%))
  Logic Levels:           0  
  Clock Uncertainty:      0.025ns  ((TSJ^2 + TIJ^2)^1/2 + DJ) / 2 + PE
    Total System Jitter     (TSJ):    0.050ns
    Total Input Jitter      (TIJ):    0.000ns
    Discrete Jitter          (DJ):    0.000ns
    Phase Error              (PE):    0.000ns

    Location             Delay type                Incr(ns)  Path(ns)    Netlist Resource(s)
  -------------------------------------------------------------------    -------------------
                         (clock system_clk rise edge)
                                                      0.000     0.000 r  
                                                      0.000     0.000 r  clk (IN)
                         net (fo=48, unset)           0.973     0.973    clk
    SLICE_X10Y54         FDRE                                         r  acc_out_reg[18]/C
  -------------------------------------------------------------------    -------------------
    SLICE_X10Y54         FDRE (Prop_fdre_C_Q)         0.518     1.491 r  acc_out_reg[18]/Q
                         net (fo=2, unset)            0.973     2.464    acc_out[18]
                                                                      r  acc_out[18] (OUT)
  -------------------------------------------------------------------    -------------------





--------------------------------------------------------------------------------------
Path Group:  (none)
From Clock:  
  To Clock:  system_clk

Max Delay           145 Endpoints
Min Delay             0 Endpoints
--------------------------------------------------------------------------------------


Max Delay Paths
--------------------------------------------------------------------------------------
Slack:                    inf
  Source:                 precision_mode
                            (input port)
  Destination:            acc_out_reg[45]/D
                            (rising edge-triggered cell FDRE clocked by system_clk  {rise@0.000ns fall@5.000ns period=10.000ns})
  Path Group:             (none)
  Path Type:              Setup (Max at Slow Process Corner)
  Data Path Delay:        21.686ns  (logic 8.190ns (37.766%)  route 13.496ns (62.234%))
  Logic Levels:           24  (CARRY4=5 DSP48E1=1 LUT3=1 LUT4=2 LUT5=14 LUT6=1)
  Clock Path Skew:        0.924ns (DCD - SCD + CPR)
    Destination Clock Delay (DCD):    0.924ns
    Source Clock Delay      (SCD):    0.000ns
    Clock Pessimism Removal (CPR):    0.000ns
  Clock Uncertainty:      0.025ns  ((TSJ^2 + TIJ^2)^1/2 + DJ) / 2 + PE
    Total System Jitter     (TSJ):    0.050ns
    Total Input Jitter      (TIJ):    0.000ns
    Discrete Jitter          (DJ):    0.000ns
    Phase Error              (PE):    0.000ns

    Location             Delay type                Incr(ns)  Path(ns)    Netlist Resource(s)
  -------------------------------------------------------------------    -------------------
                                                      0.000     0.000 r  precision_mode (IN)
                         net (fo=63, unset)           0.973     0.973    precision_mode
    SLICE_X12Y56         LUT3 (Prop_lut3_I1_O)        0.150     1.123 r  product[3]_i_9/O
                         net (fo=15, routed)          0.836     1.959    product[3]_i_9_n_0
    DSP48_X0Y23          DSP48E1 (Prop_dsp48e1_A[26]_P[0])
                                                      4.045     6.004 r  product[3]/P[0]
                         net (fo=4, routed)           1.548     7.552    product[3]__0[0]
    SLICE_X12Y51         LUT6 (Prop_lut6_I2_O)        0.124     7.676 r  acc_out[7]_i_14/O
                         net (fo=3, routed)           1.415     9.092    acc_out[7]_i_14_n_0
    SLICE_X9Y52          LUT5 (Prop_lut5_I2_O)        0.124     9.216 r  acc_out[7]_i_13/O
                         net (fo=3, routed)           0.679     9.894    acc_out[7]_i_13_n_0
    SLICE_X9Y52          LUT5 (Prop_lut5_I2_O)        0.124    10.018 r  acc_out[11]_i_14/O
                         net (fo=3, routed)           0.810    10.828    acc_out[11]_i_14_n_0
    SLICE_X9Y53          LUT5 (Prop_lut5_I2_O)        0.124    10.952 r  acc_out[11]_i_13/O
                         net (fo=3, routed)           0.677    11.629    acc_out[11]_i_13_n_0
    SLICE_X9Y53          LUT5 (Prop_lut5_I2_O)        0.124    11.753 r  acc_out[15]_i_14/O
                         net (fo=3, routed)           0.320    12.073    acc_out[15]_i_14_n_0
    SLICE_X9Y54          LUT5 (Prop_lut5_I2_O)        0.124    12.197 r  acc_out[15]_i_13/O
                         net (fo=3, routed)           0.677    12.874    acc_out[15]_i_13_n_0
    SLICE_X9Y54          LUT5 (Prop_lut5_I2_O)        0.124    12.998 r  acc_out[19]_i_14/O
                         net (fo=3, routed)           0.318    13.315    acc_out[19]_i_14_n_0
    SLICE_X9Y55          LUT5 (Prop_lut5_I2_O)        0.124    13.439 r  acc_out[19]_i_13/O
                         net (fo=3, routed)           0.677    14.116    acc_out[19]_i_13_n_0
    SLICE_X9Y55          LUT5 (Prop_lut5_I2_O)        0.124    14.240 r  acc_out[23]_i_14/O
                         net (fo=3, routed)           0.308    14.548    acc_out[23]_i_14_n_0
    SLICE_X9Y56          LUT5 (Prop_lut5_I2_O)        0.124    14.672 r  acc_out[23]_i_13/O
                         net (fo=3, routed)           0.677    15.348    acc_out[23]_i_13_n_0
    SLICE_X9Y56          LUT5 (Prop_lut5_I2_O)        0.124    15.472 r  acc_out[27]_i_14/O
                         net (fo=3, routed)           0.318    15.790    acc_out[27]_i_14_n_0
    SLICE_X9Y57          LUT5 (Prop_lut5_I2_O)        0.124    15.914 r  acc_out[27]_i_13/O
                         net (fo=3, routed)           0.677    16.590    acc_out[27]_i_13_n_0
    SLICE_X9Y57          LUT5 (Prop_lut5_I2_O)        0.124    16.714 r  acc_out[31]_i_14/O
                         net (fo=3, routed)           0.305    17.020    acc_out[31]_i_14_n_0
    SLICE_X9Y58          LUT5 (Prop_lut5_I2_O)        0.124    17.144 r  acc_out[31]_i_13/O
                         net (fo=3, routed)           0.276    17.419    acc_out[31]_i_13_n_0
    SLICE_X9Y58          LUT5 (Prop_lut5_I2_O)        0.124    17.543 r  acc_out[47]_i_14/O
                         net (fo=17, routed)          1.183    18.726    acc_out[47]_i_14_n_0
    SLICE_X11Y59         LUT4 (Prop_lut4_I1_O)        0.124    18.850 r  acc_out[35]_i_7/O
                         net (fo=1, routed)           0.000    18.850    acc_out[35]_i_7_n_0
    SLICE_X11Y59         CARRY4 (Prop_carry4_S[3]_CO[3])
                                                      0.401    19.251 r  acc_out_reg[35]_i_2/CO[3]
                         net (fo=1, routed)           0.000    19.251    acc_out_reg[35]_i_2_n_0
    SLICE_X11Y60         CARRY4 (Prop_carry4_CI_O[1])
                                                      0.334    19.585 r  acc_out_reg[39]_i_2/O[1]
                         net (fo=2, routed)           0.825    20.410    acc_out_reg[39]_i_2_n_6
    SLICE_X10Y59         LUT4 (Prop_lut4_I0_O)        0.303    20.713 r  acc_out[39]_i_5/O
                         net (fo=1, routed)           0.000    20.713    acc_out[39]_i_5_n_0
    SLICE_X10Y59         CARRY4 (Prop_carry4_S[1]_CO[3])
                                                      0.533    21.246 r  acc_out_reg[39]_i_1/CO[3]
                         net (fo=1, routed)           0.000    21.246    acc_out_reg[39]_i_1_n_0
    SLICE_X10Y60         CARRY4 (Prop_carry4_CI_CO[3])
                                                      0.117    21.363 r  acc_out_reg[43]_i_1/CO[3]
                         net (fo=1, routed)           0.000    21.363    acc_out_reg[43]_i_1_n_0
    SLICE_X10Y61         CARRY4 (Prop_carry4_CI_O[1])
                                                      0.323    21.686 r  acc_out_reg[47]_i_3/O[1]
                         net (fo=1, routed)           0.000    21.686    p_2_in[45]
    SLICE_X10Y61         FDRE                                         r  acc_out_reg[45]/D
  -------------------------------------------------------------------    -------------------

                         (clock system_clk rise edge)
                                                      0.000     0.000 r  
                                                      0.000     0.000 r  clk (IN)
                         net (fo=48, unset)           0.924     0.924    clk
    SLICE_X10Y61         FDRE                                         r  acc_out_reg[45]/C

Slack:                    inf
  Source:                 precision_mode
                            (input port)
  Destination:            acc_out_reg[47]/D
                            (rising edge-triggered cell FDRE clocked by system_clk  {rise@0.000ns fall@5.000ns period=10.000ns})
  Path Group:             (none)
  Path Type:              Setup (Max at Slow Process Corner)
  Data Path Delay:        21.678ns  (logic 8.182ns (37.743%)  route 13.496ns (62.257%))
  Logic Levels:           24  (CARRY4=5 DSP48E1=1 LUT3=1 LUT4=2 LUT5=14 LUT6=1)
  Clock Path Skew:        0.924ns (DCD - SCD + CPR)
    Destination Clock Delay (DCD):    0.924ns
    Source Clock Delay      (SCD):    0.000ns
    Clock Pessimism Removal (CPR):    0.000ns
  Clock Uncertainty:      0.025ns  ((TSJ^2 + TIJ^2)^1/2 + DJ) / 2 + PE
    Total System Jitter     (TSJ):    0.050ns
    Total Input Jitter      (TIJ):    0.000ns
    Discrete Jitter          (DJ):    0.000ns
    Phase Error              (PE):    0.000ns

    Location             Delay type                Incr(ns)  Path(ns)    Netlist Resource(s)
  -------------------------------------------------------------------    -------------------
                                                      0.000     0.000 r  precision_mode (IN)
                         net (fo=63, unset)           0.973     0.973    precision_mode
    SLICE_X12Y56         LUT3 (Prop_lut3_I1_O)        0.150     1.123 r  product[3]_i_9/O
                         net (fo=15, routed)          0.836     1.959    product[3]_i_9_n_0
    DSP48_X0Y23          DSP48E1 (Prop_dsp48e1_A[26]_P[0])
                                                      4.045     6.004 r  product[3]/P[0]
                         net (fo=4, routed)           1.548     7.552    product[3]__0[0]
    SLICE_X12Y51         LUT6 (Prop_lut6_I2_O)        0.124     7.676 r  acc_out[7]_i_14/O
                         net (fo=3, routed)           1.415     9.092    acc_out[7]_i_14_n_0
    SLICE_X9Y52          LUT5 (Prop_lut5_I2_O)        0.124     9.216 r  acc_out[7]_i_13/O
                         net (fo=3, routed)           0.679     9.894    acc_out[7]_i_13_n_0
    SLICE_X9Y52          LUT5 (Prop_lut5_I2_O)        0.124    10.018 r  acc_out[11]_i_14/O
                         net (fo=3, routed)           0.810    10.828    acc_out[11]_i_14_n_0
    SLICE_X9Y53          LUT5 (Prop_lut5_I2_O)        0.124    10.952 r  acc_out[11]_i_13/O
                         net (fo=3, routed)           0.677    11.629    acc_out[11]_i_13_n_0
    SLICE_X9Y53          LUT5 (Prop_lut5_I2_O)        0.124    11.753 r  acc_out[15]_i_14/O
                         net (fo=3, routed)           0.320    12.073    acc_out[15]_i_14_n_0
    SLICE_X9Y54          LUT5 (Prop_lut5_I2_O)        0.124    12.197 r  acc_out[15]_i_13/O
                         net (fo=3, routed)           0.677    12.874    acc_out[15]_i_13_n_0
    SLICE_X9Y54          LUT5 (Prop_lut5_I2_O)        0.124    12.998 r  acc_out[19]_i_14/O
                         net (fo=3, routed)           0.318    13.315    acc_out[19]_i_14_n_0
    SLICE_X9Y55          LUT5 (Prop_lut5_I2_O)        0.124    13.439 r  acc_out[19]_i_13/O
                         net (fo=3, routed)           0.677    14.116    acc_out[19]_i_13_n_0
    SLICE_X9Y55          LUT5 (Prop_lut5_I2_O)        0.124    14.240 r  acc_out[23]_i_14/O
                         net (fo=3, routed)           0.308    14.548    acc_out[23]_i_14_n_0
    SLICE_X9Y56          LUT5 (Prop_lut5_I2_O)        0.124    14.672 r  acc_out[23]_i_13/O
                         net (fo=3, routed)           0.677    15.348    acc_out[23]_i_13_n_0
    SLICE_X9Y56          LUT5 (Prop_lut5_I2_O)        0.124    15.472 r  acc_out[27]_i_14/O
                         net (fo=3, routed)           0.318    15.790    acc_out[27]_i_14_n_0
    SLICE_X9Y57          LUT5 (Prop_lut5_I2_O)        0.124    15.914 r  acc_out[27]_i_13/O
                         net (fo=3, routed)           0.677    16.590    acc_out[27]_i_13_n_0
    SLICE_X9Y57          LUT5 (Prop_lut5_I2_O)        0.124    16.714 r  acc_out[31]_i_14/O
                         net (fo=3, routed)           0.305    17.020    acc_out[31]_i_14_n_0
    SLICE_X9Y58          LUT5 (Prop_lut5_I2_O)        0.124    17.144 r  acc_out[31]_i_13/O
                         net (fo=3, routed)           0.276    17.419    acc_out[31]_i_13_n_0
    SLICE_X9Y58          LUT5 (Prop_lut5_I2_O)        0.124    17.543 r  acc_out[47]_i_14/O
                         net (fo=17, routed)          1.183    18.726    acc_out[47]_i_14_n_0
    SLICE_X11Y59         LUT4 (Prop_lut4_I1_O)        0.124    18.850 r  acc_out[35]_i_7/O
                         net (fo=1, routed)           0.000    18.850    acc_out[35]_i_7_n_0
    SLICE_X11Y59         CARRY4 (Prop_carry4_S[3]_CO[3])
                                                      0.401    19.251 r  acc_out_reg[35]_i_2/CO[3]
                         net (fo=1, routed)           0.000    19.251    acc_out_reg[35]_i_2_n_0
    SLICE_X11Y60         CARRY4 (Prop_carry4_CI_O[1])
                                                      0.334    19.585 r  acc_out_reg[39]_i_2/O[1]
                         net (fo=2, routed)           0.825    20.410    acc_out_reg[39]_i_2_n_6
    SLICE_X10Y59         LUT4 (Prop_lut4_I0_O)        0.303    20.713 r  acc_out[39]_i_5/O
                         net (fo=1, routed)           0.000    20.713    acc_out[39]_i_5_n_0
    SLICE_X10Y59         CARRY4 (Prop_carry4_S[1]_CO[3])
                                                      0.533    21.246 r  acc_out_reg[39]_i_1/CO[3]
                         net (fo=1, routed)           0.000    21.246    acc_out_reg[39]_i_1_n_0
    SLICE_X10Y60         CARRY4 (Prop_carry4_CI_CO[3])
                                                      0.117    21.363 r  acc_out_reg[43]_i_1/CO[3]
                         net (fo=1, routed)           0.000    21.363    acc_out_reg[43]_i_1_n_0
    SLICE_X10Y61         CARRY4 (Prop_carry4_CI_O[3])
                                                      0.315    21.678 r  acc_out_reg[47]_i_3/O[3]
                         net (fo=1, routed)           0.000    21.678    p_2_in[47]
    SLICE_X10Y61         FDRE                                         r  acc_out_reg[47]/D
  -------------------------------------------------------------------    -------------------

                         (clock system_clk rise edge)
                                                      0.000     0.000 r  
                                                      0.000     0.000 r  clk (IN)
                         net (fo=48, unset)           0.924     0.924    clk
    SLICE_X10Y61         FDRE                                         r  acc_out_reg[47]/C

Slack:                    inf
  Source:                 precision_mode
                            (input port)
  Destination:            acc_out_reg[46]/D
                            (rising edge-triggered cell FDRE clocked by system_clk  {rise@0.000ns fall@5.000ns period=10.000ns})
  Path Group:             (none)
  Path Type:              Setup (Max at Slow Process Corner)
  Data Path Delay:        21.602ns  (logic 8.106ns (37.524%)  route 13.496ns (62.476%))
  Logic Levels:           24  (CARRY4=5 DSP48E1=1 LUT3=1 LUT4=2 LUT5=14 LUT6=1)
  Clock Path Skew:        0.924ns (DCD - SCD + CPR)
    Destination Clock Delay (DCD):    0.924ns
    Source Clock Delay      (SCD):    0.000ns
    Clock Pessimism Removal (CPR):    0.000ns
  Clock Uncertainty:      0.025ns  ((TSJ^2 + TIJ^2)^1/2 + DJ) / 2 + PE
    Total System Jitter     (TSJ):    0.050ns
    Total Input Jitter      (TIJ):    0.000ns
    Discrete Jitter          (DJ):    0.000ns
    Phase Error              (PE):    0.000ns

    Location             Delay type                Incr(ns)  Path(ns)    Netlist Resource(s)
  -------------------------------------------------------------------    -------------------
                                                      0.000     0.000 r  precision_mode (IN)
                         net (fo=63, unset)           0.973     0.973    precision_mode
    SLICE_X12Y56         LUT3 (Prop_lut3_I1_O)        0.150     1.123 r  product[3]_i_9/O
                         net (fo=15, routed)          0.836     1.959    product[3]_i_9_n_0
    DSP48_X0Y23          DSP48E1 (Prop_dsp48e1_A[26]_P[0])
                                                      4.045     6.004 r  product[3]/P[0]
                         net (fo=4, routed)           1.548     7.552    product[3]__0[0]
    SLICE_X12Y51         LUT6 (Prop_lut6_I2_O)        0.124     7.676 r  acc_out[7]_i_14/O
                         net (fo=3, routed)           1.415     9.092    acc_out[7]_i_14_n_0
    SLICE_X9Y52          LUT5 (Prop_lut5_I2_O)        0.124     9.216 r  acc_out[7]_i_13/O
                         net (fo=3, routed)           0.679     9.894    acc_out[7]_i_13_n_0
    SLICE_X9Y52          LUT5 (Prop_lut5_I2_O)        0.124    10.018 r  acc_out[11]_i_14/O
                         net (fo=3, routed)           0.810    10.828    acc_out[11]_i_14_n_0
    SLICE_X9Y53          LUT5 (Prop_lut5_I2_O)        0.124    10.952 r  acc_out[11]_i_13/O
                         net (fo=3, routed)           0.677    11.629    acc_out[11]_i_13_n_0
    SLICE_X9Y53          LUT5 (Prop_lut5_I2_O)        0.124    11.753 r  acc_out[15]_i_14/O
                         net (fo=3, routed)           0.320    12.073    acc_out[15]_i_14_n_0
    SLICE_X9Y54          LUT5 (Prop_lut5_I2_O)        0.124    12.197 r  acc_out[15]_i_13/O
                         net (fo=3, routed)           0.677    12.874    acc_out[15]_i_13_n_0
    SLICE_X9Y54          LUT5 (Prop_lut5_I2_O)        0.124    12.998 r  acc_out[19]_i_14/O
                         net (fo=3, routed)           0.318    13.315    acc_out[19]_i_14_n_0
    SLICE_X9Y55          LUT5 (Prop_lut5_I2_O)        0.124    13.439 r  acc_out[19]_i_13/O
                         net (fo=3, routed)           0.677    14.116    acc_out[19]_i_13_n_0
    SLICE_X9Y55          LUT5 (Prop_lut5_I2_O)        0.124    14.240 r  acc_out[23]_i_14/O
                         net (fo=3, routed)           0.308    14.548    acc_out[23]_i_14_n_0
    SLICE_X9Y56          LUT5 (Prop_lut5_I2_O)        0.124    14.672 r  acc_out[23]_i_13/O
                         net (fo=3, routed)           0.677    15.348    acc_out[23]_i_13_n_0
    SLICE_X9Y56          LUT5 (Prop_lut5_I2_O)        0.124    15.472 r  acc_out[27]_i_14/O
                         net (fo=3, routed)           0.318    15.790    acc_out[27]_i_14_n_0
    SLICE_X9Y57          LUT5 (Prop_lut5_I2_O)        0.124    15.914 r  acc_out[27]_i_13/O
                         net (fo=3, routed)           0.677    16.590    acc_out[27]_i_13_n_0
    SLICE_X9Y57          LUT5 (Prop_lut5_I2_O)        0.124    16.714 r  acc_out[31]_i_14/O
                         net (fo=3, routed)           0.305    17.020    acc_out[31]_i_14_n_0
    SLICE_X9Y58          LUT5 (Prop_lut5_I2_O)        0.124    17.144 r  acc_out[31]_i_13/O
                         net (fo=3, routed)           0.276    17.419    acc_out[31]_i_13_n_0
    SLICE_X9Y58          LUT5 (Prop_lut5_I2_O)        0.124    17.543 r  acc_out[47]_i_14/O
                         net (fo=17, routed)          1.183    18.726    acc_out[47]_i_14_n_0
    SLICE_X11Y59         LUT4 (Prop_lut4_I1_O)        0.124    18.850 r  acc_out[35]_i_7/O
                         net (fo=1, routed)           0.000    18.850    acc_out[35]_i_7_n_0
    SLICE_X11Y59         CARRY4 (Prop_carry4_S[3]_CO[3])
                                                      0.401    19.251 r  acc_out_reg[35]_i_2/CO[3]
                         net (fo=1, routed)           0.000    19.251    acc_out_reg[35]_i_2_n_0
    SLICE_X11Y60         CARRY4 (Prop_carry4_CI_O[1])
                                                      0.334    19.585 r  acc_out_reg[39]_i_2/O[1]
                         net (fo=2, routed)           0.825    20.410    acc_out_reg[39]_i_2_n_6
    SLICE_X10Y59         LUT4 (Prop_lut4_I0_O)        0.303    20.713 r  acc_out[39]_i_5/O
                         net (fo=1, routed)           0.000    20.713    acc_out[39]_i_5_n_0
    SLICE_X10Y59         CARRY4 (Prop_carry4_S[1]_CO[3])
                                                      0.533    21.246 r  acc_out_reg[39]_i_1/CO[3]
                         net (fo=1, routed)           0.000    21.246    acc_out_reg[39]_i_1_n_0
    SLICE_X10Y60         CARRY4 (Prop_carry4_CI_CO[3])
                                                      0.117    21.363 r  acc_out_reg[43]_i_1/CO[3]
                         net (fo=1, routed)           0.000    21.363    acc_out_reg[43]_i_1_n_0
    SLICE_X10Y61         CARRY4 (Prop_carry4_CI_O[2])
                                                      0.239    21.602 r  acc_out_reg[47]_i_3/O[2]
                         net (fo=1, routed)           0.000    21.602    p_2_in[46]
    SLICE_X10Y61         FDRE                                         r  acc_out_reg[46]/D
  -------------------------------------------------------------------    -------------------

                         (clock system_clk rise edge)
                                                      0.000     0.000 r  
                                                      0.000     0.000 r  clk (IN)
                         net (fo=48, unset)           0.924     0.924    clk
    SLICE_X10Y61         FDRE                                         r  acc_out_reg[46]/C

Slack:                    inf
  Source:                 precision_mode
                            (input port)
  Destination:            acc_out_reg[44]/D
                            (rising edge-triggered cell FDRE clocked by system_clk  {rise@0.000ns fall@5.000ns period=10.000ns})
  Path Group:             (none)
  Path Type:              Setup (Max at Slow Process Corner)
  Data Path Delay:        21.582ns  (logic 8.086ns (37.466%)  route 13.496ns (62.534%))
  Logic Levels:           24  (CARRY4=5 DSP48E1=1 LUT3=1 LUT4=2 LUT5=14 LUT6=1)
  Clock Path Skew:        0.924ns (DCD - SCD + CPR)
    Destination Clock Delay (DCD):    0.924ns
    Source Clock Delay      (SCD):    0.000ns
    Clock Pessimism Removal (CPR):    0.000ns
  Clock Uncertainty:      0.025ns  ((TSJ^2 + TIJ^2)^1/2 + DJ) / 2 + PE
    Total System Jitter     (TSJ):    0.050ns
    Total Input Jitter      (TIJ):    0.000ns
    Discrete Jitter          (DJ):    0.000ns
    Phase Error              (PE):    0.000ns

    Location             Delay type                Incr(ns)  Path(ns)    Netlist Resource(s)
  -------------------------------------------------------------------    -------------------
                                                      0.000     0.000 r  precision_mode (IN)
                         net (fo=63, unset)           0.973     0.973    precision_mode
    SLICE_X12Y56         LUT3 (Prop_lut3_I1_O)        0.150     1.123 r  product[3]_i_9/O
                         net (fo=15, routed)          0.836     1.959    product[3]_i_9_n_0
    DSP48_X0Y23          DSP48E1 (Prop_dsp48e1_A[26]_P[0])
                                                      4.045     6.004 r  product[3]/P[0]
                         net (fo=4, routed)           1.548     7.552    product[3]__0[0]
    SLICE_X12Y51         LUT6 (Prop_lut6_I2_O)        0.124     7.676 r  acc_out[7]_i_14/O
                         net (fo=3, routed)           1.415     9.092    acc_out[7]_i_14_n_0
    SLICE_X9Y52          LUT5 (Prop_lut5_I2_O)        0.124     9.216 r  acc_out[7]_i_13/O
                         net (fo=3, routed)           0.679     9.894    acc_out[7]_i_13_n_0
    SLICE_X9Y52          LUT5 (Prop_lut5_I2_O)        0.124    10.018 r  acc_out[11]_i_14/O
                         net (fo=3, routed)           0.810    10.828    acc_out[11]_i_14_n_0
    SLICE_X9Y53          LUT5 (Prop_lut5_I2_O)        0.124    10.952 r  acc_out[11]_i_13/O
                         net (fo=3, routed)           0.677    11.629    acc_out[11]_i_13_n_0
    SLICE_X9Y53          LUT5 (Prop_lut5_I2_O)        0.124    11.753 r  acc_out[15]_i_14/O
                         net (fo=3, routed)           0.320    12.073    acc_out[15]_i_14_n_0
    SLICE_X9Y54          LUT5 (Prop_lut5_I2_O)        0.124    12.197 r  acc_out[15]_i_13/O
                         net (fo=3, routed)           0.677    12.874    acc_out[15]_i_13_n_0
    SLICE_X9Y54          LUT5 (Prop_lut5_I2_O)        0.124    12.998 r  acc_out[19]_i_14/O
                         net (fo=3, routed)           0.318    13.315    acc_out[19]_i_14_n_0
    SLICE_X9Y55          LUT5 (Prop_lut5_I2_O)        0.124    13.439 r  acc_out[19]_i_13/O
                         net (fo=3, routed)           0.677    14.116    acc_out[19]_i_13_n_0
    SLICE_X9Y55          LUT5 (Prop_lut5_I2_O)        0.124    14.240 r  acc_out[23]_i_14/O
                         net (fo=3, routed)           0.308    14.548    acc_out[23]_i_14_n_0
    SLICE_X9Y56          LUT5 (Prop_lut5_I2_O)        0.124    14.672 r  acc_out[23]_i_13/O
                         net (fo=3, routed)           0.677    15.348    acc_out[23]_i_13_n_0
    SLICE_X9Y56          LUT5 (Prop_lut5_I2_O)        0.124    15.472 r  acc_out[27]_i_14/O
                         net (fo=3, routed)           0.318    15.790    acc_out[27]_i_14_n_0
    SLICE_X9Y57          LUT5 (Prop_lut5_I2_O)        0.124    15.914 r  acc_out[27]_i_13/O
                         net (fo=3, routed)           0.677    16.590    acc_out[27]_i_13_n_0
    SLICE_X9Y57          LUT5 (Prop_lut5_I2_O)        0.124    16.714 r  acc_out[31]_i_14/O
                         net (fo=3, routed)           0.305    17.020    acc_out[31]_i_14_n_0
    SLICE_X9Y58          LUT5 (Prop_lut5_I2_O)        0.124    17.144 r  acc_out[31]_i_13/O
                         net (fo=3, routed)           0.276    17.419    acc_out[31]_i_13_n_0
    SLICE_X9Y58          LUT5 (Prop_lut5_I2_O)        0.124    17.543 r  acc_out[47]_i_14/O
                         net (fo=17, routed)          1.183    18.726    acc_out[47]_i_14_n_0
    SLICE_X11Y59         LUT4 (Prop_lut4_I1_O)        0.124    18.850 r  acc_out[35]_i_7/O
                         net (fo=1, routed)           0.000    18.850    acc_out[35]_i_7_n_0
    SLICE_X11Y59         CARRY4 (Prop_carry4_S[3]_CO[3])
                                                      0.401    19.251 r  acc_out_reg[35]_i_2/CO[3]
                         net (fo=1, routed)           0.000    19.251    acc_out_reg[35]_i_2_n_0
    SLICE_X11Y60         CARRY4 (Prop_carry4_CI_O[1])
                                                      0.334    19.585 r  acc_out_reg[39]_i_2/O[1]
                         net (fo=2, routed)           0.825    20.410    acc_out_reg[39]_i_2_n_6
    SLICE_X10Y59         LUT4 (Prop_lut4_I0_O)        0.303    20.713 r  acc_out[39]_i_5/O
                         net (fo=1, routed)           0.000    20.713    acc_out[39]_i_5_n_0
    SLICE_X10Y59         CARRY4 (Prop_carry4_S[1]_CO[3])
                                                      0.533    21.246 r  acc_out_reg[39]_i_1/CO[3]
                         net (fo=1, routed)           0.000    21.246    acc_out_reg[39]_i_1_n_0
    SLICE_X10Y60         CARRY4 (Prop_carry4_CI_CO[3])
                                                      0.117    21.363 r  acc_out_reg[43]_i_1/CO[3]
                         net (fo=1, routed)           0.000    21.363    acc_out_reg[43]_i_1_n_0
    SLICE_X10Y61         CARRY4 (Prop_carry4_CI_O[0])
                                                      0.219    21.582 r  acc_out_reg[47]_i_3/O[0]
                         net (fo=1, routed)           0.000    21.582    p_2_in[44]
    SLICE_X10Y61         FDRE                                         r  acc_out_reg[44]/D
  -------------------------------------------------------------------    -------------------

                         (clock system_clk rise edge)
                                                      0.000     0.000 r  
                                                      0.000     0.000 r  clk (IN)
                         net (fo=48, unset)           0.924     0.924    clk
    SLICE_X10Y61         FDRE                                         r  acc_out_reg[44]/C

Slack:                    inf
  Source:                 precision_mode
                            (input port)
  Destination:            acc_out_reg[41]/D
                            (rising edge-triggered cell FDRE clocked by system_clk  {rise@0.000ns fall@5.000ns period=10.000ns})
  Path Group:             (none)
  Path Type:              Setup (Max at Slow Process Corner)
  Data Path Delay:        21.569ns  (logic 8.073ns (37.429%)  route 13.496ns (62.571%))
  Logic Levels:           23  (CARRY4=4 DSP48E1=1 LUT3=1 LUT4=2 LUT5=14 LUT6=1)
  Clock Path Skew:        0.924ns (DCD - SCD + CPR)
    Destination Clock Delay (DCD):    0.924ns
    Source Clock Delay      (SCD):    0.000ns
    Clock Pessimism Removal (CPR):    0.000ns
  Clock Uncertainty:      0.025ns  ((TSJ^2 + TIJ^2)^1/2 + DJ) / 2 + PE
    Total System Jitter     (TSJ):    0.050ns
    Total Input Jitter      (TIJ):    0.000ns
    Discrete Jitter          (DJ):    0.000ns
    Phase Error              (PE):    0.000ns

    Location             Delay type                Incr(ns)  Path(ns)    Netlist Resource(s)
  -------------------------------------------------------------------    -------------------
                                                      0.000     0.000 r  precision_mode (IN)
                         net (fo=63, unset)           0.973     0.973    precision_mode
    SLICE_X12Y56         LUT3 (Prop_lut3_I1_O)        0.150     1.123 r  product[3]_i_9/O
                         net (fo=15, routed)          0.836     1.959    product[3]_i_9_n_0
    DSP48_X0Y23          DSP48E1 (Prop_dsp48e1_A[26]_P[0])
                                                      4.045     6.004 r  product[3]/P[0]
                         net (fo=4, routed)           1.548     7.552    product[3]__0[0]
    SLICE_X12Y51         LUT6 (Prop_lut6_I2_O)        0.124     7.676 r  acc_out[7]_i_14/O
                         net (fo=3, routed)           1.415     9.092    acc_out[7]_i_14_n_0
    SLICE_X9Y52          LUT5 (Prop_lut5_I2_O)        0.124     9.216 r  acc_out[7]_i_13/O
                         net (fo=3, routed)           0.679     9.894    acc_out[7]_i_13_n_0
    SLICE_X9Y52          LUT5 (Prop_lut5_I2_O)        0.124    10.018 r  acc_out[11]_i_14/O
                         net (fo=3, routed)           0.810    10.828    acc_out[11]_i_14_n_0
    SLICE_X9Y53          LUT5 (Prop_lut5_I2_O)        0.124    10.952 r  acc_out[11]_i_13/O
                         net (fo=3, routed)           0.677    11.629    acc_out[11]_i_13_n_0
    SLICE_X9Y53          LUT5 (Prop_lut5_I2_O)        0.124    11.753 r  acc_out[15]_i_14/O
                         net (fo=3, routed)           0.320    12.073    acc_out[15]_i_14_n_0
    SLICE_X9Y54          LUT5 (Prop_lut5_I2_O)        0.124    12.197 r  acc_out[15]_i_13/O
                         net (fo=3, routed)           0.677    12.874    acc_out[15]_i_13_n_0
    SLICE_X9Y54          LUT5 (Prop_lut5_I2_O)        0.124    12.998 r  acc_out[19]_i_14/O
                         net (fo=3, routed)           0.318    13.315    acc_out[19]_i_14_n_0
    SLICE_X9Y55          LUT5 (Prop_lut5_I2_O)        0.124    13.439 r  acc_out[19]_i_13/O
                         net (fo=3, routed)           0.677    14.116    acc_out[19]_i_13_n_0
    SLICE_X9Y55          LUT5 (Prop_lut5_I2_O)        0.124    14.240 r  acc_out[23]_i_14/O
                         net (fo=3, routed)           0.308    14.548    acc_out[23]_i_14_n_0
    SLICE_X9Y56          LUT5 (Prop_lut5_I2_O)        0.124    14.672 r  acc_out[23]_i_13/O
                         net (fo=3, routed)           0.677    15.348    acc_out[23]_i_13_n_0
    SLICE_X9Y56          LUT5 (Prop_lut5_I2_O)        0.124    15.472 r  acc_out[27]_i_14/O
                         net (fo=3, routed)           0.318    15.790    acc_out[27]_i_14_n_0
    SLICE_X9Y57          LUT5 (Prop_lut5_I2_O)        0.124    15.914 r  acc_out[27]_i_13/O
                         net (fo=3, routed)           0.677    16.590    acc_out[27]_i_13_n_0
    SLICE_X9Y57          LUT5 (Prop_lut5_I2_O)        0.124    16.714 r  acc_out[31]_i_14/O
                         net (fo=3, routed)           0.305    17.020    acc_out[31]_i_14_n_0
    SLICE_X9Y58          LUT5 (Prop_lut5_I2_O)        0.124    17.144 r  acc_out[31]_i_13/O
                         net (fo=3, routed)           0.276    17.419    acc_out[31]_i_13_n_0
    SLICE_X9Y58          LUT5 (Prop_lut5_I2_O)        0.124    17.543 r  acc_out[47]_i_14/O
                         net (fo=17, routed)          1.183    18.726    acc_out[47]_i_14_n_0
    SLICE_X11Y59         LUT4 (Prop_lut4_I1_O)        0.124    18.850 r  acc_out[35]_i_7/O
                         net (fo=1, routed)           0.000    18.850    acc_out[35]_i_7_n_0
    SLICE_X11Y59         CARRY4 (Prop_carry4_S[3]_CO[3])
                                                      0.401    19.251 r  acc_out_reg[35]_i_2/CO[3]
                         net (fo=1, routed)           0.000    19.251    acc_out_reg[35]_i_2_n_0
    SLICE_X11Y60         CARRY4 (Prop_carry4_CI_O[1])
                                                      0.334    19.585 r  acc_out_reg[39]_i_2/O[1]
                         net (fo=2, routed)           0.825    20.410    acc_out_reg[39]_i_2_n_6
    SLICE_X10Y59         LUT4 (Prop_lut4_I0_O)        0.303    20.713 r  acc_out[39]_i_5/O
                         net (fo=1, routed)           0.000    20.713    acc_out[39]_i_5_n_0
    SLICE_X10Y59         CARRY4 (Prop_carry4_S[1]_CO[3])
                                                      0.533    21.246 r  acc_out_reg[39]_i_1/CO[3]
                         net (fo=1, routed)           0.000    21.246    acc_out_reg[39]_i_1_n_0
    SLICE_X10Y60         CARRY4 (Prop_carry4_CI_O[1])
                                                      0.323    21.569 r  acc_out_reg[43]_i_1/O[1]
                         net (fo=1, routed)           0.000    21.569    p_2_in[41]
    SLICE_X10Y60         FDRE                                         r  acc_out_reg[41]/D
  -------------------------------------------------------------------    -------------------

                         (clock system_clk rise edge)
                                                      0.000     0.000 r  
                                                      0.000     0.000 r  clk (IN)
                         net (fo=48, unset)           0.924     0.924    clk
    SLICE_X10Y60         FDRE                                         r  acc_out_reg[41]/C

Slack:                    inf
  Source:                 precision_mode
                            (input port)
  Destination:            acc_out_reg[43]/D
                            (rising edge-triggered cell FDRE clocked by system_clk  {rise@0.000ns fall@5.000ns period=10.000ns})
  Path Group:             (none)
  Path Type:              Setup (Max at Slow Process Corner)
  Data Path Delay:        21.561ns  (logic 8.065ns (37.406%)  route 13.496ns (62.594%))
  Logic Levels:           23  (CARRY4=4 DSP48E1=1 LUT3=1 LUT4=2 LUT5=14 LUT6=1)
  Clock Path Skew:        0.924ns (DCD - SCD + CPR)
    Destination Clock Delay (DCD):    0.924ns
    Source Clock Delay      (SCD):    0.000ns
    Clock Pessimism Removal (CPR):    0.000ns
  Clock Uncertainty:      0.025ns  ((TSJ^2 + TIJ^2)^1/2 + DJ) / 2 + PE
    Total System Jitter     (TSJ):    0.050ns
    Total Input Jitter      (TIJ):    0.000ns
    Discrete Jitter          (DJ):    0.000ns
    Phase Error              (PE):    0.000ns

    Location             Delay type                Incr(ns)  Path(ns)    Netlist Resource(s)
  -------------------------------------------------------------------    -------------------
                                                      0.000     0.000 r  precision_mode (IN)
                         net (fo=63, unset)           0.973     0.973    precision_mode
    SLICE_X12Y56         LUT3 (Prop_lut3_I1_O)        0.150     1.123 r  product[3]_i_9/O
                         net (fo=15, routed)          0.836     1.959    product[3]_i_9_n_0
    DSP48_X0Y23          DSP48E1 (Prop_dsp48e1_A[26]_P[0])
                                                      4.045     6.004 r  product[3]/P[0]
                         net (fo=4, routed)           1.548     7.552    product[3]__0[0]
    SLICE_X12Y51         LUT6 (Prop_lut6_I2_O)        0.124     7.676 r  acc_out[7]_i_14/O
                         net (fo=3, routed)           1.415     9.092    acc_out[7]_i_14_n_0
    SLICE_X9Y52          LUT5 (Prop_lut5_I2_O)        0.124     9.216 r  acc_out[7]_i_13/O
                         net (fo=3, routed)           0.679     9.894    acc_out[7]_i_13_n_0
    SLICE_X9Y52          LUT5 (Prop_lut5_I2_O)        0.124    10.018 r  acc_out[11]_i_14/O
                         net (fo=3, routed)           0.810    10.828    acc_out[11]_i_14_n_0
    SLICE_X9Y53          LUT5 (Prop_lut5_I2_O)        0.124    10.952 r  acc_out[11]_i_13/O
                         net (fo=3, routed)           0.677    11.629    acc_out[11]_i_13_n_0
    SLICE_X9Y53          LUT5 (Prop_lut5_I2_O)        0.124    11.753 r  acc_out[15]_i_14/O
                         net (fo=3, routed)           0.320    12.073    acc_out[15]_i_14_n_0
    SLICE_X9Y54          LUT5 (Prop_lut5_I2_O)        0.124    12.197 r  acc_out[15]_i_13/O
                         net (fo=3, routed)           0.677    12.874    acc_out[15]_i_13_n_0
    SLICE_X9Y54          LUT5 (Prop_lut5_I2_O)        0.124    12.998 r  acc_out[19]_i_14/O
                         net (fo=3, routed)           0.318    13.315    acc_out[19]_i_14_n_0
    SLICE_X9Y55          LUT5 (Prop_lut5_I2_O)        0.124    13.439 r  acc_out[19]_i_13/O
                         net (fo=3, routed)           0.677    14.116    acc_out[19]_i_13_n_0
    SLICE_X9Y55          LUT5 (Prop_lut5_I2_O)        0.124    14.240 r  acc_out[23]_i_14/O
                         net (fo=3, routed)           0.308    14.548    acc_out[23]_i_14_n_0
    SLICE_X9Y56          LUT5 (Prop_lut5_I2_O)        0.124    14.672 r  acc_out[23]_i_13/O
                         net (fo=3, routed)           0.677    15.348    acc_out[23]_i_13_n_0
    SLICE_X9Y56          LUT5 (Prop_lut5_I2_O)        0.124    15.472 r  acc_out[27]_i_14/O
                         net (fo=3, routed)           0.318    15.790    acc_out[27]_i_14_n_0
    SLICE_X9Y57          LUT5 (Prop_lut5_I2_O)        0.124    15.914 r  acc_out[27]_i_13/O
                         net (fo=3, routed)           0.677    16.590    acc_out[27]_i_13_n_0
    SLICE_X9Y57          LUT5 (Prop_lut5_I2_O)        0.124    16.714 r  acc_out[31]_i_14/O
                         net (fo=3, routed)           0.305    17.020    acc_out[31]_i_14_n_0
    SLICE_X9Y58          LUT5 (Prop_lut5_I2_O)        0.124    17.144 r  acc_out[31]_i_13/O
                         net (fo=3, routed)           0.276    17.419    acc_out[31]_i_13_n_0
    SLICE_X9Y58          LUT5 (Prop_lut5_I2_O)        0.124    17.543 r  acc_out[47]_i_14/O
                         net (fo=17, routed)          1.183    18.726    acc_out[47]_i_14_n_0
    SLICE_X11Y59         LUT4 (Prop_lut4_I1_O)        0.124    18.850 r  acc_out[35]_i_7/O
                         net (fo=1, routed)           0.000    18.850    acc_out[35]_i_7_n_0
    SLICE_X11Y59         CARRY4 (Prop_carry4_S[3]_CO[3])
                                                      0.401    19.251 r  acc_out_reg[35]_i_2/CO[3]
                         net (fo=1, routed)           0.000    19.251    acc_out_reg[35]_i_2_n_0
    SLICE_X11Y60         CARRY4 (Prop_carry4_CI_O[1])
                                                      0.334    19.585 r  acc_out_reg[39]_i_2/O[1]
                         net (fo=2, routed)           0.825    20.410    acc_out_reg[39]_i_2_n_6
    SLICE_X10Y59         LUT4 (Prop_lut4_I0_O)        0.303    20.713 r  acc_out[39]_i_5/O
                         net (fo=1, routed)           0.000    20.713    acc_out[39]_i_5_n_0
    SLICE_X10Y59         CARRY4 (Prop_carry4_S[1]_CO[3])
                                                      0.533    21.246 r  acc_out_reg[39]_i_1/CO[3]
                         net (fo=1, routed)           0.000    21.246    acc_out_reg[39]_i_1_n_0
    SLICE_X10Y60         CARRY4 (Prop_carry4_CI_O[3])
                                                      0.315    21.561 r  acc_out_reg[43]_i_1/O[3]
                         net (fo=1, routed)           0.000    21.561    p_2_in[43]
    SLICE_X10Y60         FDRE                                         r  acc_out_reg[43]/D
  -------------------------------------------------------------------    -------------------

                         (clock system_clk rise edge)
                                                      0.000     0.000 r  
                                                      0.000     0.000 r  clk (IN)
                         net (fo=48, unset)           0.924     0.924    clk
    SLICE_X10Y60         FDRE                                         r  acc_out_reg[43]/C

Slack:                    inf
  Source:                 precision_mode
                            (input port)
  Destination:            acc_out_reg[42]/D
                            (rising edge-triggered cell FDRE clocked by system_clk  {rise@0.000ns fall@5.000ns period=10.000ns})
  Path Group:             (none)
  Path Type:              Setup (Max at Slow Process Corner)
  Data Path Delay:        21.485ns  (logic 7.989ns (37.184%)  route 13.496ns (62.816%))
  Logic Levels:           23  (CARRY4=4 DSP48E1=1 LUT3=1 LUT4=2 LUT5=14 LUT6=1)
  Clock Path Skew:        0.924ns (DCD - SCD + CPR)
    Destination Clock Delay (DCD):    0.924ns
    Source Clock Delay      (SCD):    0.000ns
    Clock Pessimism Removal (CPR):    0.000ns
  Clock Uncertainty:      0.025ns  ((TSJ^2 + TIJ^2)^1/2 + DJ) / 2 + PE
    Total System Jitter     (TSJ):    0.050ns
    Total Input Jitter      (TIJ):    0.000ns
    Discrete Jitter          (DJ):    0.000ns
    Phase Error              (PE):    0.000ns

    Location             Delay type                Incr(ns)  Path(ns)    Netlist Resource(s)
  -------------------------------------------------------------------    -------------------
                                                      0.000     0.000 r  precision_mode (IN)
                         net (fo=63, unset)           0.973     0.973    precision_mode
    SLICE_X12Y56         LUT3 (Prop_lut3_I1_O)        0.150     1.123 r  product[3]_i_9/O
                         net (fo=15, routed)          0.836     1.959    product[3]_i_9_n_0
    DSP48_X0Y23          DSP48E1 (Prop_dsp48e1_A[26]_P[0])
                                                      4.045     6.004 r  product[3]/P[0]
                         net (fo=4, routed)           1.548     7.552    product[3]__0[0]
    SLICE_X12Y51         LUT6 (Prop_lut6_I2_O)        0.124     7.676 r  acc_out[7]_i_14/O
                         net (fo=3, routed)           1.415     9.092    acc_out[7]_i_14_n_0
    SLICE_X9Y52          LUT5 (Prop_lut5_I2_O)        0.124     9.216 r  acc_out[7]_i_13/O
                         net (fo=3, routed)           0.679     9.894    acc_out[7]_i_13_n_0
    SLICE_X9Y52          LUT5 (Prop_lut5_I2_O)        0.124    10.018 r  acc_out[11]_i_14/O
                         net (fo=3, routed)           0.810    10.828    acc_out[11]_i_14_n_0
    SLICE_X9Y53          LUT5 (Prop_lut5_I2_O)        0.124    10.952 r  acc_out[11]_i_13/O
                         net (fo=3, routed)           0.677    11.629    acc_out[11]_i_13_n_0
    SLICE_X9Y53          LUT5 (Prop_lut5_I2_O)        0.124    11.753 r  acc_out[15]_i_14/O
                         net (fo=3, routed)           0.320    12.073    acc_out[15]_i_14_n_0
    SLICE_X9Y54          LUT5 (Prop_lut5_I2_O)        0.124    12.197 r  acc_out[15]_i_13/O
                         net (fo=3, routed)           0.677    12.874    acc_out[15]_i_13_n_0
    SLICE_X9Y54          LUT5 (Prop_lut5_I2_O)        0.124    12.998 r  acc_out[19]_i_14/O
                         net (fo=3, routed)           0.318    13.315    acc_out[19]_i_14_n_0
    SLICE_X9Y55          LUT5 (Prop_lut5_I2_O)        0.124    13.439 r  acc_out[19]_i_13/O
                         net (fo=3, routed)           0.677    14.116    acc_out[19]_i_13_n_0
    SLICE_X9Y55          LUT5 (Prop_lut5_I2_O)        0.124    14.240 r  acc_out[23]_i_14/O
                         net (fo=3, routed)           0.308    14.548    acc_out[23]_i_14_n_0
    SLICE_X9Y56          LUT5 (Prop_lut5_I2_O)        0.124    14.672 r  acc_out[23]_i_13/O
                         net (fo=3, routed)           0.677    15.348    acc_out[23]_i_13_n_0
    SLICE_X9Y56          LUT5 (Prop_lut5_I2_O)        0.124    15.472 r  acc_out[27]_i_14/O
                         net (fo=3, routed)           0.318    15.790    acc_out[27]_i_14_n_0
    SLICE_X9Y57          LUT5 (Prop_lut5_I2_O)        0.124    15.914 r  acc_out[27]_i_13/O
                         net (fo=3, routed)           0.677    16.590    acc_out[27]_i_13_n_0
    SLICE_X9Y57          LUT5 (Prop_lut5_I2_O)        0.124    16.714 r  acc_out[31]_i_14/O
                         net (fo=3, routed)           0.305    17.020    acc_out[31]_i_14_n_0
    SLICE_X9Y58          LUT5 (Prop_lut5_I2_O)        0.124    17.144 r  acc_out[31]_i_13/O
                         net (fo=3, routed)           0.276    17.419    acc_out[31]_i_13_n_0
    SLICE_X9Y58          LUT5 (Prop_lut5_I2_O)        0.124    17.543 r  acc_out[47]_i_14/O
                         net (fo=17, routed)          1.183    18.726    acc_out[47]_i_14_n_0
    SLICE_X11Y59         LUT4 (Prop_lut4_I1_O)        0.124    18.850 r  acc_out[35]_i_7/O
                         net (fo=1, routed)           0.000    18.850    acc_out[35]_i_7_n_0
    SLICE_X11Y59         CARRY4 (Prop_carry4_S[3]_CO[3])
                                                      0.401    19.251 r  acc_out_reg[35]_i_2/CO[3]
                         net (fo=1, routed)           0.000    19.251    acc_out_reg[35]_i_2_n_0
    SLICE_X11Y60         CARRY4 (Prop_carry4_CI_O[1])
                                                      0.334    19.585 r  acc_out_reg[39]_i_2/O[1]
                         net (fo=2, routed)           0.825    20.410    acc_out_reg[39]_i_2_n_6
    SLICE_X10Y59         LUT4 (Prop_lut4_I0_O)        0.303    20.713 r  acc_out[39]_i_5/O
                         net (fo=1, routed)           0.000    20.713    acc_out[39]_i_5_n_0
    SLICE_X10Y59         CARRY4 (Prop_carry4_S[1]_CO[3])
                                                      0.533    21.246 r  acc_out_reg[39]_i_1/CO[3]
                         net (fo=1, routed)           0.000    21.246    acc_out_reg[39]_i_1_n_0
    SLICE_X10Y60         CARRY4 (Prop_carry4_CI_O[2])
                                                      0.239    21.485 r  acc_out_reg[43]_i_1/O[2]
                         net (fo=1, routed)           0.000    21.485    p_2_in[42]
    SLICE_X10Y60         FDRE                                         r  acc_out_reg[42]/D
  -------------------------------------------------------------------    -------------------

                         (clock system_clk rise edge)
                                                      0.000     0.000 r  
                                                      0.000     0.000 r  clk (IN)
                         net (fo=48, unset)           0.924     0.924    clk
    SLICE_X10Y60         FDRE                                         r  acc_out_reg[42]/C

Slack:                    inf
  Source:                 precision_mode
                            (input port)
  Destination:            acc_out_reg[40]/D
                            (rising edge-triggered cell FDRE clocked by system_clk  {rise@0.000ns fall@5.000ns period=10.000ns})
  Path Group:             (none)
  Path Type:              Setup (Max at Slow Process Corner)
  Data Path Delay:        21.465ns  (logic 7.969ns (37.126%)  route 13.496ns (62.874%))
  Logic Levels:           23  (CARRY4=4 DSP48E1=1 LUT3=1 LUT4=2 LUT5=14 LUT6=1)
  Clock Path Skew:        0.924ns (DCD - SCD + CPR)
    Destination Clock Delay (DCD):    0.924ns
    Source Clock Delay      (SCD):    0.000ns
    Clock Pessimism Removal (CPR):    0.000ns
  Clock Uncertainty:      0.025ns  ((TSJ^2 + TIJ^2)^1/2 + DJ) / 2 + PE
    Total System Jitter     (TSJ):    0.050ns
    Total Input Jitter      (TIJ):    0.000ns
    Discrete Jitter          (DJ):    0.000ns
    Phase Error              (PE):    0.000ns

    Location             Delay type                Incr(ns)  Path(ns)    Netlist Resource(s)
  -------------------------------------------------------------------    -------------------
                                                      0.000     0.000 r  precision_mode (IN)
                         net (fo=63, unset)           0.973     0.973    precision_mode
    SLICE_X12Y56         LUT3 (Prop_lut3_I1_O)        0.150     1.123 r  product[3]_i_9/O
                         net (fo=15, routed)          0.836     1.959    product[3]_i_9_n_0
    DSP48_X0Y23          DSP48E1 (Prop_dsp48e1_A[26]_P[0])
                                                      4.045     6.004 r  product[3]/P[0]
                         net (fo=4, routed)           1.548     7.552    product[3]__0[0]
    SLICE_X12Y51         LUT6 (Prop_lut6_I2_O)        0.124     7.676 r  acc_out[7]_i_14/O
                         net (fo=3, routed)           1.415     9.092    acc_out[7]_i_14_n_0
    SLICE_X9Y52          LUT5 (Prop_lut5_I2_O)        0.124     9.216 r  acc_out[7]_i_13/O
                         net (fo=3, routed)           0.679     9.894    acc_out[7]_i_13_n_0
    SLICE_X9Y52          LUT5 (Prop_lut5_I2_O)        0.124    10.018 r  acc_out[11]_i_14/O
                         net (fo=3, routed)           0.810    10.828    acc_out[11]_i_14_n_0
    SLICE_X9Y53          LUT5 (Prop_lut5_I2_O)        0.124    10.952 r  acc_out[11]_i_13/O
                         net (fo=3, routed)           0.677    11.629    acc_out[11]_i_13_n_0
    SLICE_X9Y53          LUT5 (Prop_lut5_I2_O)        0.124    11.753 r  acc_out[15]_i_14/O
                         net (fo=3, routed)           0.320    12.073    acc_out[15]_i_14_n_0
    SLICE_X9Y54          LUT5 (Prop_lut5_I2_O)        0.124    12.197 r  acc_out[15]_i_13/O
                         net (fo=3, routed)           0.677    12.874    acc_out[15]_i_13_n_0
    SLICE_X9Y54          LUT5 (Prop_lut5_I2_O)        0.124    12.998 r  acc_out[19]_i_14/O
                         net (fo=3, routed)           0.318    13.315    acc_out[19]_i_14_n_0
    SLICE_X9Y55          LUT5 (Prop_lut5_I2_O)        0.124    13.439 r  acc_out[19]_i_13/O
                         net (fo=3, routed)           0.677    14.116    acc_out[19]_i_13_n_0
    SLICE_X9Y55          LUT5 (Prop_lut5_I2_O)        0.124    14.240 r  acc_out[23]_i_14/O
                         net (fo=3, routed)           0.308    14.548    acc_out[23]_i_14_n_0
    SLICE_X9Y56          LUT5 (Prop_lut5_I2_O)        0.124    14.672 r  acc_out[23]_i_13/O
                         net (fo=3, routed)           0.677    15.348    acc_out[23]_i_13_n_0
    SLICE_X9Y56          LUT5 (Prop_lut5_I2_O)        0.124    15.472 r  acc_out[27]_i_14/O
                         net (fo=3, routed)           0.318    15.790    acc_out[27]_i_14_n_0
    SLICE_X9Y57          LUT5 (Prop_lut5_I2_O)        0.124    15.914 r  acc_out[27]_i_13/O
                         net (fo=3, routed)           0.677    16.590    acc_out[27]_i_13_n_0
    SLICE_X9Y57          LUT5 (Prop_lut5_I2_O)        0.124    16.714 r  acc_out[31]_i_14/O
                         net (fo=3, routed)           0.305    17.020    acc_out[31]_i_14_n_0
    SLICE_X9Y58          LUT5 (Prop_lut5_I2_O)        0.124    17.144 r  acc_out[31]_i_13/O
                         net (fo=3, routed)           0.276    17.419    acc_out[31]_i_13_n_0
    SLICE_X9Y58          LUT5 (Prop_lut5_I2_O)        0.124    17.543 r  acc_out[47]_i_14/O
                         net (fo=17, routed)          1.183    18.726    acc_out[47]_i_14_n_0
    SLICE_X11Y59         LUT4 (Prop_lut4_I1_O)        0.124    18.850 r  acc_out[35]_i_7/O
                         net (fo=1, routed)           0.000    18.850    acc_out[35]_i_7_n_0
    SLICE_X11Y59         CARRY4 (Prop_carry4_S[3]_CO[3])
                                                      0.401    19.251 r  acc_out_reg[35]_i_2/CO[3]
                         net (fo=1, routed)           0.000    19.251    acc_out_reg[35]_i_2_n_0
    SLICE_X11Y60         CARRY4 (Prop_carry4_CI_O[1])
                                                      0.334    19.585 r  acc_out_reg[39]_i_2/O[1]
                         net (fo=2, routed)           0.825    20.410    acc_out_reg[39]_i_2_n_6
    SLICE_X10Y59         LUT4 (Prop_lut4_I0_O)        0.303    20.713 r  acc_out[39]_i_5/O
                         net (fo=1, routed)           0.000    20.713    acc_out[39]_i_5_n_0
    SLICE_X10Y59         CARRY4 (Prop_carry4_S[1]_CO[3])
                                                      0.533    21.246 r  acc_out_reg[39]_i_1/CO[3]
                         net (fo=1, routed)           0.000    21.246    acc_out_reg[39]_i_1_n_0
    SLICE_X10Y60         CARRY4 (Prop_carry4_CI_O[0])
                                                      0.219    21.465 r  acc_out_reg[43]_i_1/O[0]
                         net (fo=1, routed)           0.000    21.465    p_2_in[40]
    SLICE_X10Y60         FDRE                                         r  acc_out_reg[40]/D
  -------------------------------------------------------------------    -------------------

                         (clock system_clk rise edge)
                                                      0.000     0.000 r  
                                                      0.000     0.000 r  clk (IN)
                         net (fo=48, unset)           0.924     0.924    clk
    SLICE_X10Y60         FDRE                                         r  acc_out_reg[40]/C

Slack:                    inf
  Source:                 precision_mode
                            (input port)
  Destination:            acc_out_reg[39]/D
                            (rising edge-triggered cell FDRE clocked by system_clk  {rise@0.000ns fall@5.000ns period=10.000ns})
  Path Group:             (none)
  Path Type:              Setup (Max at Slow Process Corner)
  Data Path Delay:        21.356ns  (logic 7.860ns (36.805%)  route 13.496ns (63.195%))
  Logic Levels:           22  (CARRY4=3 DSP48E1=1 LUT3=1 LUT4=2 LUT5=14 LUT6=1)
  Clock Path Skew:        0.924ns (DCD - SCD + CPR)
    Destination Clock Delay (DCD):    0.924ns
    Source Clock Delay      (SCD):    0.000ns
    Clock Pessimism Removal (CPR):    0.000ns
  Clock Uncertainty:      0.025ns  ((TSJ^2 + TIJ^2)^1/2 + DJ) / 2 + PE
    Total System Jitter     (TSJ):    0.050ns
    Total Input Jitter      (TIJ):    0.000ns
    Discrete Jitter          (DJ):    0.000ns
    Phase Error              (PE):    0.000ns

    Location             Delay type                Incr(ns)  Path(ns)    Netlist Resource(s)
  -------------------------------------------------------------------    -------------------
                                                      0.000     0.000 r  precision_mode (IN)
                         net (fo=63, unset)           0.973     0.973    precision_mode
    SLICE_X12Y56         LUT3 (Prop_lut3_I1_O)        0.150     1.123 r  product[3]_i_9/O
                         net (fo=15, routed)          0.836     1.959    product[3]_i_9_n_0
    DSP48_X0Y23          DSP48E1 (Prop_dsp48e1_A[26]_P[0])
                                                      4.045     6.004 r  product[3]/P[0]
                         net (fo=4, routed)           1.548     7.552    product[3]__0[0]
    SLICE_X12Y51         LUT6 (Prop_lut6_I2_O)        0.124     7.676 r  acc_out[7]_i_14/O
                         net (fo=3, routed)           1.415     9.092    acc_out[7]_i_14_n_0
    SLICE_X9Y52          LUT5 (Prop_lut5_I2_O)        0.124     9.216 r  acc_out[7]_i_13/O
                         net (fo=3, routed)           0.679     9.894    acc_out[7]_i_13_n_0
    SLICE_X9Y52          LUT5 (Prop_lut5_I2_O)        0.124    10.018 r  acc_out[11]_i_14/O
                         net (fo=3, routed)           0.810    10.828    acc_out[11]_i_14_n_0
    SLICE_X9Y53          LUT5 (Prop_lut5_I2_O)        0.124    10.952 r  acc_out[11]_i_13/O
                         net (fo=3, routed)           0.677    11.629    acc_out[11]_i_13_n_0
    SLICE_X9Y53          LUT5 (Prop_lut5_I2_O)        0.124    11.753 r  acc_out[15]_i_14/O
                         net (fo=3, routed)           0.320    12.073    acc_out[15]_i_14_n_0
    SLICE_X9Y54          LUT5 (Prop_lut5_I2_O)        0.124    12.197 r  acc_out[15]_i_13/O
                         net (fo=3, routed)           0.677    12.874    acc_out[15]_i_13_n_0
    SLICE_X9Y54          LUT5 (Prop_lut5_I2_O)        0.124    12.998 r  acc_out[19]_i_14/O
                         net (fo=3, routed)           0.318    13.315    acc_out[19]_i_14_n_0
    SLICE_X9Y55          LUT5 (Prop_lut5_I2_O)        0.124    13.439 r  acc_out[19]_i_13/O
                         net (fo=3, routed)           0.677    14.116    acc_out[19]_i_13_n_0
    SLICE_X9Y55          LUT5 (Prop_lut5_I2_O)        0.124    14.240 r  acc_out[23]_i_14/O
                         net (fo=3, routed)           0.308    14.548    acc_out[23]_i_14_n_0
    SLICE_X9Y56          LUT5 (Prop_lut5_I2_O)        0.124    14.672 r  acc_out[23]_i_13/O
                         net (fo=3, routed)           0.677    15.348    acc_out[23]_i_13_n_0
    SLICE_X9Y56          LUT5 (Prop_lut5_I2_O)        0.124    15.472 r  acc_out[27]_i_14/O
                         net (fo=3, routed)           0.318    15.790    acc_out[27]_i_14_n_0
    SLICE_X9Y57          LUT5 (Prop_lut5_I2_O)        0.124    15.914 r  acc_out[27]_i_13/O
                         net (fo=3, routed)           0.677    16.590    acc_out[27]_i_13_n_0
    SLICE_X9Y57          LUT5 (Prop_lut5_I2_O)        0.124    16.714 r  acc_out[31]_i_14/O
                         net (fo=3, routed)           0.305    17.020    acc_out[31]_i_14_n_0
    SLICE_X9Y58          LUT5 (Prop_lut5_I2_O)        0.124    17.144 r  acc_out[31]_i_13/O
                         net (fo=3, routed)           0.276    17.419    acc_out[31]_i_13_n_0
    SLICE_X9Y58          LUT5 (Prop_lut5_I2_O)        0.124    17.543 r  acc_out[47]_i_14/O
                         net (fo=17, routed)          1.183    18.726    acc_out[47]_i_14_n_0
    SLICE_X11Y59         LUT4 (Prop_lut4_I1_O)        0.124    18.850 r  acc_out[35]_i_7/O
                         net (fo=1, routed)           0.000    18.850    acc_out[35]_i_7_n_0
    SLICE_X11Y59         CARRY4 (Prop_carry4_S[3]_CO[3])
                                                      0.401    19.251 r  acc_out_reg[35]_i_2/CO[3]
                         net (fo=1, routed)           0.000    19.251    acc_out_reg[35]_i_2_n_0
    SLICE_X11Y60         CARRY4 (Prop_carry4_CI_O[1])
                                                      0.334    19.585 r  acc_out_reg[39]_i_2/O[1]
                         net (fo=2, routed)           0.825    20.410    acc_out_reg[39]_i_2_n_6
    SLICE_X10Y59         LUT4 (Prop_lut4_I0_O)        0.303    20.713 r  acc_out[39]_i_5/O
                         net (fo=1, routed)           0.000    20.713    acc_out[39]_i_5_n_0
    SLICE_X10Y59         CARRY4 (Prop_carry4_S[1]_O[3])
                                                      0.643    21.356 r  acc_out_reg[39]_i_1/O[3]
                         net (fo=1, routed)           0.000    21.356    p_2_in[39]
    SLICE_X10Y59         FDRE                                         r  acc_out_reg[39]/D
  -------------------------------------------------------------------    -------------------

                         (clock system_clk rise edge)
                                                      0.000     0.000 r  
                                                      0.000     0.000 r  clk (IN)
                         net (fo=48, unset)           0.924     0.924    clk
    SLICE_X10Y59         FDRE                                         r  acc_out_reg[39]/C

Slack:                    inf
  Source:                 precision_mode
                            (input port)
  Destination:            acc_out_reg[38]/D
                            (rising edge-triggered cell FDRE clocked by system_clk  {rise@0.000ns fall@5.000ns period=10.000ns})
  Path Group:             (none)
  Path Type:              Setup (Max at Slow Process Corner)
  Data Path Delay:        21.291ns  (logic 7.795ns (36.612%)  route 13.496ns (63.388%))
  Logic Levels:           22  (CARRY4=3 DSP48E1=1 LUT3=1 LUT4=2 LUT5=14 LUT6=1)
  Clock Path Skew:        0.924ns (DCD - SCD + CPR)
    Destination Clock Delay (DCD):    0.924ns
    Source Clock Delay      (SCD):    0.000ns
    Clock Pessimism Removal (CPR):    0.000ns
  Clock Uncertainty:      0.025ns  ((TSJ^2 + TIJ^2)^1/2 + DJ) / 2 + PE
    Total System Jitter     (TSJ):    0.050ns
    Total Input Jitter      (TIJ):    0.000ns
    Discrete Jitter          (DJ):    0.000ns
    Phase Error              (PE):    0.000ns

    Location             Delay type                Incr(ns)  Path(ns)    Netlist Resource(s)
  -------------------------------------------------------------------    -------------------
                                                      0.000     0.000 r  precision_mode (IN)
                         net (fo=63, unset)           0.973     0.973    precision_mode
    SLICE_X12Y56         LUT3 (Prop_lut3_I1_O)        0.150     1.123 r  product[3]_i_9/O
                         net (fo=15, routed)          0.836     1.959    product[3]_i_9_n_0
    DSP48_X0Y23          DSP48E1 (Prop_dsp48e1_A[26]_P[0])
                                                      4.045     6.004 r  product[3]/P[0]
                         net (fo=4, routed)           1.548     7.552    product[3]__0[0]
    SLICE_X12Y51         LUT6 (Prop_lut6_I2_O)        0.124     7.676 r  acc_out[7]_i_14/O
                         net (fo=3, routed)           1.415     9.092    acc_out[7]_i_14_n_0
    SLICE_X9Y52          LUT5 (Prop_lut5_I2_O)        0.124     9.216 r  acc_out[7]_i_13/O
                         net (fo=3, routed)           0.679     9.894    acc_out[7]_i_13_n_0
    SLICE_X9Y52          LUT5 (Prop_lut5_I2_O)        0.124    10.018 r  acc_out[11]_i_14/O
                         net (fo=3, routed)           0.810    10.828    acc_out[11]_i_14_n_0
    SLICE_X9Y53          LUT5 (Prop_lut5_I2_O)        0.124    10.952 r  acc_out[11]_i_13/O
                         net (fo=3, routed)           0.677    11.629    acc_out[11]_i_13_n_0
    SLICE_X9Y53          LUT5 (Prop_lut5_I2_O)        0.124    11.753 r  acc_out[15]_i_14/O
                         net (fo=3, routed)           0.320    12.073    acc_out[15]_i_14_n_0
    SLICE_X9Y54          LUT5 (Prop_lut5_I2_O)        0.124    12.197 r  acc_out[15]_i_13/O
                         net (fo=3, routed)           0.677    12.874    acc_out[15]_i_13_n_0
    SLICE_X9Y54          LUT5 (Prop_lut5_I2_O)        0.124    12.998 r  acc_out[19]_i_14/O
                         net (fo=3, routed)           0.318    13.315    acc_out[19]_i_14_n_0
    SLICE_X9Y55          LUT5 (Prop_lut5_I2_O)        0.124    13.439 r  acc_out[19]_i_13/O
                         net (fo=3, routed)           0.677    14.116    acc_out[19]_i_13_n_0
    SLICE_X9Y55          LUT5 (Prop_lut5_I2_O)        0.124    14.240 r  acc_out[23]_i_14/O
                         net (fo=3, routed)           0.308    14.548    acc_out[23]_i_14_n_0
    SLICE_X9Y56          LUT5 (Prop_lut5_I2_O)        0.124    14.672 r  acc_out[23]_i_13/O
                         net (fo=3, routed)           0.677    15.348    acc_out[23]_i_13_n_0
    SLICE_X9Y56          LUT5 (Prop_lut5_I2_O)        0.124    15.472 r  acc_out[27]_i_14/O
                         net (fo=3, routed)           0.318    15.790    acc_out[27]_i_14_n_0
    SLICE_X9Y57          LUT5 (Prop_lut5_I2_O)        0.124    15.914 r  acc_out[27]_i_13/O
                         net (fo=3, routed)           0.677    16.590    acc_out[27]_i_13_n_0
    SLICE_X9Y57          LUT5 (Prop_lut5_I2_O)        0.124    16.714 r  acc_out[31]_i_14/O
                         net (fo=3, routed)           0.305    17.020    acc_out[31]_i_14_n_0
    SLICE_X9Y58          LUT5 (Prop_lut5_I2_O)        0.124    17.144 r  acc_out[31]_i_13/O
                         net (fo=3, routed)           0.276    17.419    acc_out[31]_i_13_n_0
    SLICE_X9Y58          LUT5 (Prop_lut5_I2_O)        0.124    17.543 r  acc_out[47]_i_14/O
                         net (fo=17, routed)          1.183    18.726    acc_out[47]_i_14_n_0
    SLICE_X11Y59         LUT4 (Prop_lut4_I1_O)        0.124    18.850 r  acc_out[35]_i_7/O
                         net (fo=1, routed)           0.000    18.850    acc_out[35]_i_7_n_0
    SLICE_X11Y59         CARRY4 (Prop_carry4_S[3]_CO[3])
                                                      0.401    19.251 r  acc_out_reg[35]_i_2/CO[3]
                         net (fo=1, routed)           0.000    19.251    acc_out_reg[35]_i_2_n_0
    SLICE_X11Y60         CARRY4 (Prop_carry4_CI_O[1])
                                                      0.334    19.585 r  acc_out_reg[39]_i_2/O[1]
                         net (fo=2, routed)           0.825    20.410    acc_out_reg[39]_i_2_n_6
    SLICE_X10Y59         LUT4 (Prop_lut4_I0_O)        0.303    20.713 r  acc_out[39]_i_5/O
                         net (fo=1, routed)           0.000    20.713    acc_out[39]_i_5_n_0
    SLICE_X10Y59         CARRY4 (Prop_carry4_S[1]_O[2])
                                                      0.578    21.291 r  acc_out_reg[39]_i_1/O[2]
                         net (fo=1, routed)           0.000    21.291    p_2_in[38]
    SLICE_X10Y59         FDRE                                         r  acc_out_reg[38]/D
  -------------------------------------------------------------------    -------------------

                         (clock system_clk rise edge)
                                                      0.000     0.000 r  
                                                      0.000     0.000 r  clk (IN)
                         net (fo=48, unset)           0.924     0.924    clk
    SLICE_X10Y59         FDRE                                         r  acc_out_reg[38]/C





